track_id,label,window_start_frame,avg_speed,total_distance,straightness,median_speed,mean_turning_angle,angular_velocity,jump_frequency,speed_15s_mean,speed_15s_max,speed_15s_std,angle_15s_mean,angle_15s_std,jump_15s_max
0,0,0,42.18998305932436,1264.2931590110868,0.18480019300019646,26.80764816241783,36.389059045838145,1091.6717713751445,6.8409343715239155,42.22426595060952,46.02707148549171,3.8028055348821894,36.30641739584402,2.3423640818961466,7.015590200445434
0,0,0,105.31096179106164,3155.818488338814,0.037992372929699154,82.7831504594966,23.603754020295735,708.112620608872,6.206896551724138,105.36110946084689,125.27608286728619,19.9149734064393,23.52233213783546,5.069478896492814,7.149220489977728
0,0,0,105.32444777568384,3156.222618344659,0.0685914819750457,77.854479639902,21.08611779731561,632.5835339194681,6.907675194660735,105.27976362350813,107.80659602921888,2.526832405710742,21.10986409172858,3.698957593682163,7.149220489977728
0,0,0,67.64698420205914,2027.1546265883726,0.1794542066009021,47.299260036493415,31.41277590123122,942.3832770369365,7.10789766407119,67.67121116038847,75.88959505873541,8.218383898346943,31.238305970318063,9.027143754006499,7.082405345211582
0,0,900,42.0860698830862,1261.1792274964835,0.07948164493498994,25.16068361551306,36.839040254676576,1105.1712076402973,8.642936596218021,42.047475607471014,46.02056726832974,3.9730916608587314,36.80936299681247,0.7047308095587859,9.688195991091314
0,0,900,98.35519559200053,2947.377361240283,0.11260288709621306,75.30239040030507,22.46489879070475,673.9469637211424,6.774193548387097,98.40827658906827,111.98216330859246,13.573886719524197,22.48271131886692,0.6646098551335946,7.349665924276169
0,0,900,90.83138633973253,2721.913877313984,0.04489281941925295,63.42570456841428,22.832516147603588,684.9754844281078,7.508342602892102,90.79087337604267,97.20075392021657,6.409880544173909,22.84799467920054,0.3408856181439983,7.817371937639198
0,0,900,58.453269277303754,1751.649636009869,0.11728146642711566,37.33764856013278,29.019500203681424,870.5850061104427,7.308120133481647,58.436064703073605,73.12960938214982,14.693544679076219,29.05302724126433,3.7488192297979097,7.951002227171492
0,0,1800,63.72161584521433,1909.5244214949225,0.2043156012996467,45.2880779013637,23.642872883316603,709.2861864994981,7.174638487208009,63.67270031840755,67.8527006455611,4.180000327153547,23.84538159809476,2.8391878052725303,7.149220489977728
0,0,1800,109.7234749910913,3288.0468005663697,0.14235257673023116,85.99331369356536,23.142539290864416,694.2761787259325,6.807563959955506,109.71620552938444,117.97699497571904,8.260789446334591,23.31964725679834,2.3005504424499996,6.881959910913141
0,0,1800,107.46460052636243,3220.3558624399943,0.1480818048065228,72.3255141703104,23.70999993470583,711.299998041175,7.441601779755284,107.58427157371918,120.69829138988422,13.11401981616504,23.86651758779321,0.9519352343511169,7.616926503340757
0,0,1800,64.00672789098074,1918.0682791330564,0.0453546942362826,44.52246623896794,24.175712031893003,725.2713609567901,6.941045606229144,64.04960843428918,69.7571090201831,5.707500585893908,24.22419141432635,0.4515725293266737,7.216035634743875
0,0,2700,109.48262366352967,3280.829289117106,0.09908206211189238,86.70207609971038,17.252171832971516,517.5651549891455,6.173526140155729,109.47761691681052,115.55607427189942,6.078457355088908,17.269586494889438,0.5844468023398406,6.614699331848552
0,0,2700,77.32156625808771,2317.069602200695,0.12481892561107572,52.6335444369838,32.471983243005475,974.1594972901644,7.341490545050056,77.36798146877189,83.38003053354815,6.012049064776257,33.10444598725633,4.079887756701677,7.951002227171492
0,0,2700,117.14748372217726,3510.5195955412455,0.08207597578388494,73.86155969108746,30.9282618086997,927.8478542609906,8.509454949944383,117.19869743274978,122.88403495041378,5.685337517663989,30.735157210445536,1.0879941223472471,8.351893095768373
0,0,2700,59.54472382493022,1784.3568906204089,0.13525827337444013,34.54692460987033,29.25948537935067,877.7845613805202,7.775305895439377,59.60235887040181,69.37649794987718,9.774139079475368,29.240060621603334,2.4400295765562188,9.420935412026726
0,0,3600,64.98210760805281,1947.2971579879827,0.04200221698849887,38.708138679095285,27.88926707042551,836.6780121127653,8.642936596218021,65.04903239806308,71.2391233520703,6.190090954007211,27.9202248338338,2.5569252663676245,8.485523385300668
0,0,3600,68.4603205052494,2051.5276044739735,0.04185286638116359,37.19274122728765,28.344671856871038,850.3401557061311,8.776418242491658,68.41393476760112,68.42548082824081,0.011546060639680888,28.16749544897258,0.9863049085672895,10.623608017817372
0,0,3600,141.7400178923956,4247.4758695087885,0.04529210366638301,97.52630414406103,26.090895149204922,782.7268544761475,7.875417130144606,141.86187649935505,158.97966945439555,17.117792955040493,27.93727096751963,8.312657740268554,9.821826280623608
0,0,3600,99.40969411571821,2912.7040375905435,0.04434748351451419,70.04470001363596,24.93678182116157,748.1034546348473,6.962457337883959,99.77389034608572,113.01890549662697,13.245015150541242,24.87834514033706,1.179844184510964,8.181818181818182
0,0,4500,83.12462234811039,2490.9678496983743,0.16042264345061186,64.37918918408316,20.93064012724311,627.9192038172931,6.340378197997776,83.18836321483732,87.9019146774124,4.71355146257509,20.847030424479243,2.1611317686002636,6.6815144766147
0,0,4500,108.17797318887176,3241.7332632265234,0.07758839927129837,67.27295147382537,36.80855586725555,1104.2566760176667,7.708565072302559,108.29843863785715,109.58621165256879,1.2877730147116537,36.91434337081563,1.0651207550227682,8.285077951002227
0,0,4500,163.6615462324908,4904.391002100308,0.06505136828803595,142.26011387595597,12.203376273751536,366.101288212546,4.872080088987764,163.67405898290687,167.75841580253166,4.084356819624787,12.21664048598049,2.3299980164171252,5.478841870824054
0,0,5400,72.99016254039572,2187.271870793858,0.1753300577176316,52.848557217770804,21.30749383883215,639.2248151649645,6.607341490545051,73.05009384125316,75.97991900723822,2.929825165985072,21.30680836571225,0.5255960152617973,6.481069042316259
0,0,5400,124.45609049022109,3729.534178356959,0.08831768161601714,85.34406833518184,33.260784507517975,997.8235352255392,8.075639599555062,124.53669898199959,141.42012977192104,16.88343078992144,33.52436382004885,5.819914497654413,7.8841870824053455
0,0,5400,108.46185987489685,3250.2404009177426,0.08665250162244938,82.33401484198419,20.967355607406365,629.0206682221909,6.373748609566185,108.50633677627971,112.82677689655505,4.320440120275343,21.025972103888037,3.035806937559622,7.216035634743875
0,0,6300,69.27173788588594,2075.8430786470485,0.019663485772091992,46.31479245338521,19.7828663442762,593.485990328286,7.374860956618465,69.12731642755546,74.48146376793532,5.3541473403798605,19.83643889618414,2.131033254302592,7.750556792873051
0,0,6300,106.23123475794765,3183.3960015798307,0.1012773766119269,70.29224708316085,24.56624600039252,736.9873800117756,9.377085650723027,106.20934070238386,122.00235149205206,15.793010789668209,24.591007813743047,0.7751168801150161,9.086859688195991
0,0,6300,120.83093754760375,3620.900428509859,0.06333056269714173,87.05170877128177,25.899851733589387,776.9955520076818,6.7074527252502785,120.88407732013306,123.28262416696674,2.398546846833682,25.625109790551505,4.789871222232087,7.616926503340757
0,0,7200,95.8782454250419,2873.151421237089,0.055052280047730204,72.50386196610481,21.979150060940412,659.3745018282124,6.8409343715239155,95.93695707352387,99.47797371719376,3.5410166436698987,21.98064853943274,2.856884437909642,7.015590200445434
0,0,7200,112.32439057116974,3365.9875707827196,0.12399287856430952,89.13181250260983,17.13376781500537,514.0130344501611,6.674082313681869,112.38051286643946,123.60489248822851,11.224379621789055,17.221641040077106,1.1668014995159588,7.082405345211582
0,0,7200,115.96083088447254,3474.9595655046933,0.03290632432106447,89.73410722796584,20.34694660251257,610.408398075377,7.341490545050056,116.08996321285167,132.73311764959274,16.64315443674107,20.374210406762586,0.8556640103082938,7.8841870824053455
0,0,8100,111.60112140543663,3344.313604782917,0.03887582087937885,92.75435299758284,19.302104918895434,579.0631475668631,5.139043381535039,111.72539882348276,125.25123663001153,13.52583780652877,19.260132752399343,3.6347896185620288,5.144766146993319
0,0,8100,120.59899792085537,3613.949971028299,0.10349562984923319,99.98464882170519,16.340127901136626,490.20383703409874,5.205784204671858,120.63108772784443,127.68352758550216,7.052439857657738,16.375896635305505,0.39297785523819595,7.4832962138084635
0,0,8100,129.12845921330972,3869.549494425515,0.04441192379806415,96.15456307425026,23.478492955440473,704.3547886632141,7.341490545050056,129.16728804109192,130.34370067156135,1.1764126304694145,23.697705476226343,8.147387849975193,7.55011135857461
0,0,9000,110.70859436014926,3317.5675443258065,0.05434108709482447,87.93275840095046,18.03535949182327,541.0607847546983,7.041156840934372,110.784381515165,117.31172958942679,6.527348074261795,18.22268660552564,3.787726320238325,8.351893095768373
0,0,9000,139.79295675727744,4189.12893749308,0.09176139391972422,122.18878835637928,13.657677924406737,409.7303377322021,5.672969966629589,139.57427909781174,142.421237880604,2.8469587827922567,13.801867029134602,1.3595867726358515,6.21380846325167
0,0,9000,147.84776441456637,4430.504673623172,0.04015661686582393,114.70518732821058,18.417201484468517,552.5160445340556,5.939933259176864,147.7642808556481,164.56746806319077,16.80318720754265,18.458120000256702,1.100073151025967,6.347438752783964
0,0,9900,75.61019950097513,2265.7856450458885,0.11690454650401516,51.44803203233359,22.1516314495904,664.5489434877121,7.608453837597331,75.63637157505464,103.29230050770644,27.6559289326518,22.270557951723575,5.388517036347556,7.416481069042316
0,0,9900,121.71249098878276,3647.317646630523,0.0599950159549075,101.87683740674272,16.529202730583958,495.8760819175188,5.172413793103448,121.69757918162523,122.88033885235629,1.182759670731052,16.5276979664279,0.20231794393697733,6.013363028953229
0,0,9900,115.17589916819792,1923.4375161089051,0.06390513987080715,86.7041521497069,19.698046561446834,590.9413968434048,7.185628742514971,143.74897134050346,179.55925350498737,35.81028216448391,17.803734015924203,2.409204532587993,7.4832962138084635
0,0,10800,103.54963997750613,3103.037544659267,0.09902306884429124,83.13464981582487,21.64401826132937,649.3205478398812,5.939933259176864,103.64642899804815,109.03289532190618,5.3864663238580235,21.648661423034667,1.2343084500400625,6.881959910913141
0,0,10800,111.45471897434176,3339.9264119311083,0.1411723619113153,89.28566514284454,20.49962357559354,614.9887072678063,6.206896551724138,111.30155030869757,125.42607094789368,14.124520639196106,20.55925874315941,0.5112750045049861,6.347438752783964
0,0,11700,47.77310563830641,1431.6007322945823,0.2152044210447474,30.726210309765616,29.83083193852421,894.9249581557262,7.341490545050056,47.77310726562173,56.04837694541179,8.275269679790057,29.801771937484517,1.7427639893901077,6.6815144766147
0,0,11700,78.94715841467082,2365.783180492969,0.12599347301980549,60.288058519080096,18.91561375365651,567.4684126096953,6.507230255839822,79.01329377235352,83.32114238376268,4.307848611409156,18.945151714906004,1.037778976229939,7.015590200445434
0,0,12600,90.86889983158134,2723.0380316197206,0.0267479786723051,64.70131374245905,20.948882284783057,628.4664685434916,7.241379310344828,90.92469516479744,112.39526049354974,21.470565328752294,20.917010637930275,1.205990034899175,7.750556792873051
0,0,12600,86.06459811498023,2579.0691235122413,0.052319554828398514,65.3401101927448,17.053487906250243,511.60463718750736,6.540600667408231,86.10120989850556,87.0643263003337,0.9631164018281453,17.075990225022448,0.21431107052177722,6.547884187082405
0,0,13500,75.2791330419229,2255.864686822956,0.043126560426094675,54.90081966601407,20.42844905492226,612.8534716476677,7.241379310344828,75.33229873614995,94.01248774917451,18.68018901302456,20.367816804601638,0.540853021054513,6.815144766146993
0,0,13500,81.54872947737934,2443.7435933388006,0.09723697119419414,55.20326077325329,26.09167011237555,782.7501033712665,7.6751946607341495,81.53637701185862,104.14469326865037,22.608316256791756,25.96312690360658,7.403381970996342,7.349665924276169
0,0,14400,103.2544101645644,3094.1904912647806,0.07340894833699721,77.40930176664767,18.26480136013001,547.9440408039004,6.974416017797553,103.29575884634139,128.31037402110002,25.01461517475864,18.279245338147497,1.2490200877507878,6.614699331848552
0,0,14400,77.17853965303554,2312.7835716026316,0.09507442550793614,52.58564442887435,26.236913981120058,787.1074194336018,6.941045606229144,77.25030307005888,82.82190878785156,5.5716057177926785,25.813983237630172,3.8260669525273734,7.349665924276169
0,0,15300,78.4653876546252,2351.3461167169353,0.0817202524319455,58.254098568256204,23.830467114882907,714.9140134464873,7.1412680756396,78.41901967864986,99.31737263170764,20.898352953057778,23.853658949597158,3.2258571889003385,8.017817371937639
0,0,15300,102.23986062127477,3063.7878232842004,0.06131930290759013,73.52203751257042,22.44861684808779,673.4585054426337,7.6751946607341495,102.19035078538397,106.11689247939276,3.9265416940087974,22.54712137885038,3.4535158513942363,8.485523385300668
0,0,16200,46.967250628218764,1407.4519438256225,0.09131089005732594,30.734996339677686,31.232263843624768,936.967915308743,6.774193548387097,46.99616500225039,49.155118426778316,2.158953424527926,31.250004591147807,0.7392833738744908,6.881959910913141
0,0,16200,118.25421399050913,3543.6846125822567,0.054229522296484124,90.15287017061704,20.05518150606256,601.6554451818769,7.2747497219132375,118.35261310976693,121.41402544773925,3.061412337972321,19.86184138031137,0.8157320935151784,7.951002227171492
0,0,17100,79.10284657444592,2370.4486356808957,0.10919331939426001,55.15596069329152,23.316024646827465,699.4807394048239,7.608453837597331,79.15438551550656,89.68423138084968,10.52984586534312,23.389367243357633,2.04932086374561,7.750556792873051
0,0,17100,126.53559898991483,3791.8501163977803,0.06223051094741412,93.49272698985703,23.148367979722366,694.4510393916711,7.241379310344828,126.3445776529616,128.8278575367985,2.483279883836886,23.145171267541834,2.6730788638760714,7.55011135857461
0,0,18000,54.98737171490172,1647.788239056555,0.0933794450019871,32.44996147917477,32.58341761941448,977.5025285824345,8.075639599555062,55.00801638634654,59.93202006734792,4.924003681001377,32.472377066645464,0.14199446625573486,8.552338530066814
0,0,18000,121.5912168523816,3643.6834650097026,0.06297154868546666,96.10541087784888,20.412648572592744,612.3794571777823,6.607341490545051,121.68994829530271,126.85780839048603,5.167860095183315,20.433468330350355,3.5007434513109956,6.614699331848552
0,0,18900,52.533262207771884,1574.2467574928976,0.06445407911548572,35.72394155185037,27.504036743478096,825.1211023043428,6.7074527252502785,52.58140076540687,60.12731215128565,7.545911385878782,27.230584409861798,4.927323570730968,6.748329621380846
0,0,18900,91.41569357722459,2739.4236175308297,0.03923189571074574,62.46487012713539,24.546979326183603,736.4093797855081,7.942157953281424,91.51749279056226,121.52154346153307,30.004050670970816,25.9488477915821,6.668888556824275,10.489977728285078
0,0,19800,39.54499999759726,1185.031833261331,0.12635725010741533,25.9669020100582,22.914673661713227,687.4402098513967,6.340378197997776,39.56951974592111,44.15941134328455,4.58989159736344,22.95238114235059,0.5524496576162772,6.21380846325167
0,0,19800,57.03851359079224,1709.2541239374075,0.11264256518176684,40.5099987657375,29.498174937963743,884.9452481389122,6.273637374860957,57.06289834791653,69.72783801234701,12.664939664430474,29.476177973934412,10.958327361552572,7.349665924276169
0,0,20700,48.3406605163407,1448.6084601396765,0.12326172387656656,34.205262752977134,22.85543784902937,685.663135470881,6.507230255839822,48.325254440472754,50.77589432379069,2.4506398833179333,22.85751281229708,1.7307998522175136,6.748329621380846
0,0,20700,49.10155524232438,1471.4099387616538,0.16142991698328663,32.833214889800814,39.10824890567024,1173.247467170107,6.941045606229144,49.11261955617008,59.76846019617618,10.655840640006097,39.20665005872817,4.733812482161813,7.55011135857461
0,0,21600,41.25731111587428,1236.344089772366,0.14359068092037827,27.464340516386326,26.209551669683332,786.2865500904999,6.540600667408231,41.295570927807326,50.708519132229924,9.412948204422598,26.05670089446796,1.7698958682447685,6.748329621380846
0,0,21600,80.82742221194445,2422.128418951269,0.060902811760210895,56.6587151283902,29.476146434784965,884.2843930435489,7.575083426028922,80.8538296185649,98.54120105371922,17.68737143515431,29.598114032960993,4.628466481545486,8.485523385300668
0,0,22500,88.5436112104058,2653.3568826051605,0.07686606882250083,55.42291944674329,26.405967080021995,792.1790124006596,7.975528364849834,88.60132637671168,102.87040520491162,14.26907882819993,26.389903812424393,0.810014834597883,9.220489977728285
0,0,22500,85.63397226426459,2566.1647021857952,0.029895679432241133,58.50615352251259,30.157803327358234,904.7340998207471,8.476084538375973,85.71977823584211,113.65849147277312,27.938713236931015,30.042476120136385,4.409661188156436,8.552338530066814
0,0,23400,93.17790864112267,2792.231328945643,0.05923054236290303,57.30078533493362,31.53650697718221,946.0952093154661,8.776418242491658,92.77795837118634,95.45901375903841,2.6810553878520693,31.660521550150342,2.7317862855574475,8.953229398663696
0,0,23400,101.93995411946878,3054.800625113414,0.0650334725880014,78.37123196683866,23.98524248386545,719.5572745159633,6.340378197997776,101.85172168523692,119.88844054386662,18.03671885862969,23.858387892811223,4.389655392634589,6.748329621380846
0,0,24300,51.82469573513015,1553.0133821960667,0.10473657899287882,29.870721450945698,32.94756855434953,988.4270566304862,8.275862068965518,51.84031608787235,54.31945182150727,2.479135733634916,32.99579724111018,2.8676139570182606,8.619153674832962
0,0,24300,103.08761421764041,3089.192172721958,0.05540827863881878,77.64148375707414,20.564537775310985,616.9361332593296,7.174638487208009,103.01388285746327,109.6726127656688,6.65872990820553,20.503082990549004,3.699653660557013,7.6837416481069045
0,0,25200,55.77961025933075,1671.5289874379446,0.03184046902960435,38.418745424597304,20.239004274839047,607.1701282451714,6.64071190211346,55.649029092678475,56.80040574180143,1.1513766491229553,20.53077793322857,3.3609245087524435,6.6815144766147
0,0,25200,165.3878945309521,4956.1239061108645,0.01729378568766174,149.79646190748247,16.647092462159367,499.41277386478106,3.3370411568409346,165.32533110220584,180.25042939318405,14.925098290978227,16.65091544685302,1.168629705395456,4.20935412026726
0,0,26100,51.74632864278473,1550.664981662116,0.08469611788592388,34.00735214626442,27.805555484972135,834.1666645491641,7.041156840934372,51.77321038852415,55.23555516479905,3.4623447762749002,27.819361279903596,2.4978167694246185,8.285077951002227
0,0,26100,159.7168943206551,4786.182933142297,0.005296266714197896,144.1455514402021,18.231620411855882,546.9486123556765,3.5372636262513906,159.59408147099157,170.1020097029684,10.50792823197682,18.251970172022602,1.7800139092727303,5.211581291759465
0,0,27000,40.885282344718306,1225.1956275967252,0.08268961720954784,26.442579299304256,26.256074641366464,787.6822392409939,6.874304783092326,40.9172085345867,42.010787774237905,1.0935792396512056,26.293948937317026,3.161272197328305,7.149220489977728
0,0,27000,142.34147723635004,4265.499601182622,0.008637216271191886,120.48651376813912,19.0462080696954,571.386242090862,4.738598442714127,142.2014797820201,150.14908115994933,7.947601377929217,19.05636132465584,2.540711523834725,5.278396436525613
0,0,27900,58.79149074019338,1761.7850058477948,0.0973620289838345,38.16726345967225,22.84713275085619,685.4139825256858,7.741935483870968,58.83031350947741,63.57798347432623,4.747669964848818,22.838048528166027,0.9487592970633365,8.151447661469932
0,0,27900,134.41632634562072,4028.0092461571003,0.015053472164594866,110.79101949165421,20.421110284226877,612.6333085268063,5.539488320355951,134.3419402566631,138.18936882158715,3.8474285649240585,20.431869954251457,0.7199708440723889,5.812917594654788
0,0,28800,56.351439347878326,1688.664799124754,0.1376180916289253,36.4965751817887,25.87943210716249,776.3829632148746,7.575083426028922,56.37944763223008,62.03081062253396,5.651362990303877,25.863589173298617,1.400433808743763,8.21826280623608
0,0,28800,148.30020426818743,4444.062787903349,0.007672471948466984,132.08519977650772,17.59687158700131,527.9061476100394,4.037819799777531,148.40101474259092,156.35817714952276,7.957162406931829,17.73327479906432,2.248678598626885,4.610244988864142
0,0,29700,62.37017323355576,1869.0261912322208,0.09291946314123808,41.58004329002018,21.732738489612352,651.9821546883707,7.441601779755284,62.39390697093711,66.02929904004372,3.6353920691066115,21.759781244118642,0.45854414710584557,7.951002227171492
0,0,29700,85.66613352433136,2567.1284679457967,0.036879416208801453,59.16164297921428,27.697436635427533,830.9230990628257,7.942157953281424,85.74232438702865,134.68333934948078,48.94101496245213,27.70196068446299,9.910787223259454,7.616926503340757
0,0,30600,43.59754162304185,1306.4729973038206,0.12809334948783604,25.598632775991028,30.109699986118095,903.2909995835428,7.575083426028922,43.57946007418227,50.52437428569324,6.944914211510969,30.017843878390835,1.8193999734479789,8.21826280623608
0,0,30600,35.21713826544882,1055.3402433546162,0.18488079009740568,22.19999999999977,33.00182473467039,990.0547420401118,6.807563959955506,35.204006851439416,38.049507722445824,2.8455008710064043,33.034528797834554,5.733318573838705,6.948775055679287
0,0,31500,56.380644316622345,1689.5399746881164,0.09291925905796933,34.090614544181584,20.478130011097893,614.3439003329369,7.741935483870968,56.41846256500406,57.72918649660874,1.3107239316046773,20.49745872010872,2.752753935642154,8.084632516703786
0,0,31500,87.28165286402941,2615.5401974920815,0.03688885820225184,55.78386863601337,26.776692438741843,803.3007731622553,8.509454949944383,87.35098366922988,113.15084670112677,25.79986303189689,26.636916702697256,5.843592558146208,9.086859688195991
0,0,32400,40.57514882407466,1215.9019597614374,0.09123739088461542,24.55056007507906,31.30368449755369,939.1105349266106,7.074527252502781,40.61300587882325,42.60568618205394,1.992680303230685,31.471221824239432,2.335296700813185,7.4832962138084635
0,0,32400,111.12597275715825,3330.074983622843,0.029783393054800364,85.40521061387165,18.38632693591524,551.5898080774572,6.941045606229144,111.19477600899229,122.69910803933537,11.504332030343079,18.50674604630384,2.6641402786377153,7.082405345211582
0,0,33300,54.99530601659851,1648.0260036307354,0.23601317185056772,37.629376821840175,25.462849422587603,763.885482677628,7.10789766407119,55.0338283999543,66.45957475566867,11.42574635571437,25.4997745954972,1.8453186869659408,7.216035634743875
0,0,33300,41.4577287634664,1242.3499386118765,0.07997059355375483,27.059933481070672,44.36233391392872,1330.8700174178616,7.64182424916574,41.32116585047666,43.82357376190903,2.5024079114323747,44.34329263114066,1.4548098968058625,7.817371937639198
0,0,34200,63.26568417281952,1895.8616690454915,0.240033689680353,37.98170612281611,23.928926160806785,717.8677848242036,8.409343715239155,63.32361366645473,68.42619767025658,5.102584003801855,23.95996480064752,1.7234720210704229,8.68596881959911
0,0,34200,81.0485404097029,2428.75459427743,0.05997791045923261,52.95148723123904,30.19105168585342,905.7315505756027,7.441601779755284,81.13879490904554,88.29694144941574,7.15814654037019,30.065679677833757,4.614883914247656,8.084632516703786
0,0,35100,65.99019756335186,1977.5062536484436,0.1679511990951027,43.499999999999794,24.877920939218264,746.3376281765478,7.441601779755284,65.97376479163728,70.69522875577955,4.721463964142266,25.032944930290704,2.2907182198266884,7.750556792873051
0,0,35100,112.83390827506675,3381.256117976167,0.07333950762406233,86.40208330821646,17.000690047882742,510.0207014364822,7.041156840934372,112.70972123276245,116.63721201284734,3.927490780084895,17.011301659463555,1.8347540341910555,6.948775055679287
0,0,36000,88.82250949629433,2661.7145345722874,0.07355648134202776,63.563904851732154,24.58669318891635,737.6007956674904,7.241379310344828,88.65620398474366,92.0186319130147,3.362427928271039,24.51555201247036,3.9343318346234195,7.282850779510023
0,0,36000,95.48542174051529,2861.3798048241083,0.12874672903016215,69.57154590779153,26.141322919370822,784.2396875811247,7.074527252502781,95.55390790106637,112.73779066420317,17.183882763136808,26.224453171275506,5.191521592526724,7.55011135857461
0,0,36900,82.00300555100317,2457.3567330117285,0.13490436231085826,53.76783425059884,23.81163972391438,714.3491917174314,8.476084538375973,82.03576716394903,98.74996273522119,16.714195571272164,23.81009958107665,2.321781681215457,8.151447661469932
0,0,36900,57.323724229509494,1717.8009360776346,0.16376119954444698,31.869264189812927,30.723003083549315,921.6900925064795,8.576195773081201,57.33625373766405,65.08619886163332,7.749945123969265,30.82818980380162,1.8710157541018422,8.953229398663696
0,0,37800,53.93392462639348,1616.219941304258,0.06498447803199837,36.04497191009946,29.88834076743031,896.6502230229094,6.5739710789766415,53.929135251344675,53.9715289242842,0.04239367293952867,30.138248353631244,1.662361050230654,7.416481069042316
0,0,37800,57.61561427493521,1726.547907772225,0.24673750239248665,34.039095170111224,32.51494703197733,975.4484109593199,8.476084538375973,57.40749736301008,67.75389584627432,10.346398483264242,32.57594243371719,1.6630834577510247,8.619153674832962
0,0,38700,49.26048147444247,1476.1724281841261,0.20454256671203808,33.94775397577835,26.997339931868215,809.9201979560465,6.907675194660735,49.27789094707984,58.10000435588207,8.822113408802227,27.041483316666564,1.8500567488531807,7.082405345211582
0,0,38700,102.68504738504903,3077.128586638636,0.1671121365725427,79.40484871845106,22.52341329016318,675.7023987048954,6.941045606229144,102.6642641149099,130.85945072397286,28.195186609062958,22.573665573776122,6.092390104492129,7.4832962138084635
0,0,39600,54.59692550472032,1636.0878676247858,0.2582995934433559,36.816979778359794,30.855492488078042,925.6647746423413,6.740823136818688,54.540887117047895,61.662205897976605,7.121318780928711,30.74023293830623,3.267664716469678,7.282850779510023
0,0,39600,132.24496632887957,3962.9408243220914,0.02957885872068489,119.34571630351776,23.838471937521767,715.1541581256531,5.305895439377086,132.16674691553084,170.9531708845804,38.78642396904955,23.834004669673433,4.223946699489922,7.015590200445434
0,0,40500,50.86256979769713,1524.1816749376571,0.01828895974742361,34.27097897638786,33.63585572167998,1009.0756716503995,6.674082313681869,50.74343213983363,51.21105244141222,0.467620301578588,33.78351192989879,1.9468253465838217,7.149220489977728
0,0,40500,86.62681933280783,2595.917019339808,0.08305556858219246,60.8342009070567,24.241890097283672,727.2567029185101,7.975528364849834,86.71493383095128,106.08403269282418,19.369098861872907,24.23367835050597,4.725838611084701,8.017817371937639
0,0,41400,45.38070340465531,1359.9084120261707,0.18995340354845117,31.705046916853053,37.04348295935728,1111.3044887807184,6.64071190211346,45.38819476658875,47.11133200411086,1.72313723752211,36.95345330395881,3.5514648542523126,6.948775055679287
0,0,41400,100.79774204011508,3020.572336468782,0.07987679221638051,78.08360903544543,20.46476188224763,613.9428564674289,6.273637374860957,100.68888736730264,110.65969003141566,9.970802664113023,20.45768893115975,1.5308514840034864,6.347438752783964
0,0,42300,52.96694906875973,1587.2429070938333,0.2535488717919435,34.64577896367649,32.539928397899246,976.1978519369775,7.174638487208009,52.9800823168159,56.25101256937046,3.2709302525545567,32.53751565861433,1.0972600685863991,7.349665924276169
0,0,42300,124.3769061738711,3727.1612883436705,0.01805356346364409,105.15460046997468,17.687292593158485,530.6187777947545,4.9054505005561735,124.30830917104822,130.24318149352595,5.934872322477723,17.684357094491872,1.6964798246606938,4.944320712694878
0,0,43200,64.67305552072102,1938.035897104273,0.03080059365975338,47.64241807465009,24.503318871434256,735.0995661430276,6.473859844271413,64.64078615306845,68.03952174309373,3.3987355900252822,24.488706068159544,4.449784126162944,6.614699331848552
0,0,43200,110.86772230220636,3322.336078322784,0.06363277341208079,87.07755164219965,21.284755498762213,638.5426649628661,5.939933259176864,110.92895519233244,113.5828177129863,2.653862520653867,21.239487588429153,0.8253312945288407,6.481069042316259
0,0,44100,68.05347128581637,2039.3356895316306,0.25173764129321635,46.93825731745745,28.744720383211245,862.3416114963372,7.4082313681868746,68.07940456295469,70.27170464161206,2.192300078657375,28.73708028363832,3.2133906214000962,7.616926503340757
0,0,44100,77.90591300099076,2334.5805262630233,0.11589952455268858,56.65633239100266,19.909733012073012,597.2919903621905,6.907675194660735,77.99266791524576,87.26861213592456,9.275944220678788,20.040555506569735,2.3434290318542885,7.149220489977728
0,0,45000,70.67204790040539,2117.805702082149,0.09798058661406293,49.26672304913331,29.41853661069223,882.5560983207669,7.074527252502781,70.68458932605336,90.49404385433502,19.809454528281663,29.855824390411534,9.953886267666192,7.082405345211582
0,0,45000,103.04931403882595,3088.044444030151,0.019698969109551722,80.77747210701774,25.885712778319977,776.5713833495994,6.907675194660735,103.00032993847859,109.33327320425231,6.332943265773714,26.730458055893937,6.3631458886532535,7.55011135857461
0,0,45900,72.09984074638695,2160.5918943667293,0.09787947047748984,51.38764442937539,27.424179452458947,822.7253835737685,7.374860956618465,72.08082359883439,77.1076932746158,5.026869675781413,27.522789149788903,2.069603976446267,7.349665924276169
0,0,45900,97.55405476372457,2923.3698410862794,0.15008298570488604,77.2591742125183,20.852184454120735,625.5655336236222,6.073414905450501,97.58601500503454,122.62725516305406,25.04124015801952,20.863397542944,1.1263466099432566,6.414253897550111
0,0,46800,39.99594516184292,1198.545156683226,0.04435861400956049,28.13289889080081,29.97939277556694,899.3817832670082,5.806451612903226,39.99867653157167,42.06053278716308,2.0618562555914153,29.884361914034045,1.9250938305906136,6.881959910913141
0,0,46800,86.71472537217177,2598.5512703194145,0.17270429530371864,65.12280706480674,23.72564655420237,711.7693966260709,6.407119021134594,86.74112659391866,100.30656186764904,13.56543527373038,23.711135410564054,0.3223643184887397,6.146993318485523
0,0,47700,43.25736182897889,1296.2789428084006,0.18981423657500704,30.13171087077529,26.858905072373272,805.7671521711982,6.240266963292548,43.280566177040285,44.71783668389878,1.4372705068584963,26.85085614494898,0.9252527883596287,6.614699331848552
0,0,47700,126.55298291743243,3792.371054759058,0.08983106911814291,108.45238586587327,22.133811626393275,664.0143487917982,6.140155728587319,126.57594346224933,139.96270784710367,13.386764384854345,22.28101203077675,2.132886884219536,8.552338530066814
0,0,48600,33.65415483115339,1008.5028397735634,0.09514000227941084,24.216523284732457,33.140251529257675,994.2075458777301,5.906562847608454,33.672209201539424,35.934995784902675,2.2627865833632494,33.16738774351841,5.226545051869216,6.547884187082405
0,0,48600,56.38462269377899,1689.6591933902437,0.049289917096431046,30.77742679302429,31.066370778772587,931.9911233631777,8.509454949944383,56.41450916291973,60.380863585682135,3.9663544227624037,31.064541517350733,1.3996701126793365,8.619153674832962
0,0,49500,38.37915515596368,1150.0953495070448,0.10605083039815964,27.134664177029215,34.81659487725334,1044.4978463176,6.64071190211346,38.39445464829987,44.290032912392846,5.895578264092972,34.84401244601388,4.250729089782574,6.481069042316259
0,0,49500,117.34498280225604,3516.4379846409392,0.11418365848871079,94.80806927682987,17.512525467945522,525.3757640383657,5.773081201334817,117.40945722504105,119.85242018231094,2.4429629572698914,17.44221119225763,2.1210097304063753,5.679287305122495
0,0,50400,52.89220415545131,1585.0030511916907,0.21695672800030988,29.789259809535768,31.15854113305785,934.7562339917356,8.542825361512792,52.91277706877575,81.47823505004278,28.56545798126703,31.33543509180749,10.49484203108706,7.015590200445434
0,0,50400,108.86766093899425,3262.4009061385277,0.04176251386088905,84.24873886296349,14.813772666331602,444.41317998994805,6.540600667408231,108.93923048765464,113.46569010826012,4.526459620605479,14.84428227219798,0.7186846228393353,6.881959910913141
0,0,51300,115.14084367730042,3450.387282196436,0.07274823500884411,92.34982403881448,18.48555222557665,554.5665667672995,6.340378197997776,115.16266408838797,129.3003351496269,14.137671061238933,18.48443260925537,1.4133886392320374,6.748329621380846
0,0,51300,126.74616111668753,3798.159961463403,0.03355438133157183,105.64473484277114,20.611062867636445,618.3318860290932,5.305895439377086,126.8129841869236,130.81335966738533,4.000375480461727,20.751224430247674,6.283491671245974,5.5456570155902005
0,0,52200,91.9565289666875,2755.630651368402,0.05267056994656665,66.86837817683111,21.37861104646326,641.3583313938977,7.775305895439377,91.96200875135222,124.47994583836038,32.51793708700816,21.422194417851074,6.11144366937878,9.020044543429844
0,0,52200,117.16967075305561,3511.1844668999,0.055404497836655145,89.1020201791191,19.594764687465005,587.8429406239502,7.074527252502781,117.23775661787676,121.83666714277233,4.598910524895565,19.655616027686612,1.9066025337741248,7.4832962138084635
0,0,53100,88.80690472608994,1885.666610350643,0.08905672786119015,66.0061360783977,20.40656545521249,612.1969636563747,7.205651491365777,93.89512483743759,106.01431140468438,12.119186567246786,18.75117795352346,4.02593203098061,7.416481069042316
0,0,53100,44.709373177831594,949.3290238092907,0.17134171959830258,24.928898892650306,27.169824769534557,815.0947430860366,7.2998430141287285,39.17152713199676,52.69447065179619,13.522943519799428,28.553378014377838,3.3790941416909455,8.351893095768373
1,0,0,138.12373884682006,4139.108040776375,0.007130012199037461,119.41733542497172,18.80484900437159,564.1454701311477,4.7719688542825365,138.16411468538075,144.87848001352168,6.714365328140929,18.830870737830327,0.6812711833352871,5.478841870824054
1,0,0,89.26801225019665,2675.0647670975595,0.06369464386220883,62.25343364024323,22.85701233833768,685.7103701501304,7.708565072302559,89.22159855719313,92.57943493610192,3.357836378908786,23.038195668475893,7.620357708754067,8.151447661469932
1,0,0,78.96850852654316,2366.4229721787433,0.09106254660440077,46.676760813064824,35.770362382415975,1073.1108714724794,8.342602892102336,78.99383537964403,83.48423064914758,4.4903952695035585,35.80202545371818,0.9714155551869013,9.086859688195991
1,0,0,44.96080646857158,1347.3255005081953,0.16743392203651752,29.584624384973097,48.00512297932774,1440.1536893798318,7.241379310344828,44.940343050344225,52.92213737490031,7.981794324556084,47.72941315596918,4.8202658038032276,7.349665924276169
1,0,900,128.85101316201445,3861.2353610883665,0.0829424198256763,109.13775698629804,20.133974507915198,604.0192352374561,5.706340378197998,128.82272997936457,143.35632636621017,14.533596386845595,20.230193182865264,2.4803176311451907,7.282850779510023
1,0,900,80.63924982373396,2416.489519717895,0.20332719179314085,55.23422851819378,21.365344132751307,640.9603239825393,7.308120133481647,80.6933149314587,91.08209673432651,10.388781802867811,21.346015484398855,1.160438913309223,8.21826280623608
1,0,900,78.04067965904275,2338.619033782648,0.1105648072727742,51.90346809221875,32.6448350427207,979.345051281621,7.508342602892102,78.08049892893322,96.4722505949842,18.391751666050975,32.87988329275718,5.548471813716295,7.6837416481069045
1,0,900,83.27296361474755,2495.413142988602,0.05369362122456651,58.616806463675545,22.030632654139936,660.918979624198,7.2747497219132375,83.3434020589234,94.0362406578289,10.692838598905503,22.065100372646953,1.4850733507458518,7.282850779510023
1,0,1800,76.77083341932357,2300.565974799063,0.008863404140006663,50.41428369023918,31.54770111510856,946.4310334532569,7.608453837597331,76.63289683876164,95.06698282805765,18.434085989296012,31.58987504906009,3.160656379124532,7.951002227171492
1,0,1800,88.4490825638496,2650.524174163359,0.010023608634185758,63.22815828410544,20.338761045133563,610.1628313540069,6.907675194660735,88.47473360462737,88.67996582969121,0.2052322250638312,20.314397716463034,0.17085925305891791,7.349665924276169
1,0,1800,94.594145514047,2834.6712272376085,0.06935145908316363,65.23258388259418,26.225822878027266,786.774686340818,7.708565072302559,94.64480079600415,100.13885101050491,5.494050214500753,26.133579821643067,0.8409382782565835,8.485523385300668
1,0,1800,106.28429747785917,3184.9861144198458,0.030533645523511514,78.30919486241746,23.14949957693036,694.4849873079108,7.608453837597331,106.35153620400253,111.90758756321505,5.556051359212518,23.12366934072628,1.0407835782032766,8.285077951002227
1,0,2700,91.94167319303398,2755.185473351252,0.16733759524940986,68.71768331368499,23.985354383219438,719.560631496583,6.907675194660735,91.99203448333003,116.85185335832338,24.85981887499336,23.958510012958484,4.4562329836667445,6.748329621380846
1,0,2700,101.65430112586213,3046.2405570716683,0.1098380360660541,77.21431214483563,20.666846420534704,620.005392616041,7.441601779755284,101.64341582094366,127.05786091128797,25.414445090344323,21.411181520630073,6.2820438421755425,7.750556792873051
1,0,2700,76.47275261006455,2291.6334865482677,0.011573702682395517,50.74347248661529,32.37863905119305,971.3591715357916,7.942157953281424,76.5123987407236,78.22661230307376,1.7142135623501602,32.82262836366285,4.741230944344032,7.951002227171492
1,0,2700,96.08021471092142,2879.2037675039455,0.12562352094554588,70.25446605020794,18.804669270805306,564.1400781241592,7.208008898776419,96.06480290505881,103.87450854343177,7.809705638372961,18.827410627624413,0.1425198516447388,7.349665924276169
1,0,3600,86.49745221692689,2592.040318100576,0.10853233647164433,59.18217637093124,25.7177673293634,771.533019880902,8.2091212458287,86.55328517547417,100.75037640479795,14.197091229323767,25.40180721839344,4.769797133366847,9.287305122494432
1,0,3600,110.12207253457767,3299.9914402861777,0.12274976233302716,86.25665191740354,17.60905056099611,528.2715168298834,6.507230255839822,110.01346216581832,112.50060038211318,2.487138216294852,17.584105949557976,1.1284460089457298,6.748329621380846
1,0,3600,97.14123426885581,2910.9989869233796,0.0838815655948031,71.72447281088905,30.37019213520335,911.1057640561005,6.64071190211346,97.24940936269641,103.25101124823914,6.001601885542726,30.478125574761442,5.821210173500061,7.082405345211582
1,0,3600,114.89458523233701,3366.411347307474,0.07039943269414567,89.47899194783062,22.61639155680282,678.4917467040847,7.167235494880546,115.1401647066429,126.84051159553364,11.700346888890742,22.707369242166138,0.9189502079381331,7.349665924276169
1,0,4500,83.00738061987326,2487.4545059088687,0.0943139547752575,60.90664988324264,30.12594984040671,903.7784952122014,7.341490545050056,82.95878346981164,90.73089451364692,7.772111043835288,30.185232579396697,5.444573239934904,7.8841870824053455
1,0,4500,99.84018870964388,2991.8776549989943,0.150070189441061,72.1997229911564,21.079893373973956,632.3968012192186,7.174638487208009,99.74989645275063,115.2704107212559,15.520514268505266,21.38689155007828,5.117950613364982,7.616926503340757
1,0,4500,63.89185948954519,1914.626056036704,0.03523553968910726,43.50000000000193,29.77015097977287,893.1045293931862,7.508342602892102,63.93432274901677,75.59080279877726,11.65648004976049,29.859053884323117,0.37959945044124943,6.6815144766147
1,0,5400,92.18952293474749,2762.612703944599,0.033346696034856314,69.28506332536602,23.852819957548007,715.5845987264403,6.907675194660735,91.98313060367941,101.02922037821635,9.046089774536938,23.8341167352877,1.3622390415932326,6.6815144766147
1,0,5400,107.42293179286833,3219.1071893929543,0.1366386854259647,78.53184067625047,21.183564817757002,635.50694453271,7.474972191323693,107.54255643851741,129.00081416798946,21.458257729472052,21.149883467282194,1.6503861732655363,6.547884187082405
1,0,5400,76.45134569291557,2290.991992597703,0.015527956235348995,56.42632364419998,26.853068290708094,805.5920487212427,6.607341490545051,76.46191904179184,77.40687811589036,0.9449590740985201,26.740656512830302,0.2123611669423262,7.282850779510023
1,0,6300,105.38907362831516,3158.1592397285103,0.04449632695775268,79.70407768740567,26.789876886528965,803.696306595869,7.208008898776419,105.30828931563858,106.19815719850736,0.8898678828687778,26.81612516145319,2.199619482561488,7.6837416481069045
1,0,6300,137.1441371291572,4109.752642637077,0.027971475943244704,117.65202930676527,15.897786929974975,476.9336078992492,5.139043381535039,137.0359243583001,141.58506190167074,4.549137543370648,15.898207325076253,0.6519333918553158,4.944320712694878
1,0,6300,103.32772093446219,3096.387370669384,0.016371640005625493,68.74190861476049,25.15204750888783,754.561425266635,7.64182424916574,103.35905274522759,131.68450135968934,28.32544861446175,24.98600531675988,5.329335353137992,7.817371937639198
1,0,7200,49.13616102511536,1472.4469587192903,0.013827631750376082,26.004999519323555,38.23825312359597,1147.147593707879,9.243604004449388,49.18020360177451,52.069760801173466,2.889557199398954,38.07045435914585,4.976712071788583,9.220489977728285
1,0,7200,131.52434941693193,3941.346337527394,0.051020068013451964,112.5899640287712,19.57100736701104,587.1302210103311,5.372636262513905,131.6704789819842,132.84150647826235,1.1710274962781568,19.46496046233792,0.39509696239277936,6.414253897550111
1,0,7200,203.29966610895525,6092.213327731693,0.0031122014490806513,185.0185396115741,13.322707895801168,399.68123687403505,2.636262513904338,203.35397369581483,205.16384443283178,1.8098707370169507,13.3060509274272,0.5401681425013791,3.34075723830735
1,0,8100,74.06819568224235,2219.5769306111956,0.03525502387896259,49.684202720785095,25.927100871969532,777.813026159086,8.17575083426029,74.11940027252017,84.40845367290638,10.289053400386209,25.937533398588982,1.956546380506337,7.817371937639198
1,0,8100,113.02736659641602,3387.0534190059334,0.11476727236965314,91.96357974763583,23.086051288160714,692.5815386448215,6.407119021134594,113.07338536721794,116.39306121097157,3.319675843753629,23.00276115852423,2.2104896766291677,7.216035634743875
1,0,8100,131.06409825160023,3927.5541442729536,0.04701939404656196,108.43454246687237,16.621572627136192,498.6471788140858,5.973303670745273,131.16190883119123,134.60120511277842,3.4392962815871826,16.605084660750315,0.03154651592694613,6.013363028953229
1,0,9000,65.30498429000204,1956.9726958903948,0.07441512551915139,45.04597651289219,21.08000308106136,632.4000924318409,6.974416017797553,65.35313935984279,67.25277639340186,1.8996370335590775,21.10492107507146,1.6871056229281773,7.4832962138084635
1,0,9000,89.36670808515197,2678.022352285054,0.11058239799935256,63.643145742493175,26.087240550018173,782.6172165005452,7.8086763070077865,89.37331047585309,100.895533538382,11.522223062528909,26.16509084208299,4.774056731518483,7.817371937639198
1,0,9000,99.87180614923398,2992.825124272045,0.08134391349787247,73.77133589680953,24.179866873792292,725.3960062137686,6.774193548387097,99.96381624648015,112.82137083048907,12.857554584008923,24.191346079521146,1.0022323263107875,7.082405345211582
1,0,9900,87.03388334957778,2608.1153710423473,0.015671658665815814,65.36765255078328,23.581999461063212,707.4599838318965,6.941045606229144,87.05004166037065,100.36966346404472,13.319621803674075,23.507507495708577,3.7429352654838617,7.282850779510023
1,0,9900,102.83846961106944,3081.7261393450476,0.032695063881439036,79.13633805022765,20.43271670103447,612.981501031034,7.041156840934372,102.90350524370194,103.85708417712726,0.9535789334253266,20.468461371843937,0.21676398835447053,7.416481069042316
1,0,9900,136.49390279032306,2279.448176598395,0.21543715587039974,105.55908298199685,18.509125571705674,555.2737671511703,7.065868263473054,121.67387378049656,140.28623859576587,18.61236481526931,20.341757543098986,2.4127958923584085,7.015590200445434
1,0,10800,68.26504067223802,2045.6757188113993,0.10492266280437677,46.19999999999891,31.727883322963127,951.8364996888938,7.975528364849834,68.34105964848773,77.52957357084182,9.188513922354087,31.653517016185464,5.901980528809016,8.151447661469932
1,0,10800,90.1299360050944,2700.8937489526616,0.11158280422395431,61.759938471471294,28.03840729197334,841.1522187592002,8.375973303670746,90.11183270410162,90.1583526301803,0.04651992607868749,28.101017556792208,1.5617321026434556,8.752783964365255
1,0,11700,44.28300875827244,1327.0141624562305,0.030515794165173016,25.73888109456232,33.60803323146286,1008.2409969438859,8.109010011123472,44.325172152916714,52.42920100065037,8.104028847733659,33.69949009423341,3.2313237009082165,8.21826280623608
1,0,11700,93.65185913392126,2806.4340453798404,0.12171816190345502,69.88712327746998,27.66699944431293,830.0099833293878,7.374860956618465,93.69826079180592,107.64576186278208,13.947501070976152,27.699391980134912,4.096193986528162,7.6837416481069045
1,0,12600,63.9477158555649,1916.2998851384282,0.17660612595379022,43.57441910111787,27.191017512265354,815.7305253679608,7.608453837597331,63.93920052463828,83.10324882309872,19.164048298460447,27.105314742999443,4.759809881899699,8.21826280623608
1,0,12600,104.98087169473145,3145.9267884521196,0.057553343434946946,84.84273687240429,23.68215119441798,710.4645358325394,6.273637374860957,104.93517774292073,129.9964671599831,25.06128941706237,23.84415100129646,4.954326248302211,7.750556792873051
1,0,13500,53.716528979888885,1609.70531843067,0.06825119030924592,35.48126266073422,33.532865682168264,1005.9859704650478,7.1412680756396,53.48093936048164,55.671712860783074,2.1907735003014324,33.57973063335357,0.41957019626474334,8.41870824053452
1,0,13500,94.57647481113925,2834.1416951738065,0.11144598057627847,69.10817607201228,24.735933804637245,742.0780141391174,7.508342602892102,94.62332961924088,95.56939133611407,0.9460617168731815,24.74073790210431,0.6920326468220992,7.55011135857461
1,0,14400,83.39965873998263,2499.209773574813,0.1214495105784422,60.90073891177384,21.346408816957624,640.3922645087288,6.874304783092326,83.43640569531755,87.62406352444071,4.187657829123175,21.248037911556672,3.7287884846734602,7.416481069042316
1,0,14400,95.39997675220172,2858.8193033409784,0.03188468075780937,69.74983870949141,22.029015480787958,660.870464423639,7.341490545050056,95.43536275663382,100.36085412166611,4.925491365032286,21.976458240205794,2.3134924351088397,7.750556792873051
1,0,15300,87.96505556370951,2636.0194983924957,0.02941385467741183,56.71825103086291,26.995342808935693,809.8602842680706,8.909899888765295,88.05612504825883,117.24198938321082,29.185864334951987,26.80284130258518,5.513014974946925,8.084632516703786
1,0,15300,101.25117956459137,3034.1603476189202,0.06280503914454785,77.72837319795363,24.193690169647258,725.8107050894176,6.674082313681869,101.24236412958442,115.08519852473071,13.84283439514629,24.20595866607873,0.25893896795877325,6.146993318485523
1,0,16200,82.78632004635145,2480.8300573889987,0.04854678583949307,57.67026963696235,29.09867139900164,872.9601419700492,7.241379310344828,82.87850971232733,87.5206238170783,4.6421141047509735,29.04785751623535,4.827318862797366,9.354120267260578
1,0,16200,153.94780149182006,4613.302451371541,0.044400785640697445,141.03605921890937,15.358706414304558,460.76119242913677,3.170189098998888,153.95936262019688,180.50322248141694,26.543859861220064,15.346901359078863,3.167959786389342,5.077951002227172
1,0,17100,61.421235698297835,1840.5896964256585,0.10108004714119972,41.72696969586954,31.489245683840476,944.6773705152142,7.007786429365963,61.433221186995745,70.37479799111198,8.941576804116231,31.544775149360497,0.6357832766144416,8.819599109131403
1,0,17100,148.56998701921913,4452.147277675933,0.018193538790388906,134.78549625237724,17.09810418444692,512.9431255334075,3.5706340378198,148.5781707497278,162.41089338574693,13.832722636019113,17.13860057920666,1.3664993354179717,3.9420935412026727
1,0,18000,78.51752427141273,2352.908477333335,0.12893375629984236,59.16772769001578,24.60668913288109,738.2006739864327,6.774193548387097,78.41540945803465,86.46895510706436,8.053545649029715,24.76115384333972,5.013457812265587,7.750556792873051
1,0,18000,181.10734220005546,5427.183354594995,0.018214555580566907,174.9285568453605,14.114616621432589,423.4384986429778,1.1012235817575085,181.22054175961588,186.2980882746749,5.077546515059026,14.07999118043199,3.104896060007741,1.4031180400890868
1,0,18900,92.82429673924764,2781.6347589527877,0.01969546803233673,67.61989352254166,22.39971113144368,671.9913339433105,7.64182424916574,92.65121250113225,98.29609729991677,5.644884798784524,22.37091763175613,0.334574938021019,7.951002227171492
1,0,18900,131.1377431307621,3929.761035818504,0.05836039159908892,113.36864645924031,19.247722658519915,577.4316797555973,4.57174638487208,131.20466729018074,135.38816105022926,4.183493760048506,19.24739268566815,1.3837764412133744,5.077951002227172
1,0,19800,65.14801259187246,1952.2687773364446,0.0816967081264691,45.73007762949888,28.954845771728078,868.6453731518424,6.507230255839822,65.22056049008168,74.06893341832537,8.848372928243695,29.014721581559314,1.7791669206997067,7.416481069042316
1,0,19800,119.2907864228742,3574.747233138797,0.11506503676976451,98.90540935661726,18.76429098684052,562.9287296052155,5.672969966629589,119.29110158274892,125.16584776294091,5.874746180191998,18.838550829836592,2.8996774572760735,5.5456570155902005
1,0,20700,85.84053960995612,2572.354836978352,0.031949327506093896,63.86266514952285,22.942542898101898,688.2762869430569,6.807563959955506,85.9182238278515,91.65702005689832,5.738796229046812,22.949980015023154,1.2348447971863799,7.216035634743875
1,0,20700,105.53962306197216,3162.6707044237655,0.04184856352312927,80.07527708350341,20.882446802654595,626.4734040796378,6.774193548387097,105.39644081782848,113.23292329830294,7.836482480474459,20.981092796327324,1.4439888608795268,6.948775055679287
1,0,21600,67.07679993176446,2010.0681046218747,0.026037094158130065,43.20833252973129,28.184623426637135,845.538702799114,7.842046718576197,67.02338735158503,76.33144448690565,9.308057135320627,28.232594638290813,2.013605149811182,8.619153674832962
1,0,21600,118.16990552247115,3541.1581688233855,0.06759531527158723,86.21647174409402,21.335265444840886,640.0579633452264,7.374860956618465,118.30149784487925,125.31510352562096,7.013605680741705,21.336884156978517,0.038417434733204914,8.151447661469932
1,0,22500,71.18808068248983,2133.2694844519456,0.07013692026810715,51.503980428703194,28.60663271708454,858.1989815125362,7.074527252502781,71.23302122064226,83.9861812980144,12.75316007737215,28.79318569519087,7.543844466231057,7.8841870824053455
1,0,22500,74.3215441768897,2227.1689405007946,0.11375096935716257,50.07843847405783,26.611200492264572,798.3360147679372,7.374860956618465,74.38350617698504,82.74071185072135,8.357205673736317,27.4951984707302,5.663916633055038,8.285077951002227
1,0,23400,62.117904056786955,1861.4665249017155,0.11458603881320065,38.86708118704115,34.79436770755241,1043.8310312265723,7.741935483870968,62.18273468491255,65.16876475317763,2.986030068265073,34.7457046645538,2.0964197316291617,7.8841870824053455
1,0,23400,108.99029587978369,3266.0758665308513,0.15077773996726998,84.14826201413686,20.272391936278186,608.1717580883457,6.874304783092326,109.06114973754676,118.1880670325935,9.126917295046738,20.562318034159567,4.351629167859386,7.616926503340757
1,0,24300,48.7214755520643,1460.02021737686,0.27273328959236787,32.00312484742709,39.97426462603438,1199.2279387810315,7.308120133481647,48.764019367951036,57.46107434834078,8.697054980389748,39.88405921479033,5.830855417297901,8.21826280623608
1,0,24300,136.60689786451994,4093.6533726734474,0.026128070912105634,116.73045875006217,16.378869092395984,491.36607277187954,5.372636262513905,136.66913822477227,143.5494772270644,6.880339002292104,16.148931099496554,1.7276698932903836,7.015590200445434
1,0,25200,31.707316929822667,950.1625973303526,0.1995779673167853,20.534117950379873,44.494544558531345,1334.8363367559402,7.1412680756396,31.73557841088826,34.38288694218889,2.647308531300631,44.226643331651026,2.6478100397787117,7.817371937639198
1,0,25200,110.547943325053,3312.7533683074225,0.06725237427968468,88.56099592935792,24.07611221930258,722.2833665790774,6.473859844271413,110.39562504408674,153.55962229465987,43.16399725057313,24.116508193838232,7.3490301279825125,7.616926503340757
1,0,26100,39.4703070422728,1182.7935343667746,0.2966589231501231,21.908217636312255,43.11647892776009,1293.4943678328027,8.442714126807564,39.39425347098022,48.58443476485328,9.190181293873062,43.05074016484146,3.0339855742820667,8.88641425389755
1,0,26100,146.8297676759275,4399.998704688627,0.01310692686834583,140.8045453811782,27.536997764730827,826.1099329419249,3.6040044493882095,146.86681795260031,161.94101555984486,15.074197607244542,27.2993912999078,5.501568567633729,5.7461024498886415
1,0,27000,61.777501733458195,1851.265801945964,0.1329803070341067,34.91360766234337,35.10127147183077,1053.0381441549232,8.976640711902114,61.798482584396616,79.47378230389046,17.675299719493843,35.105934768485696,3.0212605528553773,7.8841870824053455
1,0,27000,129.15762901987236,3870.4236162955085,0.062497438749860704,107.79689234852826,23.1248000297824,693.7440008934719,5.8731924360400445,129.14994097484933,135.55443657975718,6.404495604907851,23.248312405781945,6.0637100401230715,6.414253897550111
1,0,27900,71.30140803034858,2136.6655273094457,0.11134738351695483,50.98676298805361,28.60941639890792,858.2824919672377,7.1412680756396,71.36243106039645,76.41895272322894,5.056521662832495,28.54815275716558,1.8611937700335215,7.282850779510023
1,0,27900,91.09311339852101,2729.756964842347,0.11939145541447585,65.14422460970616,25.366461979723677,760.9938593917103,7.575083426028922,90.804064025714,113.37665532371568,22.572591298001683,25.541881331253457,3.78429743660522,7.4832962138084635
1,0,28800,65.17384934812618,1953.0430187988484,0.1312834707237109,45.38634155778579,34.200814039415484,1026.0244211824645,7.508342602892102,65.21640192043367,68.65572851407615,3.439326593642484,34.19747896135489,0.7904643050337619,7.6837416481069045
1,0,28800,98.71225306649417,2958.0771835592755,0.019100658204514932,77.42673956715446,24.628136625882636,738.844098776479,6.240266963292548,98.6440566690357,99.99041076476517,1.3463540957294668,24.596912061755262,1.2402100742539108,6.6815144766147
1,0,29700,77.28655232003484,2316.0203511903774,0.05966163668558011,56.95261188040619,28.764753351796575,862.9426005538973,6.974416017797553,77.34195344775645,78.43920347667546,1.0972500289189995,28.8073580190791,1.3842947200597884,7.015590200445434
1,0,29700,120.30681040660033,3605.1940851844565,0.03212736643121689,96.31168153448453,19.613173926200496,588.3952177860148,6.407119021134594,120.29198696359555,144.27880503825963,23.986818074664086,19.675530325484537,3.9296259433166423,8.88641425389755
1,0,30600,58.567828805848386,1755.0826032152568,0.0977983797800214,40.120443666541235,40.07511083173197,1202.2533249519593,7.508342602892102,58.49221964329535,63.83971862621241,5.34749898291706,40.12777958208902,0.41260127699687743,7.416481069042316
1,0,30600,100.42059619643992,3009.2705326866494,0.13990292356769202,70.25190388879251,21.40806350995783,642.2419052987349,8.67630700778643,100.32056934272417,126.69057211693813,26.370002774213958,21.895553283536593,2.8975659578885598,10.623608017817372
1,0,31500,70.50427054565297,2112.7779740180677,0.10696566251323551,50.50346522764617,34.603835130431094,1038.1150539129328,7.074527252502781,70.46819074026419,75.90388010682165,5.435689366557462,34.642258811638214,2.3909477528025533,7.349665924276169
1,0,31500,93.6420211662465,2806.1392342818526,0.05584844031670733,68.68624316411629,17.815894526153336,534.4768357846001,6.807563959955506,93.61419470690254,106.46362214937577,12.849427442473228,17.83973952820355,3.711015168338837,6.948775055679287
1,0,32400,73.27894392210145,2195.925686198974,0.10379747628121781,49.70321921163685,32.44548529121268,973.3645587363804,7.508342602892102,73.32311491734987,79.0241209035116,5.701005986161732,32.24982090486088,1.3227432313765384,7.817371937639198
1,0,32400,81.34570453549976,2437.6596125804763,0.10421788475940948,58.65978179297938,26.495105396975482,794.8531619092645,7.007786429365963,81.43628995257717,81.90051328186891,0.46422332929174814,26.456661197107227,1.0971383193172741,7.349665924276169
1,0,33300,75.28034300661473,2255.9009454315546,0.07324777570260198,52.49314240927278,25.44368224049352,763.3104672148055,7.341490545050056,75.30944990944344,79.07740542480191,3.767955515358466,25.418165759843376,1.3449792803995368,7.416481069042316
1,0,33300,74.19239046521196,2223.298634274185,0.11298980377958831,53.100847450864514,25.82335125054757,774.7005375164272,6.807563959955506,74.13804511821031,79.93288705165203,5.794841933441717,26.353922568596282,6.4140035713384265,7.149220489977728
1,0,34200,63.5136492791745,1903.2923567325956,0.15813653583280932,41.57138438878409,30.28928078639959,908.6784235919876,7.474972191323693,63.557651115788275,64.28087214470577,0.7232210289174894,30.239719523053793,1.9516933165453167,8.351893095768373
1,0,34200,115.97265439375819,3475.3138766662873,0.10200746413243832,93.30192924050432,15.210394082218759,456.3118224665627,5.672969966629589,115.63824565462323,119.95069340917449,4.3124477545512505,15.242674826505496,2.7398605084343624,5.9465478841870825
1,0,35100,62.75445135302199,1880.5417255455588,0.13786469184003253,43.73831272465735,38.722562615665574,1161.6768784699673,7.174638487208009,62.79251058204555,64.60038937247268,1.8078787904271287,38.731432252643316,0.21394031298930116,7.6837416481069045
1,0,35100,127.91248269938673,3833.1107315582885,0.03479392124281773,105.61107896428194,18.846954802152705,565.408644064581,5.239154616240267,127.79332180623273,129.7602508338866,1.966929027653876,18.89671364191682,1.2094000265815108,6.013363028953229
1,0,36000,82.36967019303655,2468.344450117995,0.10500657033483247,59.07562949304824,27.190179245341163,815.7053773602349,7.007786429365963,82.4313624946827,93.23085907754847,10.799496582865771,27.04274196539951,5.777197471912029,7.282850779510023
1,0,36000,80.75996106294319,2420.106833186198,0.13868139066725702,54.3604635741825,23.45471905940305,703.6415717820915,8.042269187986653,80.2796097217039,91.06789530258553,10.78828558088162,23.536723835727003,4.214744493678602,8.285077951002227
1,0,36900,57.164809080748505,1713.0387787864302,0.17719798851320862,34.36800837988784,29.056838547121735,871.705156413652,8.309232480533927,57.11310875844521,66.06607692766003,8.952968169214824,29.097398462085966,1.169656988553367,7.951002227171492
1,0,36900,56.11513180155756,1681.5834496533416,0.29596441236564125,36.67492331280213,26.289449175255754,788.6834752576727,7.4082313681868746,56.15862837986191,58.97361444450081,2.814986064638905,26.266617834634925,1.8290773907608546,7.951002227171492
1,0,37800,61.20733411764096,1834.1797790586404,0.1328906731936856,40.1069819358147,26.452246370016628,793.5673911004988,7.942157953281424,61.22729759214736,73.74055733421365,12.513259742066289,26.55082021013658,2.4037123262738262,7.416481069042316
1,0,37800,75.87436047538829,2273.7016689124694,0.08092208202492389,53.552310874509,20.166359595771688,604.9907878731507,7.074527252502781,75.89463924327345,78.59394884292718,2.6993095996537306,20.13321313969511,1.8488291048735643,7.4832962138084635
1,0,38700,65.45570759016564,1961.489370785297,0.011164637273660476,44.97999555357805,32.07302540144981,962.1907620434944,7.4082313681868746,65.50560750881738,67.88626136896512,2.3806538601477385,32.092109716947796,1.7512516541577785,8.285077951002227
1,0,38700,88.30048050171092,2646.0710657012705,0.11945055115596935,70.20000000000095,25.469920246265424,764.0976073879627,6.7074527252502785,88.1394411422853,112.365976501077,24.22653535879169,25.603678490387622,2.7503246247086413,7.282850779510023
1,0,39600,70.78613106418688,2121.2243942234663,0.10553648512660987,39.231237553765666,38.71386402300561,1161.4159206901684,8.109010011123472,70.81745173488638,97.04215107314737,26.224699338260994,38.70365457869927,2.1887107256522036,8.88641425389755
1,0,39600,147.91163214120542,4432.418576498123,0.014857206720746164,132.13765549607623,18.434142072342684,553.0242621702806,3.470522803114572,147.76416321965917,151.12143426994066,3.357271050281497,18.456576312840042,1.5800767383920176,3.7416481069042318
1,0,40500,88.67269676668305,2657.225146441602,0.0694773372761198,64.49441836314112,26.380351506479844,791.4105451943954,7.575083426028922,88.48710980679463,101.66051439034996,13.173404583555325,26.448488718316533,5.453577266497518,7.8841870824053455
1,0,40500,113.10039258058207,3389.241764331443,0.03882191449199031,90.3274044794832,20.07856103252914,602.3568309758742,6.440489432703004,113.13845161400565,140.3618084624739,27.223356848468264,20.207273557156626,4.084780018182402,7.55011135857461
1,0,41400,76.88203621158166,2303.898351807064,0.08808070145056147,55.31808022699228,26.746268777001937,802.3880633100581,7.241379310344828,76.92574208707948,80.36543196901069,3.4396898819312014,26.76568050442041,0.34925457227650014,8.017817371937639
1,0,41400,78.49571039102804,2352.25478805114,0.2236575871269161,51.705415577093945,27.246185631061525,817.3855689318459,8.809788654060068,78.50945252743367,100.67193250297771,22.162479975544045,26.943997414597682,6.512151855994418,8.285077951002227
1,0,42300,62.41601688531149,1870.3999726631675,0.1360410792376552,39.31030399272164,31.043321306101728,931.2996391830519,8.008898776418244,62.45336432135007,76.5136051064306,14.06024078508053,30.962504276047078,5.6240576563110505,8.017817371937639
1,0,42300,45.86609429524889,1374.453959047625,0.3055505885913212,27.128029784706143,35.255115437240676,1057.6534631172203,8.008898776418244,45.89661699925436,56.97163062837828,11.075013629123916,35.23906541491961,2.8854021279297406,7.750556792873051
1,0,43200,77.58494477279473,2324.962178358082,0.18629409130313482,50.04338118073183,26.256419440639828,787.6925832191948,8.442714126807564,77.42495422406412,83.62486411470664,6.199909890642509,26.37517261696551,2.5100512228715672,8.953229398663696
1,0,43200,56.77711753260768,1701.4209553938103,0.0856365274676131,31.740510392872075,36.543032807395434,1096.2909842218633,8.876529477196886,56.71651198500821,76.06713667460039,19.35062468959218,36.600168015900294,5.4454008689459705,8.485523385300668
1,0,44100,78.48437353822058,2351.915060362011,0.14141667235725464,54.3530127959801,22.12434270257319,663.7302810771957,8.042269187986653,78.53965787841358,85.07724604994056,6.537588171526977,22.135380175545052,1.6601194207387664,8.017817371937639
1,0,44100,55.537112679144954,1664.2621432850437,0.19150894144940833,38.00894631530824,33.3800168497559,1001.400505492677,6.974416017797553,55.544405383798065,68.88897593569608,13.34457055189802,34.017507453253,8.938922582211195,8.151447661469932
1,0,45000,67.17758115638229,2013.0881819862561,0.0890676060125377,44.678854058715416,27.00730803738537,810.2192411215614,7.575083426028922,67.12196691482032,79.37101379621949,12.249046881399174,27.128847060529345,3.736070784982175,7.4832962138084635
1,0,45000,44.08169399604296,1320.9814300814207,0.15292757435226054,27.867723265454377,38.111901298938655,1143.3570389681597,7.241379310344828,44.11693974702624,47.66120582141911,3.544266074392869,38.072661970023184,0.2301339236742166,7.216035634743875
1,0,45900,54.496861256012934,1633.0892756385206,0.3065516211425469,32.8441775661992,32.074285213839794,962.2285564151939,8.576195773081201,54.55385819693815,57.5248323631201,2.970974166181943,32.04730845303074,3.9717380670380766,8.752783964365255
1,0,45900,48.463953338764625,1452.303135051647,0.07831903435224846,31.19999999999976,39.09260651953769,1172.7781955861306,7.074527252502781,48.4990416549758,56.02008390317949,7.521042248203692,38.944716202025134,3.537701433496352,7.750556792873051
1,0,46800,72.92639824702538,2185.3610674691945,0.16241225967926393,52.458841008927706,25.683398174143065,770.501945224292,7.174638487208009,72.97350612884567,73.69339440252546,0.7198882736797856,25.571115259416178,2.718864495631692,7.416481069042316
1,0,46800,65.81173305578936,1972.1582672384882,0.034698214802528396,41.80346875559491,32.396997317939174,971.9099195381752,7.942157953281424,65.82948204687261,67.2932539182052,1.4637718713325754,32.40378492176139,1.017797903071168,8.017817371937639
1,0,47700,78.88313112094959,2363.8644959244557,0.1755299162721219,57.02210097848001,21.996894692884812,659.9068407865445,7.508342602892102,78.95943533197124,79.8112639140446,0.8518285820733666,22.017060070981906,0.20715350537634158,7.750556792873051
1,0,47700,56.88739010285492,1704.7254567488858,0.0471795819976941,38.704650883322984,30.484513390169653,914.5354017050898,7.041156840934372,56.93325189273119,59.85178879229871,2.918536899567524,30.301410859256823,4.067060138591106,7.216035634743875
1,0,48600,51.68574237369549,1548.8494131317416,0.09302023431443428,30.50131144721375,29.44835490313477,883.4506470940432,7.942157953281424,51.71420167043068,52.99138726630535,1.2771855958746734,29.469197663464374,2.3658124122797233,8.017817371937639
1,0,48600,64.264479886822,1925.7922472750993,0.06659942136633595,38.58937677651715,33.563392891711025,1006.9017867513307,8.309232480533927,64.31538245316003,81.45753824828455,17.142155795124527,33.61663474668194,8.919844668669928,8.017817371937639
1,0,49500,97.78966284906197,2930.430230043557,0.12565019365770794,75.26712429739844,19.61196413424205,588.3589240272615,6.64071190211346,97.7555611744674,101.4417372200729,3.6861760456054924,19.740737791013437,4.855491632034608,7.6837416481069045
1,0,49500,106.45025261462168,3189.959236684829,0.036713222636644324,80.62022078858405,19.743064975292526,592.2919492587758,6.64071190211346,106.48570522812008,129.59807601239677,23.112370784276692,19.73784173357898,5.369821934278968,6.280623608017818
1,0,50400,56.36931599144174,1689.2005025435376,0.21904229493065938,32.512305362738516,29.064593331447675,871.9377999434303,8.509454949944383,56.41744578185483,65.64613150213438,9.22868572027955,28.12830162009815,4.39457282722921,8.68596881959911
1,0,50400,72.56617135555695,2174.56626828819,0.08293096651743803,44.904899509964615,34.05346196460485,1021.6038589381454,7.842046718576197,72.55562022425212,72.78447512146579,0.22885489721366525,33.880447041483976,1.1871785253020697,8.41870824053452
1,0,51300,39.10940716950525,1171.9785681795074,0.32229636633455533,26.807648162418328,35.99288509222901,1079.7865527668705,6.206896551724138,39.119491195877444,41.227537371407266,2.108046175529825,36.02812932296189,0.9742511106012977,6.280623608017818
1,0,51300,76.68794568763724,2298.082105772862,0.10423333259848486,52.854517309308285,34.7286693167315,1041.860079501945,7.575083426028922,76.71087659690916,81.41411466731222,4.70323807040306,34.4351082607116,6.125945964547915,8.084632516703786
1,0,52200,25.45910313868794,762.9244573893486,0.18207209880929898,18.95943037118971,41.289219437413095,1238.676583122393,5.139043381535039,25.468283208906428,25.62217919404075,0.1538959851343229,41.18495214128906,5.3934667872825734,5.612472160356347
1,0,52200,68.43778125091134,2050.85217815231,0.060008605623237024,46.30507531577937,31.4224287963454,942.6728638903622,7.341490545050056,68.42074775106022,72.5154476266285,4.094699875568274,31.480109963443294,3.392680108205571,8.21826280623608
1,0,53100,27.384251718807956,581.4589448293557,0.13829606592312632,18.650737250843893,43.05214919842366,1291.5644759527097,6.499215070643642,27.954285799170986,29.30115713496247,1.3468713357914837,42.328832388265525,1.858702262325476,7.082405345211582
1,0,53100,69.32559493270736,1472.0134657378196,0.17459046242071674,42.937745632485786,29.878245839777282,896.3473751933185,8.571428571428571,65.13817562606465,75.50255131761608,10.364375691551427,29.882529548815313,0.13368701008470296,8.953229398663696
2,0,0,67.18121080567025,2013.1969504765848,0.11290303039017299,44.166276727840014,33.500583686426886,1005.0175105928067,8.075639599555062,67.22573228863634,68.54618381102054,1.3204515223842037,33.5498757067872,0.07863836431912574,8.752783964365255
2,0,0,111.02160087484265,3326.947306216118,0.14055534115651466,86.20185612850628,19.66867267505925,590.0601802517774,6.507230255839822,110.96920008223975,113.0113359835405,2.0421359013007603,19.528520660476104,2.0097444624632335,7.216035634743875
2,0,0,154.6453051716034,4634.204311642382,0.009997263621620534,134.17078668622338,18.886763359068343,566.6029007720502,5.005561735261402,154.7505931816822,180.48914050327213,25.73854732158992,18.872482031067754,2.684757069800183,6.6815144766147
2,0,0,79.11229618945548,2370.7318091440166,0.10199611890069557,56.10962484280242,23.592239153903382,707.7671746171014,7.10789766407119,79.17392019934644,83.09817356438825,3.9242533650418068,23.61355298803163,0.010848111577809405,7.55011135857461
2,0,900,97.05341605499177,2908.367367781253,0.021943362126592366,68.70262003737533,25.595346397778936,767.8603919333681,7.975528364849834,97.1103088553707,111.86160669057642,14.751297835205712,25.22333829260539,4.119239376319836,7.951002227171492
2,0,900,91.30008459441774,2735.959201679385,0.11722779938237307,64.8367951089497,26.06738887556057,782.021666266817,8.008898776418244,91.34790666154977,94.5107988443974,3.162892182847628,24.880330823836594,6.441161509304173,8.41870824053452
2,0,900,138.5359122790716,4151.459504629513,0.017311436047661666,103.95854943197385,18.130911622356813,543.9273486707043,6.440489432703004,138.61863083435207,146.70804489489765,8.089414060545565,18.157815481139743,0.9048961346364894,7.015590200445434
2,0,900,61.64857159170608,1847.4021953647923,0.13507576003501234,43.23019777886706,31.612951626730425,948.3885488019125,6.774193548387097,61.51245049378866,64.95783374973088,3.4453832559422146,31.65557682545541,2.1238395730352018,6.881959910913141
2,0,1800,125.38544823971296,3757.383932250065,0.03860946832524344,102.29076204623746,19.388736664561705,581.6620999368512,5.372636262513905,125.4174861871427,138.0417438429548,12.624257655812087,19.41949680614981,1.8521609715361773,5.3452115812917596
2,0,1800,103.78470722559933,3110.081726527127,0.02744420971263295,68.89622631175115,30.016887786619723,900.5066335985919,8.042269187986653,103.7308272567003,116.88935891066141,13.15853165396112,29.538089383541696,3.2822102428885014,7.750556792873051
2,0,1800,99.49565326122621,2981.553076061412,0.05859491425481999,73.42159082994598,23.616451247211593,708.4935374163476,6.607341490545051,99.60645020249706,106.22597809828572,6.619527895788664,23.559777069295414,1.4244110049598238,7.015590200445434
2,0,1800,54.9206951304559,1645.7901640759947,0.1717053218320852,40.22461932697446,31.130911319838383,933.9273395951515,6.073414905450501,54.88259586895228,56.42375325916498,1.5411573902127067,31.021034979162792,4.365510028052043,6.146993318485523
2,0,2700,85.10472736030506,2550.3049965638083,0.12009012849610984,64.62754830565719,22.13061988980701,663.9185966942105,6.407119021134594,85.1630293909813,91.1839092884146,6.0208798974333035,22.166607100425644,1.6147544711058757,6.347438752783964
2,0,2700,81.08985180347365,2429.992559044094,0.15416322227049534,53.83391124560823,26.11036651627614,783.3109954882842,8.375973303670746,81.0633189042716,93.75350248520688,12.690183580935276,27.197665696540053,4.032032404936039,12.561247216035635
2,0,2700,112.31641951678665,3365.7487048530393,0.08883769934829773,85.21109082742724,20.23284609699197,606.9853829097591,7.308120133481647,112.3448162143254,118.77943255300585,6.434616338680442,20.243833190751804,2.0056719670031917,7.951002227171492
2,0,2700,71.97445290053332,2156.834438585982,0.16596987045395387,51.38764442937729,23.82984797257254,714.8954391771762,6.740823136818688,72.0200374906506,79.68711907012401,7.667081579473411,23.848614152090107,1.972389177290502,6.815144766146993
2,0,3600,53.16441640695652,1593.1603449951303,0.3095769397557571,36.90121949204443,25.550779318480206,766.5233795544063,6.440489432703004,53.18483653147898,53.58772021679177,0.4028836853127977,25.573073321289876,1.3283905907312512,6.614699331848552
2,0,3600,119.79024937344364,3589.7144728908615,0.026123844513440977,65.4110082478496,32.69531127198684,980.8593381596053,9.443826473859845,119.88613130270949,121.92890557281142,2.0427742701019227,32.49688079377606,0.11199159097229128,10.556792873051226
2,0,3600,132.02905773744905,3956.470763532224,0.053373512695916586,91.65331417902989,20.136477960439834,604.0943388131949,8.17575083426029,132.16245165090072,166.32587084293098,34.16341919203026,19.910472393683357,1.862111043301173,7.082405345211582
2,0,3600,88.59530090404203,2595.8423164884316,0.18418716389940826,55.96829459613845,29.68092835195097,890.4278505585293,7.952218430034129,88.9655653197012,104.15445702170003,15.18889170199882,29.569817329588417,1.3182600501555317,8.601398601398602
2,0,4500,72.38174601119637,2169.039655468851,0.11926976563963523,52.02470566952006,19.958970364516247,598.7691109354874,7.10789766407119,72.227636427845,75.67999185725563,3.4523554294106233,19.994653017980553,0.07814781973134366,7.349665924276169
2,0,4500,79.81282622925364,2391.724359336634,0.17854790336783058,56.599116600880606,21.07485332216772,632.2455996650317,7.575083426028922,79.85244122745695,89.51382826783227,9.661387040375317,21.160125048743968,2.2672558517266097,8.017817371937639
2,0,4500,91.21596081982108,2733.4382925673044,0.06146723975596588,60.3186538311332,27.96313255124967,838.89397653749,8.14238042269188,91.24554371378562,100.85277020086654,9.607226487080922,28.47036723219266,6.974356792224238,8.752783964365255
2,0,5400,82.81960076404994,2481.8273695626963,0.07008454467608641,61.09991816688625,21.51417544331813,645.4252632995439,6.941045606229144,82.64576391315927,84.76338790820188,2.1176239950425995,21.603272056221492,3.4780326480998927,7.349665924276169
2,0,5400,92.15394136883482,2761.546443019417,0.0524744270058644,69.00260864634316,25.073778862969718,752.2133658890915,6.874304783092326,92.1979611933571,93.00112509206522,0.8031638987081209,24.988111758522813,0.5127475324096498,7.8841870824053455
2,0,5400,84.15903883152156,2521.965863651263,0.06824857463393512,57.21118771709252,24.51733848367299,735.5201545101895,7.308120133481647,84.20772625794129,84.2884202188367,0.0806939608954238,24.491645595311724,2.9748463378947516,7.817371937639198
2,0,6300,54.77800042032122,1641.5140792622924,0.055601949354697644,36.36069306270253,24.12185226448238,723.6555679344716,7.074527252502781,54.783061937230215,70.82599118110707,16.042929243876852,24.153467188573735,2.276230557250786,7.416481069042316
2,0,6300,110.62426698043575,3315.040533847058,0.026731082444853872,87.27112924673162,20.179441645444744,605.3832493633424,6.674082313681869,110.6792650296206,122.19473496931204,11.515469939691442,20.042429948125548,1.7193525429668206,7.082405345211582
2,0,6300,83.5038715289027,2502.332683482785,0.11812069749664056,61.0247490777311,23.05192662962623,691.557798888787,6.740823136818688,83.42001929222118,89.40520640653727,5.9851871143160835,23.07433412627343,2.5943516517802756,7.4832962138084635
2,0,7200,82.88756297967092,2483.8639706241383,0.09115820402835502,52.65405967254515,27.378279150096187,821.3483745028856,8.375973303670746,82.94306243237722,89.07688545613505,6.13382302375782,27.33540072445544,1.0163102649465667,9.086859688195991
2,0,7200,93.52561213806831,2802.650843737447,0.11515918659619728,72.62231062146219,21.935494961146368,658.0648488343909,7.007786429365963,93.46539023848021,93.87820260330794,0.41281236482773664,21.932428354983575,0.43045432322067256,7.082405345211582
2,0,7200,112.91281936024332,3383.6208201619584,0.010208083459597348,79.80507502659118,15.558891680363802,466.766750410914,7.708565072302559,112.98346028658278,130.37895346313707,17.395493176554275,15.516766404982686,0.3500524534993401,7.8841870824053455
2,0,8100,60.42397331464263,1810.7050669954576,0.023335347419885407,42.44549446054203,25.786392440084388,773.5917732025316,6.807563959955506,60.491260590048704,67.1728753281399,6.681614738091191,25.75743378418875,1.791299714687268,6.815144766146993
2,0,8100,80.09337527126667,2400.131478962291,0.1550810686662084,57.2552181028082,26.624484543891096,798.7345363167329,7.174638487208009,80.13642978314567,91.97585652656569,11.839426743420013,26.45313687459712,0.2632093488121452,7.149220489977728
2,0,8100,115.92865153652768,3473.99525771128,0.08982591919407738,87.92047543092613,18.164422858927857,544.9326857678358,7.074527252502781,116.00130109503893,118.014494897781,2.01319380274208,18.08185690621361,2.270135754863545,7.282850779510023
2,0,9000,33.318911181633005,998.456705076269,0.18072829639078117,20.527542473467598,36.15683344558239,1084.7050033674718,7.1412680756396,33.34915998544484,34.776451516111756,1.4272915306669116,36.156992490431016,0.5217302139508178,7.750556792873051
2,0,9000,109.86918095131698,3292.413122507799,0.1424581219534995,82.4432532109213,19.987979922995194,599.639397689856,7.374860956618465,109.88760637748348,119.99190823816593,10.104301860682448,19.923840641192143,1.3452120247865427,7.282850779510023
2,0,9000,111.66036934809108,3346.08906813113,0.06215426028702995,84.33415678122257,23.595588102779146,707.8676430833744,6.907675194660735,111.77769715360122,116.83796814464807,5.060270991046856,23.380546848379343,1.864510194467055,7.282850779510023
2,0,9900,50.979860819783475,1527.6964958995118,0.3171917413431006,36.59999999999982,25.37075535222955,761.1226605668867,6.10678531701891,51.03663126613068,59.71736388539104,8.680732619260361,25.352637374118668,0.8555711885694883,6.414253897550111
2,0,9900,105.42252877546167,3159.1617789713346,0.03872335613000843,81.13211448002525,20.929433067757824,627.8829920327347,6.440489432703004,105.4619228750693,108.0756383349025,2.6137154598331875,20.828711809920158,0.7333915092979915,7.149220489977728
2,0,9900,89.16665631797227,1489.083160510137,0.3567427437198265,64.00132811121938,25.43846959874784,763.1540879624353,6.706586826347306,86.97099819913794,89.87402079977758,2.9030226006396447,30.00050825314151,5.334865494805072,8.823529411764707
2,0,10800,42.33757535933356,1268.716008268029,0.3148236915990825,27.416783181107974,33.820826080194415,1014.6247824058322,7.4082313681868746,42.3623762341103,54.92337340984602,12.560997175735723,33.80325982066903,13.457589792620771,8.619153674832962
2,0,10800,86.91589216886507,2604.5795686603233,0.07255678146539743,61.09991816688625,24.96664484614976,748.9993453844927,7.942157953281424,86.9688350173324,95.86409644816298,8.895261430830587,24.68940333158442,3.1430915808978064,8.285077951002227
2,0,11700,38.43330767918795,1151.7181201196654,0.10716625478400382,24.482646915723095,41.143163956371275,1234.294918691138,7.5417130144605125,38.40113492787705,49.513252444818846,11.112117516941792,41.075790322145714,6.452667941553301,8.084632516703786
2,0,11700,75.20118686943688,2253.528899854125,0.164816219043217,52.43138373150123,30.13825535893322,904.1476607679964,7.2747497219132375,75.05154381168234,89.1911821438915,14.13963833220916,29.820616017791387,3.7373553959056593,7.416481069042316
2,0,12600,81.01679205976312,2427.8032020575683,0.10441139680066372,61.32413880357451,24.02499888778987,720.749966633696,6.507230255839822,80.97086151341352,87.85565061619126,6.884789102777724,24.11710609090601,3.0414287202948707,7.082405345211582
2,0,12600,97.71009295715871,2928.0457856161893,0.028208370580843453,72.83762763846717,27.855437975331682,835.6631392599506,7.2747497219132375,97.81890152392614,112.89736692713971,15.07846540321357,27.761956281881414,2.710969110057963,7.750556792873051
2,0,13500,64.04924618143517,1919.3424105703402,0.11032264948419562,43.77225148424317,33.34930547455571,1000.4791642366714,7.241379310344828,64.11749048304344,65.02961776015239,0.9121272771089473,33.25322962952291,1.1750092878323315,8.41870824053452
2,0,13500,93.598286995481,2804.828666964581,0.1025002047528856,69.9057937513046,20.333641730711832,610.009251921355,7.074527252502781,93.67558266780904,107.15736951260025,13.481786844791209,20.451432730931863,1.140112156325861,7.55011135857461
2,0,14400,39.89790327471149,1195.6071681321876,0.1968080494692442,24.001874926765577,36.401720717972545,1092.0516215391765,7.741935483870968,39.81235007562499,41.35110403932089,1.5387539636958962,36.2398489567462,0.5048192305365582,8.285077951002227
2,0,14400,85.88271078511937,2573.6185665274106,0.19376681997867665,57.28821868412211,31.887842816456452,956.6352844936936,7.708565072302559,85.96497716944835,104.01173566752014,18.046758498071796,31.60189130353824,6.833380361736097,7.750556792873051
2,0,15300,64.24182074526567,1925.113228333128,0.00830634441899772,44.74930167052924,27.484782978671756,824.5434893601528,6.907675194660735,64.25983854657336,79.26007570190086,15.000237155327493,27.64965548884079,5.812672686265824,7.216035634743875
2,0,15300,52.1479434143162,1562.700037649009,0.23171048342417916,32.42360251421758,36.66093009019255,1099.8279027057765,8.242491657397109,52.18627868918149,71.45555703059118,19.269278341409688,36.06219450490698,7.669863634789671,8.351893095768373
2,0,16200,97.66401067465343,2926.664853217114,0.050751073777986676,72.54853547798263,26.05376505885642,781.6129517656927,7.241379310344828,97.76554076193494,118.0619389184708,20.29639815653585,26.076523166232263,6.589137011201821,7.951002227171492
2,0,16200,89.93465116587394,2695.041713270689,0.041353670411675515,63.97882462190341,22.051958322395944,661.5587496718783,7.341490545050056,90.00445901606847,91.29722230097708,1.2927632849086166,22.3175771570402,3.9104271512281947,8.084632516703786
2,0,17100,75.68654420757566,2268.0734414203507,0.09363728397060259,51.545901873960354,32.27626013858587,968.2878041575761,7.775305895439377,75.75976778997347,80.05120315503895,4.291435365065475,32.18975192345084,1.3259675052514375,7.951002227171492
2,0,17100,75.46971221611149,2261.5757094094743,0.04105209234857009,54.78923251881104,26.44529586729103,793.3588760187309,6.5739710789766415,75.40686684878926,75.84254515243299,0.4356783036437335,26.458384124501706,0.1017763812904686,6.614699331848552
2,0,18000,87.5544811472184,2623.7159517116447,0.039818886368447624,60.90073891177433,29.850575708578425,895.5172712573527,7.6751946607341495,87.42814983446475,93.03762413735711,5.609474302892366,29.936694368837248,1.9017228665201138,7.416481069042316
2,0,18000,55.935470588564854,1676.1996019706598,0.03881672435920777,39.31831634238858,32.561233821397,976.8370146419101,6.907675194660735,55.997759531313804,58.3548484511256,2.3570889198117904,32.48258899941112,1.664648732034527,6.948775055679287
2,0,18900,78.59030126406394,2355.0893612131163,0.08310996397298337,56.681743092462526,23.730989668063984,711.9296900419195,6.974416017797553,78.61315156309773,80.74668040404767,2.1335288409499356,23.775779776137984,0.012642705742752725,7.55011135857461
2,0,18900,61.943444645118674,1856.2385578653896,0.04526919446647202,38.701162773229676,28.41864290999646,852.5592872998938,7.5417130144605125,62.002046103810116,76.33917987204963,14.33713376823951,28.313326283370266,4.317381171672581,7.55011135857461
2,0,19800,71.77300831245176,2150.7978157631374,0.07919392897193506,46.67097599150747,31.876436630529973,956.2930989158993,7.908787541713015,71.77453189700927,92.32675307251556,20.552221175506293,31.90851702715603,3.9677962453994553,7.082405345211582
2,0,19800,107.3267704305913,3216.225553903386,0.09281046955482519,74.1734453831021,22.29775001521917,668.9325004565751,8.2091212458287,107.30473446672386,118.66445039036175,11.359715923637886,22.49258650632199,1.816277699886907,8.21826280623608
2,0,20700,75.77130931100137,2270.613569019675,0.07819345488095865,56.33134118765574,29.58095620458905,887.4286861376715,6.807563959955506,75.8320078133789,76.75085783758858,0.9188500242096893,29.60936176188168,0.44560029853575855,6.614699331848552
2,0,20700,60.68694361686383,1818.585410385353,0.17671411048968666,40.98158122864525,28.547922985587288,856.4376895676187,7.575083426028922,60.701976052713235,71.51253653029464,10.8105604775814,28.70665416164165,1.425906455624295,8.41870824053452
2,0,21600,46.16126074552055,1383.2991136740993,0.10746815779434161,30.952382783882012,36.52818221514095,1095.8454664542287,6.407119021134594,46.17677738598907,48.55274129003688,2.375963904047804,36.621115544677124,2.5605156258167163,7.416481069042316
2,0,21600,80.51315369447813,2412.7108390445283,0.06234569220951681,57.54528651418693,27.3903929805998,821.711789417994,7.64182424916574,80.31983546067214,81.71169958804506,1.3918641273729264,27.435877582886288,2.837958924952833,8.485523385300668
2,0,22500,52.86228763608703,1584.1065528280749,0.2241570842986463,36.99256682091539,22.88324015241985,686.4972045725957,6.507230255839822,52.90225024456714,63.95157061944139,11.049320374874245,22.871375435007693,0.6454694491125235,6.547884187082405
2,0,22500,38.23803616630262,1145.8664837835352,0.15807873867059447,21.850629281555356,37.1873888106939,1115.6216643208172,7.908787541713015,38.186440728157365,43.39780090130905,5.211360173151682,37.23553616744122,1.0889082576785043,8.017817371937639
2,0,23400,60.43740045738692,1811.1074337063612,0.08242326619521992,41.483611221782915,25.014850785728544,750.4455235718564,7.007786429365963,60.45164876738996,64.85493287008582,4.4032841026958565,24.823397764717278,0.8967867048969058,7.082405345211582
2,0,23400,58.07830988314581,1740.4133528316029,0.06961874557123081,32.12242207555157,36.15743198518616,1084.7229595555848,9.410456062291436,58.02388062326372,74.05959980422017,16.03571918095645,36.24223853602585,2.968335723402845,9.020044543429844
2,0,24300,74.84539247524782,2242.866927841593,0.036402885453850314,51.46202483385173,29.010941516903593,870.3282455071077,7.508342602892102,74.92873923746971,80.69717933919485,5.768440101725133,29.165601457865897,4.175818405982257,7.616926503340757
2,0,24300,101.66340100557667,3046.513250133781,0.09094706530884464,74.60898069267556,25.36426618821469,760.9279856464408,7.508342602892102,101.76124443654058,121.15635132586164,19.395106889321063,25.121127868862516,4.3427664027840915,8.68596881959911
2,0,25200,72.04692618131152,2159.0062212333014,0.07463176487715116,50.42320894191402,28.475497551915343,854.2649265574603,7.6751946607341495,72.12146750678093,73.8944369663475,1.7729694595665748,28.50430693798314,1.0007216900162135,7.750556792873051
2,0,25200,136.79954832075634,4099.426464678665,0.06131204622996875,120.82292828763781,21.94275061942774,658.2825185828323,5.239154616240267,136.93799104649676,153.9637528046419,17.025761758145137,21.8718757088797,1.0296024019832082,5.9465478841870825
2,0,26100,88.8830720312196,2663.529391868881,0.11487479082988347,65.45914756548686,25.769975537429946,773.0992661228984,7.208008898776419,88.89264589795243,102.80386627935245,13.911220381400007,25.830560204450926,5.18450056538771,7.55011135857461
2,0,26100,89.2646745263562,2674.9647466398073,0.06076172998843128,52.57109471943749,28.822843506903446,864.6853052071033,9.67741935483871,89.20881367035915,93.09088893980815,3.882075269448997,28.91793465338744,3.3395006759070878,11.425389755011135
2,0,27000,77.8697880852374,2333.497982954281,0.23757119711724506,52.315389705133605,30.216012533285696,906.4803759985709,7.775305895439377,77.91042332511806,87.07496878371103,9.164545458592968,30.23538583964525,0.682670777537556,7.55011135857461
2,0,27000,60.22066268289071,1804.6125250639586,0.09194431644810833,35.029416209807465,38.062459941979775,1141.8737982593934,8.509454949944383,60.2780123461097,75.28520676554876,15.007194419439067,37.70774866166717,3.429804451692526,8.151447661469932
2,0,27900,48.25669404015154,1446.092264736541,0.18280012722773392,32.340222633741945,28.55360897166476,856.608269149943,6.674082313681869,48.258259474692835,50.99598766306332,2.737728188370486,28.780642156658875,2.9154999224107634,8.21826280623608
2,0,27900,74.07752658984471,2219.856546809013,0.04155978325118788,51.80974811751251,28.551694980095316,856.5508494028595,7.474972191323693,74.09685056395475,75.30749152769869,1.2106409637439484,28.571206860626337,0.8656031546324954,7.4832962138084635
2,0,28800,40.82451675206592,1223.3746853369087,0.2786885434745024,25.35843055080267,46.36940108314154,1391.082032494246,7.474972191323693,40.820810167891,46.20371866212886,5.38290849423786,46.41974255189503,4.438830382661848,7.951002227171492
2,0,28800,108.01843427907964,3236.95241389642,0.17188691317920485,80.24144814246677,22.892666517727,686.7799955318101,7.308120133481647,107.73548768710245,124.75047370445253,17.014986017350083,23.12339164761687,4.260303728154151,6.948775055679287
2,0,29700,43.0536433579818,1290.174179294188,0.06802212089610554,24.552392958729655,45.143063236091145,1354.2918970827343,8.476084538375973,42.95860833570316,50.75296382669453,7.7943554909913715,45.03271184733847,1.688617476035823,8.21826280623608
2,0,29700,94.34106128979103,2827.0871366507376,0.048531952881101285,66.02454089200602,24.439247151235723,733.1774145370719,7.508342602892102,94.38408342834796,113.63894082674119,19.254857398393227,24.523214400372105,6.268314040634557,7.082405345211582
2,0,30600,42.86359749765362,1284.4791383463535,0.11095536606884285,28.96204412675421,34.96496515858368,1048.9489547575106,6.64071190211346,42.911329788853685,49.06041478135167,6.149084992497983,34.842211306187245,2.7278633865875648,6.815144766146993
2,0,30600,82.06943855469899,2459.3475086891467,0.1010331423982947,55.657883538634245,25.80945557639191,774.2836672917571,7.608453837597331,82.14719814834805,89.05542640420089,6.9082282558528405,25.988284307811128,1.683460007456219,7.55011135857461
2,0,31500,46.0186052436409,1379.0242038011056,0.24575651578485588,31.68090907786632,26.5484090742808,796.4522722284241,6.740823136818688,45.992723536469356,47.171903103693836,1.1791795672244838,26.546666623249145,1.6137025915253265,7.282850779510023
2,0,31500,72.76985393752338,2180.6699563277843,0.015220344673020442,48.373546489791934,28.831058518360386,864.9317555508117,7.308120133481647,72.85088940961417,83.80718319684654,10.956293787232369,28.822999739770793,0.9129444887921903,7.951002227171492
2,0,32400,60.18269653929634,1803.4748062942467,0.18885536752360113,38.69185960896791,28.98152337196768,869.4457011590304,7.575083426028922,60.2497151323245,62.59972030727503,2.3500051749505246,28.964171586809144,2.2962195693129512,7.8841870824053455
2,0,32400,58.24742712714986,1745.4812329102574,0.17413311317408367,38.28380858796653,32.92952788509574,987.8858365528722,7.575083426028922,58.260742195459855,63.67961149743425,5.418869301974393,32.933014633136565,2.143489341947909,7.149220489977728
2,0,33300,58.48064418175757,1752.4699706466686,0.0811095699129495,38.71860018130709,38.99309862527266,1169.7929587581798,7.908787541713015,58.44617696039762,62.887353584098356,4.441176623700738,38.988406451926735,2.148860593641107,8.953229398663696
2,0,33300,56.734319814710446,1700.1384504474897,0.04513670327401776,37.69031705889174,29.661827762214607,889.8548328664383,7.5417130144605125,56.78046375822262,58.75873169434067,1.9782679361180442,29.65498223001749,3.3188018920624565,7.951002227171492
2,0,34200,61.436707723605515,1841.0533414507122,0.06507863658308374,42.06209695200617,37.27726229394988,1118.3178688184964,7.241379310344828,61.46826829246338,67.34855588559051,5.880287593127136,37.29233003273183,2.574586250373102,7.416481069042316
2,0,34200,56.81430710771057,1702.5354029943933,0.256920103443527,33.005454094740834,36.68307367412515,1100.4922102237545,8.67630700778643,56.866454453948265,57.429689651581725,0.5632351976334569,36.70434798412931,2.9629307969187018,9.020044543429844
2,0,35100,86.86420905112674,2603.0307978987644,0.004560968628312653,62.94068636422773,23.887709644902593,716.6312893470779,6.807563959955506,86.95619168801989,95.37320535926929,8.4170136712494,24.124422967503747,5.121424530872206,7.015590200445434
2,0,35100,70.64326868634627,2116.94328496751,0.1704353644397018,47.72357907784968,27.910398960029404,837.3119688008821,7.8086763070077865,70.68704309745188,76.72545528621495,6.0384121887630755,27.924748417001048,1.6244296771034552,7.817371937639198
2,0,36000,79.64380124553227,2386.659243991117,0.05087156339004378,57.73188027424785,23.3959257480009,701.8777724400269,7.374860956618465,79.61809014363374,82.01076719428539,2.392677050651649,23.412273476279484,3.291406968483372,7.216035634743875
2,0,36000,85.50850655107699,2562.4049129806076,0.16011319186742554,53.06015454180286,29.679339715689423,890.3801914706827,8.542825361512792,85.5975134374687,99.90630953387567,14.308796096406965,29.738407796870096,3.472127406294785,9.153674832962137
2,0,36900,81.28855740629287,2435.947103608576,0.06100771659834018,59.91744320312758,21.854449719158648,655.6334915747594,7.441601779755284,81.29561840360306,81.31717694424741,0.021558540644349478,21.86712278470333,1.0878025024819777,7.616926503340757
2,0,36900,146.19503993592707,4380.9780300799475,0.022474144890741284,117.5586662054301,17.695606171041273,530.8681851312382,5.973303670745273,146.2094290357454,155.445760052898,9.236331017152622,17.74125452318077,1.244993514609959,6.614699331848552
2,0,37800,81.16151588752483,2432.1400927628274,0.04071892726237659,62.7602581256638,22.813989020804637,684.4196706241391,6.507230255839822,81.12398750414623,95.03214673129976,13.908159227153533,22.78576430787877,2.2247267112382314,6.748329621380846
2,0,37800,142.957354790774,4283.955398563527,0.06024252782122992,122.7619647936635,19.683741564846997,590.5122469454101,5.63959955506118,143.09061020742143,150.4097243189932,7.319114111571778,19.52231683074981,0.4711590437968862,6.280623608017818
2,0,38700,41.15340344164047,1233.2303231344927,0.015997901957036615,27.83379241138587,26.669397123557598,800.081913706728,6.774193548387097,41.193134975231075,50.80129221237774,9.608157237146663,26.605129299460486,2.846368762282504,5.879732739420936
2,0,38700,115.53654291052409,3462.2450692187053,0.06607666933786109,89.51318338658379,22.91228812675371,687.3686438026114,7.041156840934372,115.6037319168706,152.60523872672061,37.00150680985002,22.985809314265715,7.580810013253547,7.4832962138084635
2,0,39600,32.97625499393059,988.1884413181198,0.16427037261778768,20.931316251015698,25.657991763202403,769.7397528960722,6.140155728587319,33.003340664234386,37.99884843864554,4.99550777441115,25.435813262844427,0.7929182987734027,7.6837416481069045
2,0,39600,113.4654196087146,3400.180407607814,0.1106007935505029,85.38413201526394,20.544043698647304,616.3213109594192,7.174638487208009,113.5003937535228,121.66506211825619,8.164668364733387,20.530572758535854,3.2576073678505395,7.4832962138084635
2,0,40500,49.76333818364742,1491.2413675699675,0.06647755492026661,32.44996147917553,29.7891773308034,893.675319924102,7.208008898776419,49.80419957077122,58.4985036429029,8.694304072131676,29.84548519315995,0.6067677745780529,7.349665924276169
2,0,40500,105.44026167587775,3159.6931748871366,0.12317134184402655,79.20738601923354,21.14031596362275,634.2094789086826,6.774193548387097,105.52133782685047,114.71540100224256,9.194063175392081,21.161036928809743,1.0046444061903674,7.416481069042316
2,0,41400,75.47634598494652,2261.7745013488975,0.009919269572570456,50.72839441575145,29.55875441440207,886.7626324320621,7.8086763070077865,75.50730990503422,83.60088346406863,8.093573559034418,29.52545612569586,3.688774245638532,7.8841870824053455
2,0,41400,97.16808483184354,2911.803608794245,0.15177583662469632,67.00283576088455,24.5417637296383,736.252911889149,7.508342602892102,97.18098744294181,106.92472426166417,9.743736818722354,24.67215691013113,3.663299419108407,7.951002227171492
2,0,42300,89.28523411261072,2675.580848907902,0.002475617573812652,63.9176032091315,21.059153646199753,631.7746093859928,7.741935483870968,89.33320345415902,89.43512074011406,0.10191728595503946,20.93269306799924,0.9986300321058739,8.485523385300668
2,0,42300,62.60302210261261,1876.003895674958,0.03856578849306253,37.55875397294217,32.432925561378866,972.987766841366,7.942157953281424,62.49400261347894,71.2175617526862,8.723559139207254,32.58799536991836,3.922597790492512,8.552338530066814
2,0,43200,89.43314689134444,2680.013301843955,0.03006386505686545,65.74382100243247,27.797995680554106,833.9398704166234,7.1412680756396,89.37705764785181,99.99361978436215,10.616562136510339,27.904320810574163,5.596051403534547,8.151447661469932
2,0,43200,44.52356424641325,1334.222808584184,0.2933408264241192,28.056015397772104,36.227358519362916,1086.8207555808876,7.174638487208009,44.495674052261094,47.76035272086505,3.264678668603956,36.21096386442306,1.155487085875265,7.349665924276169
2,0,44100,108.50997379250964,3251.682214648872,0.0329013473489734,87.20716713665249,17.95602765390678,538.6808296172035,5.906562847608454,108.60834872593475,122.72525454684406,14.116905820909317,17.82933747008456,2.145859017922797,7.015590200445434
2,0,44100,68.28637327388596,2046.314985774116,0.18577986480238928,41.643847084533185,32.316072474476485,969.4821742342948,8.342602892102336,68.17028296059053,78.1989509938562,10.028668033265678,32.35862662509752,0.688289747191952,8.619153674832962
2,0,45000,90.37771001280599,2708.3187100504197,0.06164336187645243,67.96771292312312,31.444494342387912,943.3348302716373,7.341490545050056,90.45187481163481,100.93710441277629,10.485229601141477,31.38608623114053,3.366371139935495,7.149220489977728
2,0,45000,94.76562822032992,2839.809992335887,0.12088615364277681,68.10264312051407,24.493314698001193,734.7994409400359,7.1412680756396,94.82011858043222,95.6214350520907,0.801316471658474,24.401606945895818,0.9153230908373793,7.4832962138084635
2,0,45900,71.37300798252727,2138.8111392097335,0.16693152604355302,48.71652696980877,33.13678942823946,994.1036828471837,7.708565072302559,71.38336655742427,73.31962055083474,1.9362539934104817,33.165271839045914,0.5764258366555417,8.552338530066814
2,0,45900,90.01936129807852,2697.5801935657537,0.012548173055746858,65.22706493473295,22.981216810584016,689.4365043175205,7.441601779755284,90.03788529986699,97.51891297837294,7.481027678505953,22.936570794759852,2.747565842766358,7.616926503340757
2,0,46800,70.86246514895132,2123.5118722969078,0.11685680443923804,51.58342757126452,34.821429210654365,1044.642876319631,6.674082313681869,70.88855457016115,75.95780349319423,5.0692489230330935,34.842120890830174,3.148317248257147,6.881959910913141
2,0,46800,81.26509687332118,2435.244069637191,0.07839048742495829,55.278205470148976,23.880704811450865,716.421144343526,7.942157953281424,81.24908470111026,85.21429736488923,3.9652126637789635,24.09085819071685,2.347836890720414,8.68596881959911
2,0,47700,73.89224800859958,2214.3043653243667,0.2511887988117107,52.37728515301239,34.505182366855365,1035.155471005661,7.308120133481647,73.62359655421791,78.51859725115281,4.8950006969349005,34.60346313194335,4.114980602157724,7.416481069042316
2,0,47700,93.24921805694913,2794.368234439909,0.08728957497940891,66.12329392884233,19.143198810611516,574.2959643183455,7.474972191323693,93.11236474297758,96.33450045622943,3.222135713251852,19.076988599382673,1.1163128323604337,8.21826280623608
2,0,48600,38.6144173699277,1157.1453738521666,0.36593703614488504,21.869156362332102,38.7901405341979,1163.7042160259368,8.442714126807564,38.59358139218657,52.709323223373225,14.115741831186655,37.80239380186849,7.664730866399037,7.817371937639198
2,0,48600,76.5082205415959,2292.6963422298236,0.0654728036930693,50.15745208839742,29.77044811303146,893.1134433909438,7.6751946607341495,76.4852393228116,88.89487424958843,12.409634926776839,29.840578209412826,0.1145332342294676,8.21826280623608
2,0,49500,43.7623416543746,1311.4115049094253,0.04610897998188348,27.785247884442963,39.58686566958483,1187.6059700875448,7.64182424916574,43.799954517924846,53.943233611759375,10.143279093834533,39.51747106103237,0.7758092359685449,7.149220489977728
2,0,49500,55.8812174409763,1674.5738159812565,0.15147589551813956,35.01785258978643,37.764996488416436,1132.9498946524927,8.275862068965518,55.93734965830783,72.50997505021365,16.572625391905824,37.714980230785315,4.2890074965692655,7.349665924276169
2,0,50400,53.8229941449847,1612.895724544708,0.20903404830411948,35.2841324110431,37.61348637422678,1128.4045912268036,7.64182424916574,53.81816390055541,65.10242273292599,11.284258832370575,37.6034303084179,3.3477067522861788,8.151447661469932
2,0,50400,46.26850749712821,1386.5129413306088,0.17578437819571083,27.271963625671862,32.81671840240957,984.501552072287,8.075639599555062,46.30788468211653,61.023161537069626,14.715276854953096,32.79580499017539,3.679124549254986,7.416481069042316
2,0,51300,71.83563506356312,2152.674530738108,0.13495635648762302,50.36606000076083,25.50207133352605,765.0621400057817,7.5417130144605125,71.8994387273541,72.78868170559308,0.8892429782389897,25.36959509792287,0.6978671097756006,7.817371937639198
2,0,51300,70.9171219882419,2125.149755580982,0.03330031851180748,50.04967532362404,33.89139389997685,1016.7418169993056,6.8409343715239155,70.8851640391627,79.25635696362754,8.371192924464843,33.92310587960543,0.9364230828905811,7.216035634743875
2,0,52200,63.779607132601605,1911.262227073628,0.08978990971176835,45.60098683142671,33.23748152513612,997.1244457540837,7.007786429365963,63.832220620633294,67.79478019171735,3.9625595710840607,33.31996212904407,3.389437093279666,7.616926503340757
2,0,52200,86.36022864584719,2587.928185087221,0.08077477953248312,59.05810697948209,27.800786031821524,834.0235809546457,7.775305895439377,86.43637311930048,114.19896676799164,27.762593648691148,27.962835157322473,8.305639542604593,7.616926503340757
2,0,53100,63.88124415673948,1356.4117509281016,0.054311331723767814,47.529885335439126,33.624364834563785,1008.7309450369135,6.169544740973312,64.02712918386322,64.56228849856454,0.5351593147013141,33.25122753414719,0.9812463882588993,6.21380846325167
2,0,53100,168.764286885988,3583.428358212478,0.015663088531537153,154.85347913430968,15.187725280325362,455.63175840976083,2.543171114599686,177.6907886921904,199.84200412898267,22.151215436792256,14.010228354304306,2.9244667271439084,3.0734966592427617
0,1,0,37.39359115778654,1120.5612816950033,0.12656216273184417,19.829523443595598,63.058156190017726,1891.7446857005318,8.075639599555062,37.42834498041388,40.34597457106496,2.9176295906510745,63.17468107455748,6.791669060342546,8.351893095768373
0,1,900,41.11712274264081,1232.1431115211362,0.05023632619838382,19.25850461484459,70.21681923196651,2106.504576958995,8.342602892102336,41.07284842519028,60.578577811439956,19.505729386249676,70.01004793887269,21.121548265498163,8.084632516703786
0,1,1800,90.37431338933045,2708.2169245669365,0.07564484405002737,53.09321990612441,38.90685089949588,1167.2055269848763,9.276974416017799,90.43633285809378,96.90544316569354,6.46911030759977,38.86177901251355,0.8723976112379255,9.354120267260578
0,1,2700,62.11481595150421,1861.3739846800759,0.049969609382521145,35.94620981410794,45.32876247873474,1359.8628743620422,8.509454949944383,62.06684934320356,62.85431556810005,0.7874662248964945,45.426293097800254,3.414628682990621,9.086859688195991
0,1,3600,80.75996801436929,2420.1070414972664,0.041619476073325556,48.63517245780113,34.55332529037651,1036.5997587112954,8.67630700778643,80.82953624068267,105.27847675291862,24.448940512235943,34.45979801710752,3.6064253678606804,8.68596881959911
0,1,4500,60.56697683217035,1814.9904057373712,0.07085358949196005,28.01749453466423,52.345235867297866,1570.3570760189361,9.14349276974416,60.602002514389646,88.75712572978462,28.155123215394973,52.02234057201187,13.399181653983252,9.086859688195991
0,1,5400,39.46491348538102,1182.6319074452513,0.048574952582785796,22.87290974056503,55.05309615680465,1651.5928847041396,7.64182424916574,39.38000955527616,41.383722561350275,2.003713006074115,55.16815818438174,0.9872935822535922,7.750556792873051
0,1,6300,49.86485966708529,1494.283628023656,0.20968487953710346,29.665131046396073,55.31259312148317,1659.377793644495,8.409343715239155,49.897327557776364,53.26661148852746,3.369283930751095,55.305793746538754,2.14044507466647,8.552338530066814
0,1,7200,48.27744928489567,1446.7142302373732,0.14636480325475812,24.482646915723095,61.3580292797958,1840.740878393874,9.243604004449388,48.004035422931395,58.10515082319154,10.101115400260149,61.353582966090485,3.8608759474295518,8.953229398663696
0,1,8100,38.66727084349592,1158.7292162767612,0.13834701977225836,20.540691322348778,57.67821233519569,1730.3463700558705,8.409343715239155,38.69882514820513,47.1955531825269,8.49672803432177,57.56956162415787,4.455645066298988,8.953229398663696
0,1,9000,51.66450483294759,1548.2129948273296,0.16791901012027335,31.614079142052155,50.32947220135354,1509.8841660406065,7.775305895439377,51.70808227803493,53.90412615254054,2.1960438745056123,50.532146164183224,5.576183999395219,8.351893095768373
0,1,9900,66.69973050385663,1998.7685907655705,0.014300233094622094,41.72696969586903,43.75476561351567,1312.6429684054704,8.2091212458287,66.67788889153914,71.49038236389626,4.812493472357126,43.783853569598165,4.43322649089189,8.151447661469932
0,1,10800,50.85377932197104,1523.9182536817323,0.24749000622330894,22.098416232845185,48.947226366189135,1468.416790985674,9.67741935483871,50.86528440347776,68.3298648706691,17.46458046719134,48.49599192652563,8.231608274918038,9.354120267260578
0,1,11700,26.627223097752427,797.9291188293145,0.45942554739847274,13.556548233234656,69.21828585761648,2076.548575728495,8.2091212458287,26.520145962439916,27.283170134010863,0.7630241715709474,69.33909886534173,2.3076371859649,8.41870824053452
0,1,12600,34.55240942916801,1035.420535894068,0.07640249826952245,18.002499826413676,56.40497687385769,1692.1493062157308,8.14238042269188,34.55754246222179,44.49713129523206,9.939588833010266,56.1470370830322,13.747062199153063,7.616926503340757
0,1,13500,47.64595490763971,1427.7904487322699,0.07412387815264353,26.184346468832906,47.22940652786305,1416.8821958358913,8.943270300333705,47.6157507983896,52.868745172765856,5.252994374376261,47.37850672250522,7.169648790188102,8.953229398663696
0,1,14400,32.469787390356146,973.0112954643392,0.08915581315448515,19.80908882306204,51.918191236767974,1557.545737103039,7.174638487208009,32.49351694742487,34.6683194957537,2.174802548328829,52.00450581721532,2.0062749205753754,8.084632516703786
0,1,15300,42.86879237284973,1284.6348114397301,0.10732266362724527,29.523719277894973,36.49935657881141,1094.9806973643424,6.273637374860957,42.90218073968258,45.32780742971392,2.42562669003134,36.48057666746361,0.3186312622218317,6.6815144766147
0,1,16200,49.22142119053413,1475.0019216763396,0.006981475013565007,35.701260481949305,24.814368419392817,744.4310525817845,6.206896551724138,49.252627284296075,52.58165346615921,3.329026181863135,24.775507978343697,4.02292118676967,6.21380846325167
0,1,17100,58.17718500358615,1743.3763106074648,0.041031894275973105,41.521560664310385,21.778163778833253,653.3449133649976,6.373748609566185,58.06094562974106,59.03326524052431,0.972319610783245,21.81738849774324,1.4707278387289016,6.6815144766147
0,1,18000,60.796620928600234,1821.8720738270536,0.015774000770441804,42.83386510694543,21.602233392931083,648.0670017879326,6.7074527252502785,60.81840751213267,62.23469791725986,1.4162904051271852,21.642981424891385,0.6159826518102207,6.881959910913141
0,1,18900,54.855933750496234,1643.8494813898703,0.015663123463990868,39.10831113714837,23.358968792916624,700.7690637874987,6.3070077864293665,54.88929023890063,60.80386013889047,5.914569899989839,23.33062552247602,2.1250170070357886,6.080178173719377
0,1,19800,69.19476915150183,2073.536582240005,0.04513735434853642,51.134821794937224,21.623913719803987,648.7174115941197,6.740823136818688,69.14122890540993,79.19795980378929,10.056730898379357,21.662720697019274,4.542479846202596,7.216035634743875
0,1,20700,65.1164238248462,1951.3221672845577,0.13036019283210445,46.9248335106249,23.594774753578115,707.8432426073435,6.8409343715239155,65.03063082436249,70.06251604651331,5.031885222150823,23.592565452663855,2.899562155486242,6.948775055679287
0,1,21600,79.90765223320668,2394.565978588427,0.05120888358879262,59.78662057684917,17.672286399901726,530.1685919970517,6.807563959955506,79.94231426921468,81.16456729915208,1.2222530299374057,17.677146037609653,0.204232748840516,7.349665924276169
0,1,22500,47.77375490769629,1431.6201887339657,0.1438565878004286,29.637813684549023,48.7197544116706,1461.592632350118,8.70967741935484,47.81485434282094,50.520952515389716,2.706098172568776,48.62225966770711,4.036531662234374,8.552338530066814
0,1,23400,64.55062814148819,1934.3671566399296,0.09865725232815986,42.682314838817476,43.846136358117185,1315.3840907435158,7.2747497219132375,64.52736253921003,72.18225923566578,7.654896696455754,43.73453813794805,3.8081959369593825,7.750556792873051
0,1,24300,70.39464422866325,2109.4928387189416,0.05248360103495028,49.08462080937409,48.378563583429425,1451.3569075028824,7.608453837597331,70.45633759773801,72.6316237479857,2.175286150247679,48.43796746957355,2.8706996209119993,7.951002227171492
0,1,25200,75.9165794944972,2274.9668321850995,0.0414819311425856,51.79845557543124,43.01605258444539,1290.4815775333618,7.6751946607341495,75.73683481059902,83.44439713107317,7.70756232047416,43.056797065438865,4.018760985971809,8.084632516703786
0,1,26100,63.605301704303926,1906.0388744056409,0.004036645979470466,43.5506601557298,46.52650069218854,1395.7950207656563,7.608453837597331,63.4628633608304,64.82038703900757,1.3575236781771736,46.5305833660301,0.25101340652185655,7.817371937639198
0,1,27000,64.05775201856129,1919.5973021562202,0.001734676264637934,42.61267417095486,46.17826453996724,1385.3479361990169,7.208008898776419,64.05625654411674,66.70959455850378,2.653338014387046,46.22849820804287,1.2977746319512207,7.4832962138084635
0,1,27900,58.002844023774394,1738.151892579106,0.04191338793782155,40.56106507477412,48.22232114518234,1446.6696343554704,7.1412680756396,58.03743337846039,60.21527829107458,2.1778449126141943,48.2894027425974,0.3581418275377466,7.616926503340757
0,1,28800,53.82660153294644,1613.0038259372948,0.022683892914734063,35.316002038735185,53.79529935426329,1613.8589806278987,7.4082313681868746,53.840931250023104,61.92880979149391,8.087878541470811,53.85509078211099,0.7091570120541348,8.485523385300668
0,1,29700,61.713751785570686,1849.355428507602,0.02938933170624861,42.28297529739407,50.837661582949885,1525.1298474884966,7.308120133481647,61.73744446026886,74.34726516840698,12.609820708138113,50.85555834719171,5.99872904900856,7.616926503340757
0,1,30600,55.44338213377109,1661.45335127534,0.021078289885255615,43.947696185353024,64.08410507525403,1922.5231522576212,4.938820912124583,55.490030411873626,66.60507457515665,11.115044163283024,63.95350241576598,17.266463997078848,6.080178173719377
0,1,31500,79.2558021321709,2375.032203894055,0.1292985722355722,55.67081820846593,49.26595415597344,1477.9786246792032,7.074527252502781,79.28696946908191,111.93836091902541,32.6513914499435,49.41072507629928,27.696735748164947,6.481069042316259
0,1,32400,56.17344175405766,1683.3308045632612,0.2902740277088231,31.716399543452805,52.37339168478552,1571.2017505435658,9.510567296996664,56.10643589480793,80.26924396404524,24.16280806923731,56.95067044636852,12.475647461423932,12.42761692650334
0,1,33300,51.67566485364279,1548.5474234474955,0.372147525388468,28.962044126753504,47.19733574119765,1415.9200722359292,9.610678531701891,51.725074861946254,73.84330484898582,22.118229987039573,50.92280107923255,19.36417813152361,8.819599109131403
0,1,34200,39.27712064750876,1177.0043820703456,0.07286595438752477,29.224989307099033,58.80806567705981,1764.2419703117946,5.973303670745273,39.27911566244569,43.52670109840439,4.247585435958701,58.77024891220084,0.5739676650311587,6.748329621380846
0,1,35100,79.05479559856512,2369.008708103668,0.019143455684218928,68.44800946704147,23.593619067698476,707.8085720309545,4.605116796440489,79.12999512191834,80.92637860830843,1.7963834863900914,23.48295190359476,1.656100459842607,4.677060133630289
0,1,36000,76.85763844803793,2303.167232159537,0.06333708613571808,60.421519345344755,43.315968257104196,1299.479047713126,6.507230255839822,76.94322601869277,79.12527012558942,2.1820441068966474,43.2936195000926,0.943117545889617,6.481069042316259
0,1,36900,77.37317379307449,2318.6161079991325,0.031009296202602083,58.86730841477443,40.832300748184885,1224.969022445547,6.507230255839822,77.38282919814765,82.93913205372007,5.556302855572426,40.82982756519566,2.479239388245066,7.349665924276169
0,1,37800,58.052577098296126,1739.6422270456073,0.08076713957674635,38.3026108770668,46.05023651607314,1381.5070954821945,8.576195773081201,58.0680225340948,76.15507897089107,18.087056436796267,46.76186916221995,5.045056707813895,7.149220489977728
0,1,38700,59.96267025687827,1796.881352031119,0.02387887822921215,38.46673887919177,41.12690838408446,1233.8072515225338,8.109010011123472,59.98559838161285,72.13972128185263,12.154122900239777,40.99055638375651,6.262794677192616,7.8841870824053455
0,1,39600,59.389922492072294,1779.7180106791,0.06140981505240463,41.34017416508939,40.872913505782556,1226.1874051734771,7.308120133481647,59.31433296173648,62.28648757080327,2.9721546090667808,40.88561540222564,0.35391591222178675,7.282850779510023
0,1,40500,81.01198322324169,2427.6590972564763,0.08304078757230449,69.02347426781567,32.86404410099592,985.9213230298778,5.439377085650723,80.95568852426481,99.77794232816244,18.822253803897627,32.92793310532621,9.94274590019746,8.151447661469932
0,1,41400,58.15486228706623,1742.707373202418,0.18833864365228423,41.37934267240166,43.45653670767391,1303.6961012302174,7.308120133481647,58.1822510007743,60.27936840877737,2.0971174080030757,43.54109459095119,1.5824288615702962,7.6837416481069045
0,1,42300,60.69146750950227,1818.7209763680844,0.06303434522271911,46.203895939625156,46.35218151094615,1390.5654453283848,6.674082313681869,60.55950847492349,67.44948944910534,6.889980974181849,46.373799081912786,4.543213966617614,7.149220489977728
0,1,43200,61.9313034262615,1855.8747260069695,0.0076771269058349915,48.337252714651505,47.232301164222974,1416.9690349266891,6.10678531701891,61.92545865534356,63.77390960323724,1.8484509478936815,47.205273052689364,0.41247047146669047,6.614699331848552
0,1,44100,66.84427126505199,2003.0999955760576,0.06365014495388696,51.125140586605745,38.8872061336101,1166.616184008303,6.674082313681869,66.82267483136934,69.96812418588821,3.145449354518881,38.883380268511814,0.6377009108472613,6.6815144766147
0,1,45000,62.19917803719054,1863.9020351811432,0.06443847237086292,47.51473455676453,43.2925282181393,1298.7758465441789,6.607341490545051,62.23292941870389,64.64099039683799,2.408060978134099,43.34592658753144,0.33931155980710415,6.614699331848552
0,1,45900,60.76148829322669,1820.8192658536932,0.014938542521363033,47.06081172270652,43.01459386585097,1290.4378159755292,6.874304783092326,60.709383992193025,64.07955759320838,3.3701736010153525,43.100187669503626,2.5837631382362822,7.082405345211582
0,1,46800,66.52047201042042,1993.396811245599,0.025639938333019398,47.79801251098294,44.933304774555715,1347.9991432366717,7.474972191323693,66.53330934567782,80.53952507366132,14.006215727983509,44.86978563388628,11.910763338001146,7.6837416481069045
0,1,47700,58.38594816242875,1749.6322466007816,0.013629344957945983,37.880865882395696,50.152823919965186,1504.5847175989556,7.908787541713015,58.4509659220751,66.58731084167447,8.136344919599363,50.12244114482219,1.8359876979270844,8.084632516703786
0,1,48600,41.639374730166985,1247.7932627473372,0.21732877642656903,30.80811581385611,57.2967778554902,1718.9033356647058,5.8731924360400445,41.684040285708285,42.539687488967154,0.8556472032588687,57.272778319751936,2.4987774195233925,5.812917594654788
0,1,49500,44.13089780389941,1322.4559041901855,0.11118921194202862,28.652748559257827,58.30802372765642,1749.2407118296928,7.4082313681868746,44.03822629626372,48.5374978186909,4.499271522427179,58.35788858127316,1.940259151622918,7.616926503340757
0,1,50400,41.16335752135747,1233.5286137233454,0.347449828303976,18.042449944505172,66.40538579181796,1992.1615737545392,10.111234705228032,41.13985018276479,49.57339474376287,8.43354456099808,66.2213865092703,12.445305713542606,9.153674832962137
0,1,51300,55.871901903020664,1674.2946603605192,0.07653085043047621,38.28968529512753,51.56524624595394,1546.9573873786178,7.775305895439377,55.79356308020496,58.89261969332459,3.0990566131196324,51.65791578046354,3.427475078976361,8.21826280623608
0,1,52200,49.088116015504745,1471.007209931292,0.10645236178197486,34.57817230566118,51.722825564186515,1551.684766925596,6.473859844271413,49.107019692199174,51.6487959330426,2.541776240843422,51.75302936998608,3.1850882489984613,6.748329621380846
0,1,53100,29.38745935173718,880.6441985737245,0.19630842836786574,13.682105101189626,74.88677948666131,2246.603384599839,9.543937708565073,29.363473546953145,39.44758058849694,10.084107041543797,74.64158372319558,14.22651364645326,7.282850779510023
0,1,54000,44.54335848127431,1334.8159758221868,0.06659694219436499,25.006399181009982,66.5829037700805,1997.4871131024154,8.342602892102336,44.56759576340572,58.9323628885697,14.36476712516398,66.70696114775065,13.629577635000107,8.084632516703786
0,1,54900,55.84615401463827,1673.5230819719936,0.08452748728961697,37.21934980624967,49.347849957932354,1480.4354987379704,7.374860956618465,55.679072605626494,60.353578785417724,4.67450617979123,49.42431128953533,0.7476407297166716,7.616926503340757
0,1,55800,39.39854613743164,1180.6430992517012,0.0971572190017651,23.564804263988268,56.83962457026108,1705.1887371078328,8.442714126807564,39.43748722787636,40.11091084662707,0.6734236187507143,56.810685935290934,0.44095994032449326,8.68596881959911
0,1,56700,40.8601690091911,1224.4430646420933,0.17997230251549842,27.498727243276853,55.55472458217003,1666.6417374651012,7.608453837597331,40.87249741587223,45.32797721171423,4.455479795841999,55.68270638739605,2.464713920351482,7.951002227171492
0,1,57600,33.163116008445236,993.7880430530756,0.062254277006413554,21.10473880435368,65.44066191802666,1963.2198575407997,7.441601779755284,33.082987354499664,41.23464004497684,8.151652690477178,65.5498725745969,7.677685515633367,9.287305122494432
0,1,58500,38.606592457541666,1156.9108873109985,0.07834324573170316,23.488294957276846,56.753407168815485,1702.6022150644642,8.17575083426029,38.52836258688148,43.30690538110481,4.778542794223334,56.882528674390095,1.8957684221705478,8.151447661469932
0,1,59400,61.258134055960575,1835.7020838769517,0.06014083012695006,44.40405386898868,48.23518131057636,1447.0554393172908,6.440489432703004,61.279056397143236,62.21955837915085,0.9405019820076106,48.23955180807151,3.5705592829790547,7.6837416481069045
0,1,60300,68.36391917578425,2048.638777967668,0.03167811488642195,52.069664873128296,51.61752753962695,1548.5258261888087,5.973303670745273,68.37068831629827,74.16611828375319,5.795429967454922,51.576849173820506,0.2865632174383528,6.280623608017818
0,1,61200,42.126569493384984,1262.3928658184368,0.07836428245644236,26.537709019432413,59.13382741241318,1774.0148223723957,7.775305895439377,42.04135504221198,50.94765620023932,8.90630115802734,59.05792037384389,7.861566637074056,7.951002227171492
0,1,62100,28.395481020345816,850.9179145763629,0.2119768039368484,21.674870241825253,63.9827615024029,1919.482845072087,6.006674082313682,28.38798214085407,31.78600833390356,3.398026193049489,64.048408182365,6.272665575885824,6.948775055679287
0,1,63000,56.238739245897705,1685.2875527354008,0.2560919869376327,36.27147639674944,52.40988289950918,1572.2964869852754,8.509454949944383,56.28686147667525,74.86447377230655,18.577612295631305,54.71802488891332,21.77848235547934,8.752783964365255
0,1,63900,61.69970447016397,1848.934477289247,0.032951420722672604,45.77826995420398,54.752318210542406,1642.569546316272,6.440489432703004,61.71039370927477,62.623323445925976,0.9129297366512041,53.663582511512445,5.742236661360245,8.552338530066814
0,1,64800,45.534418317855234,1364.5147355917286,0.17801697322387916,26.09999999999802,68.44022339646341,2053.2067018939024,10.74527252502781,45.585124797051066,61.836430683370125,16.251305886319056,73.48526043745386,10.265553631232748,12.561247216035635
0,1,65700,43.545647305069025,1304.9178975752352,0.08980748092010896,33.05041603369007,78.72048149637753,2361.6144448913265,7.775305895439377,43.59413911721276,44.194141912978054,0.6000027957652918,78.92388929494811,5.53987121989271,8.41870824053452
0,1,66600,44.670477077676054,1338.6252964276923,0.01612663868568597,35.28923348558151,69.23498387346022,2077.049516203807,5.439377085650723,44.63521053508006,46.804569739708626,2.1693592046285595,69.49860886883111,3.09016268367877,5.7461024498886415
0,1,67500,44.178665381518655,1323.8873392661758,0.09415997044114559,26.161995336748443,52.56857655030821,1577.057296509246,8.743047830923249,44.1663840105972,46.686546044210665,2.5201620336134667,52.648528724909895,0.30539061462265593,9.688195991091314
0,1,68400,34.24035928414723,1026.0694332149455,0.13733574678635266,23.51701511671999,58.7145504727272,1761.436514181816,7.875417130144606,34.21399147728532,36.90122583747715,2.6872343601918267,58.78743758957292,1.2418350388546067,8.21826280623608
0,1,69300,28.575291443804765,856.3062335993494,0.3287396305175221,19.19296746206875,66.90033272299648,2007.0099816898944,7.8086763070077865,28.58870190768412,35.27243306358919,6.683731155905074,67.16242920399748,12.6190984630209,8.017817371937639
0,1,70200,19.79984388623215,593.3353217907568,0.06138702032510016,13.984634424967352,81.9356968508695,2458.070905526085,6.140155728587319,19.80233286895405,25.082270094489502,5.279937225535451,81.8065712691706,11.945060395435156,5.9465478841870825
0,1,71100,18.132446176130273,543.3689704113706,0.04573266716567017,11.833849753991126,79.97633166761295,2399.289950028388,7.775305895439377,18.13282608278096,22.645964491166925,4.513138408385968,80.03938986803573,3.4959631790215724,7.4832962138084635
0,1,72000,18.812715426577903,563.7543722831177,0.1592600572707789,12.886038956951053,81.22889975099382,2436.866992529814,7.208008898776419,18.831302726224912,21.802637197592983,2.9713344713680687,81.366100492889,2.790120031245962,7.616926503340757
0,1,72900,21.67407253591006,649.4997069927715,0.058049229334140987,16.224980739587384,73.23168439939886,2196.950531981966,6.540600667408231,21.671877881056634,22.153306194287342,0.4814283132307082,73.23857875159763,0.909888766506846,6.815144766146993
0,1,73800,27.942410578739565,837.340903676229,0.268419184713484,16.920106382643233,63.71986587786689,1911.5959763360063,8.17575083426029,27.914540011131894,28.959748579632762,1.0452085685008683,63.79571190476085,5.664982888392029,8.41870824053452
0,1,74700,28.393694855049898,850.8643891563286,0.3308615599706456,15.717824276915447,74.1200967067834,2223.6029012035024,8.743047830923249,28.394676903169696,37.76695908495487,9.372282181785172,74.07001436171657,22.029464484681885,7.55011135857461
0,1,75600,35.07357677416555,1051.0381839991612,0.2118895273397735,20.892582415775543,58.07571182639553,1742.2713547918659,8.743047830923249,35.02113770524059,42.083505014173234,7.062367308932641,58.1263663492336,7.953437052593493,9.621380846325167
0,1,76500,26.90350786635754,806.208452395181,0.14651368683910426,13.284953895290496,71.12728819353498,2133.8186458060495,9.610678531701891,26.92028922283011,28.321402153285522,1.4011129304554117,71.08549215439102,5.031180952200216,11.091314031180401
0,1,77400,41.74926198006568,1251.0862173359687,0.06428826249537484,21.72049723187767,59.303859753371064,1779.115792601132,9.377085650723027,41.774245008636605,54.23941823558706,12.465173226950457,59.21745372254544,6.885675264633367,8.752783964365255
0,1,78300,77.12538396121303,2311.1906727043506,0.07492924005037635,47.43416490252522,41.11793039351407,1233.537911805422,9.210233592880979,77.17788718215407,84.66409788502719,7.486210702873123,40.81501627652064,0.6938871441512013,9.755011135857462
0,1,79200,93.30827502435206,2796.1379748964164,0.03515253585285038,64.13267497929638,31.602513744740005,948.0754123422003,8.476084538375973,93.3663147619591,96.80779345506508,3.441478693105978,31.64730278765215,1.0187486151724503,8.68596881959911
0,1,80100,84.83424913409151,2542.1996657182754,0.015604715982690321,53.602705155617336,37.96070035411356,1138.8210106234073,9.043381535038932,84.78278904183978,91.10021329367099,6.317424251831206,38.02941647948896,4.819814228062359,9.621380846325167
0,1,81000,98.2923401460826,2945.4937930442748,0.02042092146464207,62.386296572244596,30.753463408351802,922.6039022505541,9.276974416017799,98.26721391119011,100.4175964622543,2.150382551064183,30.75563007669133,1.4109297164170194,9.420935412026726
0,1,81900,68.01831616461858,2038.2822077330702,0.03953453610485709,41.85510721524938,45.12456560820065,1353.7369682460194,8.809788654060068,68.06157249400252,74.9556981537924,6.894125659789886,45.19888515375922,2.827583515221857,9.153674832962137
0,1,82800,55.38453387533252,1659.689865130798,0.034347410320160636,30.313363389764973,56.89493505649604,1706.8480516948812,9.076751946607342,55.42975798131542,65.25340324451734,9.823645263201925,56.8768863388737,12.003262254409382,9.688195991091314
0,1,83700,70.69266013767027,2118.4233821255193,0.027139019849380806,43.342473395042376,43.73815668958177,1312.1447006874537,9.010011123470523,70.60259387832215,75.06735980208539,4.464765923763245,43.83214914428293,0.3707187070351523,9.153674832962137
0,1,84600,78.00089075057572,2337.426692825586,0.04722816978173224,47.241189654790865,39.51516312840161,1185.4548938520481,9.577308120133482,78.03895807293426,82.59687615826077,4.557918085326506,39.54559213684512,2.2675294408815887,10.089086859688196
0,1,85500,43.120019811272975,1292.16326034448,0.08732357922541777,23.747420912594958,55.47774245795209,1664.3322737385627,8.743047830923249,43.16023857440584,54.70898538215439,11.54874680774855,55.39938258059193,5.901285209257384,9.153674832962137
0,1,86400,38.30191413543527,1147.780693591877,0.2069819663255275,29.870721450947123,54.898914373627974,1646.9674312088393,6.3070077864293665,38.165680982627315,39.332885839945725,1.16720485731841,54.72942608140849,1.1035736668187859,6.748329621380846
0,1,87300,32.01345718836517,959.3366004113429,0.0770315232826233,22.996521476083753,57.6227070604055,1728.681211812165,7.4082313681868746,32.027391995924596,34.20897476437569,2.1815827684510936,57.54032204532203,1.9766968419480158,8.552338530066814
0,1,88200,33.357058543975896,999.5998543678111,0.08486751227827956,24.704048251248256,54.12342265939598,1623.7026797818792,6.941045606229144,33.34055542245899,33.41372870754119,0.0731732850821949,54.09951751527598,2.434475276427765,7.416481069042316
0,1,89100,31.475770104678837,943.2239108035426,0.015207320287689906,22.274873737017767,57.86502971492656,1735.9508914477967,6.874304783092326,31.475475293667486,32.64599557163519,1.170520277967702,57.933285434795884,1.1602947128847987,7.216035634743875
0,1,90000,30.297107509054744,907.9033216880073,0.03099904721222995,21.560380330598857,58.07578442641195,1742.2735327923585,7.842046718576197,30.20221984080423,31.864660518356985,1.6624406775527554,58.1059813404468,0.046337379340346985,8.285077951002227
0,1,90900,31.84288652217327,954.2251661144591,0.07995387099522569,23.08246087400621,56.75280741448672,1702.5842224346018,6.8409343715239155,31.863462117803792,36.233524952306894,4.3700628345031,56.753592628489216,5.080059911689464,7.015590200445434
0,1,91800,26.613370145846574,797.5139920372023,0.03570294953278638,19.58979326077563,64.3464171130019,1930.3925133900573,6.507230255839822,26.61426813509459,29.701384080174442,3.0871159450798498,64.35387126641176,10.90350207922403,8.68596881959911
0,1,92700,28.97921313859334,868.4104203865136,0.060720932253592735,20.340353979221142,55.72634002632094,1671.7902007896282,7.241379310344828,29.00379297654285,31.61921896885758,2.61542599231473,55.79118239530659,4.276592639820912,9.020044543429844
0,1,93600,25.163840623722972,754.0764240242318,0.11404880123031637,17.861970775925073,59.984364088874464,1799.5309226662343,7.575083426028922,25.172633765044058,28.655786556929048,3.48315279188499,59.9547500797965,6.219965295605334,8.552338530066814
0,1,94500,20.09844499196382,602.2834015925157,0.027971127205959272,13.483323032547254,67.73047160014954,2031.9141480044864,7.241379310344828,20.099592148638067,20.3488787055994,0.24928655696133184,67.72784823567036,1.9235593570819773,7.282850779510023
0,1,95400,19.681711491777996,589.7952877036139,0.04081526414056374,12.256018929489548,70.56035937065181,2116.8107811195546,7.1412680756396,19.67445685669661,20.072886218175256,0.3984293614786445,70.75586185939741,4.496875714459875,7.349665924276169
0,1,96300,18.417973608144383,551.9252757907267,0.07235916147161613,10.01299156096676,77.1156533897231,2313.469601691693,7.908787541713015,18.40171098301541,21.853109586050195,3.451398603034787,77.23116830110934,2.997431224955683,7.750556792873051
0,1,97200,25.195720181429852,755.0317481035147,0.07823475193534453,13.121356637177538,72.96101232184303,2188.8303696552907,8.776418242491658,25.211416974504942,25.57898197197485,0.36756499746990734,72.85488901976558,0.19232183436785988,9.287305122494432
0,1,98100,33.36690659810213,999.8949677231271,0.2748266300316938,20.682601383771708,61.648833425167666,1849.46500275503,7.775305895439377,33.38403846348446,34.36971997191478,0.9856815084303285,61.58352677942078,3.595426733338016,9.420935412026726
0,1,99000,43.15022824641531,1293.0685064509123,0.15109894249943975,26.686513447807148,46.874950884833,1406.24852654499,7.4082313681868746,43.16241517560912,47.542068630475335,4.379653454866215,46.877028983185724,4.812754856892575,7.817371937639198
0,1,99900,29.92924742769737,896.8797812499977,0.26471265076182626,15.498709623707354,63.43658536060915,1903.0975608182744,9.377085650723027,29.92772969482735,36.86181307832687,6.934083383499518,63.32388718459754,15.974038669703717,8.619153674832962
0,1,100800,22.978593301067953,688.5918459220031,0.037309650392270986,12.924395537122217,79.41453255103603,2382.435976531081,8.576195773081201,22.977031216405518,25.779461168268835,2.802429951863317,79.25913006041802,2.8969962353434866,9.420935412026726
0,1,101700,26.33263803090228,789.1013863260384,0.03546087611392616,15.55667059495645,79.7615060807167,2392.845182421501,8.67630700778643,26.354734518357812,28.227365734460065,1.8726312161022527,79.88778553513045,10.321836979143185,10.022271714922049
0,1,102600,30.840410460652922,924.1843001375657,0.09134425672431279,18.660385848100383,67.53907512710312,2026.1722538130934,9.010011123470523,30.8383381158231,33.320527509942224,2.482189394119125,67.67193233521701,0.705182635494289,9.55456570155902
0,1,103500,29.64774609595316,888.4441246753962,0.004132426718858315,17.899720668211653,69.1333216784868,2073.9996503546035,8.943270300333705,29.67410499176875,34.263375520829925,4.589270529061174,69.07803944165721,2.482017307575262,8.21826280623608
0,1,104400,22.702282749421563,680.3117397243327,0.05045962536429485,14.477914214415753,78.99501317027293,2369.8503951081884,7.5417130144605125,22.715875811045947,23.199729268862495,0.4838534578165472,79.11205391176298,6.9086317242987505,7.6837416481069045
0,1,105300,32.21498214963572,965.3756317507505,0.11743117645580493,23.210773360661623,53.869496813696244,1616.0849044108875,5.973303670745273,32.19615247863541,33.819416259254986,1.6232637806195722,53.97387894683082,1.7663632640440063,6.414253897550111
0,1,106200,36.95692273868773,1107.475784736009,0.05930013971681665,17.86197077592465,65.28584884002505,1958.575465200752,8.542825361512792,36.98053926100466,51.53033208503767,14.549792824033014,64.93474879223162,21.599702574202258,8.68596881959911
0,1,107100,24.735172207456017,741.230660483432,0.18919122173046654,11.649892703368888,77.47003148325597,2324.1009444976794,8.776418242491658,24.72192138580069,27.350169665297187,2.6282482794964963,77.3989046615005,1.6493907267589236,8.752783964365255
0,1,108000,24.50364790888335,734.2926490028711,0.10931004733844002,11.94738465104398,75.19145188539999,2255.7435565619994,9.043381535038932,24.50109529496448,27.68385046389026,3.1827551689257785,74.15417952169763,10.050511440167256,9.086859688195991
0,1,108900,21.14391155657921,633.6125496454904,0.08578455698741283,8.999999999997613,78.85200012592958,2365.5600037778872,9.310344827586208,21.11666332095931,21.55043653689608,0.43377321593676577,78.2611385575103,2.972936794876283,10.089086859688196
0,1,109865,14.029634223798897,420.4213722398403,0.06813528956721729,10.261578825892817,104.57935514436795,3137.380654331039,4.605116796440489,14.029991955016317,14.335892291822757,0.305900336806439,104.56095938994461,0.5318738175910624,4.476614699331848
0,1,110765,30.10648933468342,902.191130396013,0.024865002422831982,17.580102388779594,59.43451247598984,1783.0353742796954,7.6751946607341495,30.04051587344792,33.56633624539418,3.5258203719462635,59.53621902761927,2.408493214117847,8.084632516703786
0,1,111665,16.093301998609594,482.2626165583341,0.06126190730606626,9.024965373894027,97.64237621860852,2929.2712865582557,6.540600667408231,16.10612382571635,19.0883672167115,2.9822433909951505,97.63874230709507,6.204940461096932,7.4832962138084635
0,1,112565,28.147007643273863,843.4719957101069,0.18518828028842446,15.911316727411357,75.7903992780406,2273.711978341218,8.14238042269188,28.144333391149594,30.291578540282647,2.1472451491330524,75.92943152684501,0.46455934471705973,8.68596881959911
0,1,113465,13.007374959183672,389.78766961020403,0.3284647659056405,9.931767214346701,98.08794076666098,2942.638222999829,3.6373748609566188,13.01851902929412,15.687248818201994,2.668729788907873,98.18787238793357,1.5188840929153073,5.278396436525613
0,1,114365,11.896705055079694,356.50459481722146,0.22879831634488695,5.707889277133755,90.71699069067779,2721.5097207203335,7.708565072302559,11.907920952959417,19.44458721593661,7.536666262977194,92.3546661008865,20.603906118732006,8.752783964365255
0,1,115265,9.63584610332343,288.75418822959216,0.04624476771383201,7.427651041884514,111.85314173992803,3355.5942521978413,4.338153503893215,9.63666052743872,9.830393449718727,0.1937329222800077,111.84527910017977,1.8131242421089553,5.144766146993319
0,1,116165,24.00090053341784,719.2269859847545,0.30847408416740857,12.156479753612603,78.94569644456236,2368.3708933368707,7.708565072302559,23.90161416026273,27.564678247739458,3.6630640874767284,78.93639502604958,11.502386478154271,9.420935412026726
0,1,117065,9.676718908858135,289.97900996878207,0.09836067599350375,7.224956747272206,108.17911725010669,3245.3735175031998,5.239154616240267,9.676136190493834,10.71950020679325,1.0433640162994156,108.12105014555887,4.581123744081722,5.077951002227172
0,1,117965,12.09434833690444,362.4273051625697,0.12302589767357468,8.10555365166174,100.09914756395816,3002.974426918744,5.139043381535039,12.096389282907793,15.815805959897464,3.7194166769896713,100.29358328664918,14.731872587811758,7.349665924276169
0,1,118865,12.930746415568454,387.4913675865346,0.1982051092096785,7.553806987208812,96.82376276716067,2904.71288301482,6.507230255839822,12.935839637672302,15.28005555025484,2.344215912582537,96.85704531906092,2.7456025027276,6.614699331848552
0,1,119765,8.191197675817955,245.4628903520114,0.23485512446607038,5.408326913196173,106.00198997236849,3180.059699171055,5.038932146829811,8.189861052399603,8.944939809929677,0.7550787575300726,106.05284542160477,0.857971673406638,5.679287305122495
0,1,120665,17.333238379379086,519.4193767687266,0.048947276209105176,10.204410811017064,79.00530210485721,2370.159063145716,7.775305895439377,17.33568697678735,20.00785780916484,2.672170832377489,78.79636230989311,16.36404778502864,7.082405345211582
0,1,121565,17.716962035454014,530.9182956624386,0.13082093804675052,12.63210196285704,67.55882464700048,2026.7647394100145,6.073414905450501,17.726329657485074,18.98758202654421,1.2612523690591377,67.48343385256668,7.753185706989132,6.280623608017818
0,1,122465,6.61137971128602,198.12101201487104,0.15397134459935188,5.660388679236407,106.62735709009941,3198.8207127029827,4.07119021134594,6.613212112292826,7.9055171772314345,1.292305064938609,106.51478075238623,1.2378941090007274,5.278396436525613
0,1,123365,23.081648651770692,691.6800712647284,0.2298791752427496,11.977478866606148,61.943823861478585,1858.3147158443576,7.608453837597331,23.10286995053714,29.62163565757958,6.518765707042441,62.01448559129011,5.845819757321653,8.151447661469932
0,1,124265,12.394200278353473,371.41286834132575,0.21109629387955856,6.841052550595262,101.62910136829943,3048.873041048983,6.240266963292548,12.153414661523255,14.24074743000331,2.0873327684800547,101.7279663229574,2.439476898246248,6.614699331848552
0,1,125165,14.776404446318402,442.7995865746748,0.17845847486326571,9.004998611882087,94.84992509182935,2845.49775275488,5.7397107897664075,14.772325129184287,15.635570044145588,0.8632449149613013,94.9968520819294,2.6137196909708535,6.547884187082405
0,1,126065,20.488503258533576,613.9721476473894,0.17591174659155723,12.886038956949534,78.93155179589026,2367.946553876708,6.173526140155729,20.459743471011468,24.407965932691884,3.948222461680416,78.99373194319763,7.9553742830933345,6.614699331848552
0,1,126965,20.889250540382083,625.9812078601165,0.20619277620309814,9.60468635614906,80.2876344735199,2408.629034205597,8.409343715239155,20.90861655308083,27.426738925252334,6.518122372171504,80.15031582691762,10.422989140348207,8.285077951002227
0,1,127865,11.668841715134857,349.67629006354116,0.29874045370061625,8.590692637965503,93.54300626868853,2806.290188060656,4.137931034482759,11.577351418299571,12.568220099007823,0.9908686807082523,93.70708439465548,2.293129197776267,5.5456570155902005
0,1,128765,15.971562577845168,478.6144919160935,0.06414413865265998,10.94897255453693,74.41863512206602,2232.5590536619807,7.208008898776419,15.987107234190486,18.272609258170093,2.285502023979607,74.3883686863021,8.40082627567535,6.6815144766147
0,1,129665,21.933702248173446,657.2799440369309,0.0743120444155287,14.214429288579382,57.686233490891475,1730.5870047267445,7.842046718576197,21.94509835312687,22.219401738895822,0.2743033857689525,57.736418954695154,4.542855605725354,8.084632516703786
0,1,130565,21.688365151560827,649.9280090417726,0.1325690583077797,12.599999999998772,63.549042708211346,1906.47128124634,7.975528364849834,21.70755061317259,21.988954375364973,0.28140376219238306,63.45096347425783,0.5010580059961924,8.084632516703786
0,1,131465,21.022705559755963,629.980409940687,0.09801966127933034,11.148542505638032,75.78078624658671,2273.4235873976018,7.6751946607341495,21.046116145011815,21.87145571738292,0.8253395723711048,76.08953048222173,3.0565679327866704,7.6837416481069045
0,1,132365,28.53111773765606,854.9824948717599,0.09978359910455148,8.720665112247994,82.42092842357155,2472.6278527071463,8.476084538375973,28.562889583689085,35.95518868727501,7.392299103585927,82.34597664585888,2.9314473060955635,8.752783964365255
0,1,133265,9.24098124381412,276.9214046062964,0.07051873213328651,7.379024325749458,108.64698996174825,3259.409698852447,3.8042269187986655,9.244995155813449,11.349509938868517,2.1045147830550675,108.73333429844888,9.01042309135157,5.7461024498886415
0,1,134165,9.340431249039934,279.9015897628967,0.04320090321327051,7.8517513969814985,112.22566942861211,3366.770082858363,4.171301446051168,9.335739938183975,9.794874724767503,0.4591347865835278,112.2072389639327,1.5583937709154938,4.810690423162583
0,1,135065,11.096534561396021,332.52615235650075,0.06624371169750116,8.5276022421319,107.47623693655468,3224.28710809664,4.137931034482759,11.098925067217056,11.596884594228708,0.497959527011651,107.39209641200988,0.084414271351406,4.20935412026726
0,1,135965,9.698614433622831,290.6351458608975,0.08488682381940377,7.256031973469287,106.9499900237297,3208.4997007118914,5.372636262513905,9.700793188292414,11.072214093887577,1.3714209055951638,106.30771500531299,9.86359135179179,6.146993318485523
0,1,136865,7.905183776281311,236.89200716256335,0.043826787098136095,6.037383539251186,105.16285280862613,3154.8855842587836,5.472747497219133,7.911554768274069,8.562568404666047,0.6510136363919785,105.39464263254672,2.032098719082491,5.7461024498886415
0,1,137765,16.999113948505904,509.4067813235603,0.02689663527279816,7.061161377564497,100.35717661185488,3010.7152983556466,5.472747497219133,17.012846920880826,25.82243951368463,8.809592592803805,100.27328269208527,0.6765559956941232,6.146993318485523
0,1,138665,8.170010618076239,244.82798485501795,0.028800362281459723,6.037383539248517,101.76872112379577,3053.0616337138727,4.972191323692993,8.168746891090173,8.171252052554706,0.0025051614645326126,101.86400255479649,1.7571871724257022,5.278396436525613
0,1,139565,6.223287489582008,186.49118177114087,0.02312985315456263,5.307541803886233,110.4186322389991,3312.5589671699727,3.203559510567297,6.2128843062460355,6.855149527609266,0.6422652213632314,110.4346324781258,3.695349191583176,3.7416481069042318
0,1,140465,8.368472854837396,250.77523654996065,0.09664598974694291,6.363961030680013,106.7036906248011,3201.1107187440325,4.705228031145718,8.373043758772555,9.135001625729759,0.761957866957204,106.6875595204884,4.800729810435833,5.9465478841870825
0,1,141365,9.01109170876764,270.0323815394037,0.005314274251056241,6.9584481028467975,103.91093678310396,3117.3281034931188,4.838709677419355,9.018138267938873,11.810409960458413,2.79227169251954,104.07820297236321,10.570895612554871,6.280623608017818
0,1,142265,6.960090220283847,208.57070360117262,0.12168883036650276,5.408326913197875,104.782114024736,3143.46342074208,4.9054505005561735,6.966137418909913,8.295836107090079,1.3296986881801662,104.6464323244637,4.868688743879687,3.9420935412026727
0,1,143165,5.937883590291024,177.93857825572107,0.06018219802306213,4.743416490252515,109.32534393855893,3279.7603181567674,4.137931034482759,5.943551023980187,6.655414964048249,0.7118639400680618,109.27695733746995,1.3116394665713997,4.476614699331848
0,1,144065,5.831321862693128,174.7452784853707,0.03395638078165682,4.846648326421871,111.71567407258281,3351.4702221774846,3.870967741935484,5.834790355255771,6.740531307279554,0.9057409520237822,111.0905154942273,6.163175341346125,5.211581291759465
0,1,144965,6.868849436836272,205.8365214571936,0.03492444992575324,5.824946351686536,113.6331015787131,3408.9930473613927,3.670745272525028,6.8744663863660564,6.928558876285577,0.05409248991952076,113.65311999545598,5.16617391123215,4.20935412026726
0,1,145865,6.671295226862532,199.9164802983139,0.02489075808677251,5.474486277270287,115.88270394251269,3476.4811182753806,4.204671857619577,6.673044998830085,7.292469425349671,0.6194244265195854,115.860519690888,3.661949024113568,3.8752783964365256
0,1,146765,4.376657521675576,131.15383706621142,0.04921079576012096,3.8418745424610083,110.61385049645985,3318.4155148937953,2.969966629588432,4.3789870601944125,4.815943185945093,0.43695612575068066,110.58172649789714,0.2079199986894409,2.8730512249443207
0,1,147665,7.119959372848328,213.3614492063549,0.09359746200301206,6.0,109.14038375445926,3274.2115126337776,3.2703003337041157,7.113675108862955,7.954911343607402,0.8412362347444469,109.08362667899229,5.4147637920573075,3.2739420935412027
0,1,148565,6.257868575007316,187.52746163105257,0.04784348583513044,5.247856705360238,111.31056758029158,3339.3170274087474,3.971078976640712,6.251587449579672,6.310410249541255,0.058822799961583794,111.36400572813423,0.7861778779738486,4.610244988864142
0,1,149465,5.853389755404767,175.40657967029617,0.009308247056475743,5.239274758972109,113.43550347487273,3403.0651042461823,2.6696329254727478,5.852044798141783,6.236033174528762,0.3839883763869789,113.43765925042632,3.9280247187900628,2.739420935412027
0,1,150365,7.721157698620963,231.37735903534153,0.039651169203757844,6.074537019394252,105.7259408586397,3171.7782257591907,5.239154616240267,7.725733065352571,8.99194877548543,1.2662157101328582,105.56021566667235,2.42925814655883,5.7461024498886415
0,1,151265,5.686393863440078,170.4022694410877,0.013226981806716253,4.992995093128143,114.04537764053937,3421.3613292161817,3.2369299221357064,5.690836332915126,6.4616127395673395,0.7707764066522134,114.00486969231596,1.5385283367795424,3.4743875278396437
0,1,152165,6.365532454443922,190.75378921816954,0.05170115082110875,5.731491952362447,109.22845006444975,3276.8535019334927,2.7363737486095663,6.3638328604479995,6.8444762928796,0.4806434324316009,109.17883383768981,1.2957089799865074,3.2071269487750556
0,1,153065,8.56005037077225,256.51617611080843,0.08261043598965401,6.58634952003124,102.84523245057217,3085.356973517165,4.6384872080088995,8.558706003303556,8.935636481066675,0.3769304777631186,102.84638356325898,7.093680745183704,4.476614699331848
0,1,153965,6.4559009844400155,193.46183283371914,0.03635820478176783,5.408326913194517,104.49480544174318,3134.8441632522954,3.2369299221357064,6.457067547993741,7.545842965419446,1.0887754174257043,104.44104656804342,4.481121234132239,4.409799554565701
0,1,154865,5.6509914789024895,169.3413779844446,0.027014867951652723,4.8836461788297125,104.43481305327059,3133.0443915981177,4.07119021134594,5.650528079074041,6.55631838189081,0.9057903028167682,105.03421312706593,8.038038976243747,4.075723830734966
0,1,155765,6.035910894405998,180.87612980236642,0.020209827296067268,5.31601354400006,113.05734466373966,3391.72033991219,3.5372636262513906,6.029955116363459,6.166390291054208,0.13643517469074906,113.06519005878297,1.7761335885072853,3.8084632516703785
0,1,156665,5.478814261399107,164.18180069992655,0.02683345318563205,4.799999999999898,112.12506071175108,3363.7518213525323,3.103448275862069,5.482776262501743,6.242066421098038,0.7592901585962943,112.1496837661712,0.500466395618723,3.2739420935412027
0,1,157565,6.321363396288972,189.4301897754595,0.07151230747788649,5.3413481444293875,107.39446807100299,3221.83404213009,3.670745272525028,6.317337857646746,7.502232989516082,1.184895131869336,107.4068323152843,0.5999031306252718,3.7416481069042318
0,1,158465,6.776005645971836,203.05430252428937,0.005515985763628436,5.824946351686052,111.45102073514737,3343.5306220544207,3.8042269187986655,6.772351050066969,7.108865075787783,0.3365140257208141,111.44447808808876,3.3766378837842694,3.6748329621380846
0,1,159365,5.369529260422876,160.90689350400552,0.04574111761636316,4.686149805543988,115.48564296676892,3464.5692890030678,3.003337041156841,5.37283608587992,5.854892029243867,0.4820559433639473,115.50060364450206,3.671858624452966,3.34075723830735
0,1,160265,6.600318455803354,197.78954305890716,0.03437138866526425,5.692099788303029,105.7456513225222,3172.3695396756657,3.5038932146829813,6.586579326107697,6.696305780198247,0.10972645409055026,106.01005671005058,6.181260918125702,3.6748329621380846
0,1,161165,6.67454941474514,200.01399746186274,0.017783158683850938,6.118823416309288,112.05278693035103,3361.5836079105306,2.135706340378198,6.670756954661508,6.736914245035098,0.0661572903735892,112.01317629038353,3.0695603349495286,2.6057906458797326
0,1,162065,6.460436743707558,193.59775441976984,0.0017592545344303856,5.916924876995563,115.33800271765979,3460.140081529794,2.502780867630701,6.453885087111615,6.621764845964521,0.1678797588529064,115.25911758396708,0.511007369545986,2.6726057906458798
0,1,162965,6.177481998694178,185.1185438942022,0.0013633890153471966,5.770615218503026,114.5596131598208,3436.7883947946243,1.7018909899888766,6.176315545744756,6.241622804885732,0.06530725914097602,114.64359564543787,0.20116243222979335,1.8040089086859687
0,1,163865,6.374958988315361,191.036271016517,0.002107539268022721,5.824946351682495,114.27639852364828,3428.291955709449,2.5361512791991103,6.3770357924075665,6.515946751957254,0.1389109595496878,114.3359781868848,0.8425380948022152,3.541202672605791
0,1,164765,6.104651992917156,182.9360713877508,0.0005039763009749171,5.636488268415467,113.85972791726192,3415.7918375178565,2.2691879866518354,6.102042388561611,6.102811451330561,0.0007690627689500573,113.82348861824897,1.3987035214041512,2.472160356347439
0,1,165665,5.984247494286826,179.32794991212853,0.0008710577107175656,5.408326913195322,113.78326136089922,3413.4978408269762,2.8031145717463852,5.977912529497605,5.9858741725038715,0.007961643006267227,113.75479488298173,0.17599297027129523,2.8730512249443207
0,1,166565,5.748778108327175,172.271717312871,0.011998923913195804,5.507267925207936,114.29215357569839,3428.7646072709513,1.8687430478309233,5.753975338533955,6.186565027446115,0.4325896889121599,114.28971285043444,0.27984037267984263,2.271714922048998
0,1,167465,5.3263404021636624,159.61266738483775,0.0036164722828340204,4.88364617882898,114.97064325319735,3449.1192975959207,2.8364849833147945,5.327727817809036,5.569025107774277,0.24129728996524147,115.07385319728927,2.1454614344691407,3.4075723830734965
0,1,168365,6.634970482109766,198.82794878055597,0.08849739323794384,5.474486277268465,108.98487938349435,3269.546381504831,3.8375973303670747,6.637270600838709,7.997188387294848,1.3599177864561396,109.21021808936304,6.074605142189469,4.810690423162583
0,1,169265,5.932277193935324,177.7705732449285,0.0012578392119034748,5.247856705360238,116.76353481545632,3502.9060444636903,3.370411568409344,5.934100056825022,5.9897895126709155,0.055689455845893576,116.74121071707896,0.22080612749886797,3.6748329621380846
0,1,170165,6.137788068619154,183.92904912295398,0.010481338402713002,5.604462507682524,109.79024769893287,3293.707430967987,2.8698553948832037,6.13760743172452,6.476085331492439,0.33847789976791853,109.68575464953764,0.19377938721722643,3.2739420935412027
0,1,171065,7.383802282914398,221.26794174466812,0.00336900536337859,6.640783086354568,115.89983597514974,3476.995079254492,2.703003337041157,7.37359905752815,7.719237860973187,0.3456388034450364,115.82154601141266,2.570080941404285,2.8062360801781736
0,1,171965,8.413859071771087,252.1353101840736,0.0019299994200280485,7.523961722390629,114.03422875904964,3421.026862771489,2.8364849833147945,8.418885640893329,8.478638900570383,0.05975325967705469,114.04517124647398,3.092862363849335,3.0066815144766146
0,1,172865,8.783926819751843,263.2250070318969,0.014033294006162503,7.782673062644254,111.55466429784526,3346.6399289353576,3.470522803114572,8.788198757467889,9.183825085562853,0.3956263280949637,111.67714562948355,0.24479669523124414,3.541202672605791
0,1,173765,7.0181771450320385,210.31137511279343,0.006539783465358137,6.363961030678566,114.67055753953515,3440.1167261860546,2.4694104560622914,7.01014940594894,7.542212116277829,0.5320627103288889,114.56152752323392,0.09693975111899533,2.739420935412027
0,1,174665,6.8613944770973,205.61312116368242,0.001823002803314898,6.307138812488817,113.43051342462843,3402.9154027388527,2.5695216907675196,6.857671741758857,7.02468727780922,0.1670155360503629,113.51709360790133,2.110398981153452,2.4053452115812917
0,1,175565,6.601703545778867,197.83104958850672,0.00652443702192228,6.0,111.55725058073801,3346.7175174221406,3.6040044493882095,6.6039996256905065,7.013296218720298,0.4092965930297918,111.58166549911924,1.0528514984061843,4.075723830734966
0,1,176465,5.7972371225199595,173.72387243818142,0.0014390653195286156,5.408326913198065,114.46017710318912,3433.8053130956737,2.202447163515017,5.800523522551549,5.925019471178853,0.12449594862730473,114.49730651942204,0.4033398602677565,2.472160356347439
0,1,177365,5.592022096793659,167.57426216724997,0.000590752709191963,5.3413481444293875,114.43821880457715,3433.1465641373143,1.8020022246941048,5.587764423298013,5.617162585839931,0.029398162541918182,114.49522961512602,1.6419524318853789,2.2048997772828507
0,1,178265,5.319683572210686,159.41318438058022,0.0027856671200004067,4.883646178829661,113.60276121096749,3408.0828363290243,2.636262513904338,5.323904037375644,5.372328233363834,0.04842419598818992,113.61787008884733,0.7032635603163442,2.939866369710468
0,1,179165,6.522599837341431,195.4605751256649,0.0018446437462625058,5.916924876994829,114.16132174375598,3424.839652312679,3.2369299221357064,6.51822807228239,6.73777843911156,0.21955036682916962,114.11808629599126,0.15184508922433793,3.541202672605791
0,1,180065,6.62131366574121,198.41869951671163,0.0027572158067568813,6.007495318349882,113.77490355056473,3413.2471065169416,3.0700778642936597,6.626348536193039,6.9020824145833055,0.2757338783902661,113.93920220874577,0.5913405281807442,2.939866369710468
0,1,180965,6.526907054506366,195.58964806670744,0.0009217132172133569,5.7939623747500955,112.35145503647384,3370.543651094215,3.437152391546163,6.527518913527473,6.546277407607871,0.01875849408039798,112.34400482780107,1.1426471754143535,3.4743875278396437
0,1,181865,6.3419245334158285,190.04633851802765,0.0015977394322964293,5.770615218503026,116.30595965646275,3489.1787896938827,3.170189098998888,6.344020417501818,6.66539924241924,0.32137882491742165,116.45101620990295,1.087666083951241,3.4075723830734965
0,1,182765,6.046059706811779,181.180255880793,0.0019877379042025386,5.408326913194848,114.59271559170315,3437.781467751094,3.0700778642936597,6.04930465976739,6.092361847437243,0.04305718766985356,114.58809740358265,0.44882707965843593,3.8084632516703785
0,1,183665,5.842359804830802,175.07604881809635,0.0009298142553476645,5.4332310828825925,114.48863332480828,3434.658999744248,2.436040044493882,5.842843137672263,6.054485271025551,0.2116421333532874,114.51160369501359,1.726328805422213,2.6057906458797326
0,1,184565,6.108616558182019,183.05487619352118,0.0017249093531008935,5.636488268416284,114.95381379651563,3448.6144138954696,2.636262513904338,6.107619950208997,6.201111097695477,0.09349114748647969,115.01765039553365,0.4953001795787628,2.939866369710468
0,1,185465,6.056044989886513,181.47948153026584,0.0007392796007500326,5.408326913194517,114.96449700724489,3448.9349102173464,3.2369299221357064,6.053049017890542,6.116320495135189,0.06327147724464632,115.02353405282847,0.785367912849047,3.4075723830734965
0,1,186365,5.904934069023983,176.95119093508538,0.00022605103581720248,5.366563145998809,114.49657124360343,3434.897137308103,2.636262513904338,5.904298015711675,5.946029251188561,0.04173123547688551,114.45367948940674,0.6602669419254852,2.8062360801781736
0,1,187265,5.779248374706053,173.18480962869137,0.001266376205077526,5.239274758972402,114.92404116537709,3447.7212349613123,3.5706340378198,5.781140142213942,5.822071688421024,0.040931546207082725,114.91443748803262,0.10478137197135595,3.6748329621380846
0,1,188165,6.101209391413768,182.83290809603255,0.0008543592898281016,5.636488268416964,113.40802728412977,3402.2408185238937,3.0367074527252504,6.101116463744489,6.15170991801758,0.050593454273090366,113.39363961867673,0.042357443135145445,3.0734966592427617
0,1,189065,5.9786839870065815,179.1612301439639,0.001224132708948387,5.515432893256084,114.1454312573229,3424.3629377196876,2.7697441601779755,5.972761694976235,6.039852736351364,0.06709104137512867,114.04585022072553,0.463645142382866,2.939866369710468
0,1,189965,6.3067031690508,188.99087163255564,0.0025154366920140175,5.692099788301681,114.2169349908809,3426.5080497264266,3.3036707452725254,6.296691637456449,6.778570803131892,0.481879165675442,114.07940143170362,0.02062896114255608,3.6080178173719375
0,1,190865,6.595039127238437,197.6313391795785,0.002064053012952308,6.118823416310794,113.40005310163234,3402.0015930489703,2.8031145717463852,6.598346616475809,6.643431312213514,0.045084695737704905,113.43457167433512,2.6784709326003338,3.0066815144766146
0,1,191765,6.668909346933042,199.8449834297601,0.0017513574471233583,6.1846584384246714,112.51470032261442,3375.4410096784327,2.8698553948832037,6.665562130951944,6.820427930477045,0.15486579952510082,112.31709106312238,4.001785092038823,3.6748329621380846
0,1,192665,6.375808621863616,191.06173170184636,0.001156208615802092,5.824946351682495,112.74089896018559,3382.226968805567,3.7374860956618465,6.379012672515016,6.645042481094875,0.2660298085798596,112.78391121169881,1.9059051069213027,4.743875278396437
0,1,193565,6.108549490187749,183.0528663892929,0.0008825589426740787,5.316013544001023,115.32331095975329,3459.699328792599,4.938820912124583,6.1086370448843175,6.303668678859081,0.19503163397476353,115.3816619916613,0.7183741842468336,5.3452115812917596
0,1,194465,6.614840726520838,198.22472710474113,0.0017656727549186341,6.067124524848359,116.59824099074267,3497.94722972228,3.9043381535038932,6.618074630377704,6.748996440614611,0.13092181023690674,116.53658629103919,0.8201538934617005,3.8084632516703785
0,1,195365,6.4198083493226825,192.38025686803638,0.0037194136469563517,5.692099788304916,115.79315101108381,3473.794530332514,4.972191323692993,6.4180807437502665,6.712483694868383,0.294402951118117,115.98075861790564,3.068912926833434,5.144766146993319
0,1,196265,6.894933664943718,206.61817882614676,0.001822508599265689,6.356886030126348,115.3849060585865,3461.547181757595,3.403781979977753,6.893791912600151,7.136297733788282,0.24250582118813035,115.35994156241861,2.1110041531316313,4.008908685968819
0,1,197165,6.443270345930295,193.0833346997112,0.0006321910502899474,6.029925372672989,112.41420865063651,3372.4262595190958,3.1368186874304786,6.438605806128436,6.6359824628902,0.19737665676176475,112.43600247189235,0.3065839304238196,3.6080178173719375
0,1,198065,6.300065345221432,188.79195817846892,0.0023402185397634304,5.604462507682753,116.50903731333901,3495.27111940017,3.170189098998888,6.288997664844986,6.331120649865445,0.04212298502045897,116.47034873587631,1.0544316436775176,3.34075723830735
1,1,0,59.88659383176022,1794.6015951584145,0.09320582003016593,42.03962416578074,29.51585921920852,885.4757765762556,6.740823136818688,59.89939595375344,68.79065403112143,8.89125807736799,29.653664419330802,4.783486006816725,6.6815144766147
1,1,900,40.186398973338605,1204.252422567714,0.252012836262913,25.526456863420492,45.3136035715727,1359.4081071471805,6.740823136818688,40.19505433309368,42.85049440245716,2.6554400693634825,45.61763952392518,7.767377152723018,8.084632516703786
1,1,1800,31.86559821365758,954.9057598026055,0.16385319082962949,22.199999999998152,64.87018839076173,1946.1056517228515,6.206896551724138,31.888476633318152,34.64370011107664,2.755223477758488,64.87634996924729,4.00146431421248,6.614699331848552
1,1,2700,36.004821356484705,1078.9444799826583,0.13459769775497654,22.177691493931178,59.01685114137273,1770.5055342411815,7.1412680756396,36.0306440911601,36.1077454505652,0.07710135940510199,58.850261268060166,2.9168795093573365,7.282850779510023
1,1,3600,38.240233365731214,1145.932326526412,0.029090435196822462,26.170594185079423,52.91406609953541,1587.4219829860622,6.974416017797553,38.14470642604195,40.79751889422388,2.652812468181928,52.96429583782742,2.5035899686721166,7.149220489977728
1,1,4500,37.67471466965867,1128.9856162674378,0.05900955174991665,26.715164233071384,60.65769196031468,1819.7307588094409,6.206896551724138,37.70362262083439,45.28830038893727,7.584677768102887,60.61596040941021,1.046910508422446,6.21380846325167
1,1,5400,45.05836627219491,1350.2490426234408,0.2511493632312709,31.86361561405142,55.220910441917816,1656.6273132575348,6.273637374860957,45.091785473561735,52.53346886965115,7.441683396089417,55.24230599551866,0.8032367097257378,7.55011135857461
1,1,6300,45.410400881334844,1360.7983464106674,0.23892216626445847,33.35940646954129,32.73730278960353,982.1190836881059,6.206896551724138,45.37679476914242,47.65024340600488,2.2734486368624616,32.860043824453975,1.5792471779235076,7.216035634743875
1,1,7200,59.400414928082014,1780.0324340115244,0.1817928851029457,39.60113634733349,30.656726828641922,919.7018048592577,6.8409343715239155,59.441504477098675,72.1870864072661,12.745581930167418,30.67302137624176,0.2353792127093257,7.6837416481069045
1,1,8100,114.34511852104275,3426.5420516805807,0.0065791017847536834,89.7020066665177,26.780744476490753,803.4223342947226,6.073414905450501,114.42066017990597,148.2580224514295,33.83736227152353,27.015541043891922,7.718008518133983,7.8841870824053455
1,1,9000,34.488153093048844,1033.4949876883638,0.09445890485757265,23.81931988953521,49.42689316707519,1482.8067950122559,6.8409343715239155,34.38711970768938,37.618937954619874,3.231818246930498,49.50368699082445,4.646764140626967,6.815144766146993
1,1,9900,41.83050902537544,1253.5209204604175,0.10116699123379519,28.176053662639728,41.507839938301636,1245.2351981490492,6.140155728587319,41.87709088397831,42.358424235612695,0.4813333516343832,41.44563883217212,4.260775769871696,6.414253897550111
1,1,10800,41.00646684098244,1228.8271230014402,0.06405381869354493,30.83147742162161,31.37800676914258,941.3402030742774,5.372636262513905,40.82083168526938,41.92680940714855,1.1059777218791744,31.42721903883246,1.4040649594007402,5.412026726057906
1,1,11700,43.46815257050879,1302.5956386962466,0.06660502895944077,31.505713767505203,30.35730772408984,910.719231722695,6.273637374860957,43.47439434100272,46.1354172362007,2.661022895197984,30.349433941255704,0.6780832649311694,6.547884187082405
1,1,12600,41.954956637399455,1257.2502005674037,0.02955886697873657,31.017736861349206,34.834412161091514,1045.0323648327455,5.973303670745273,41.97639966380454,42.82419409052975,0.8477944267252049,34.798683963628704,0.3502062607061802,6.080178173719377
1,1,13500,49.34505298905595,1478.7067545720433,0.0319923041446036,35.68865365911023,33.465862789905145,1003.9758836971545,6.273637374860957,49.25789150594862,51.58863556848492,2.3307440625362936,33.54651889847563,5.338058753694744,6.347438752783964
1,1,14400,34.5836834075626,1036.3577127799592,0.06665482559067701,22.35754906066445,51.01564157713363,1530.4692473140087,7.374860956618465,34.544097288455916,34.651045521018744,0.1069482325628286,51.117048220632185,4.662981784681282,7.216035634743875
1,1,15300,66.01235529889509,1978.1702471235558,0.13690473779468285,46.018474550988394,35.43059406118391,1062.9178218355173,6.740823136818688,65.94585928807633,70.74339848312303,4.797539195046699,35.47285897125799,3.0572827989451703,7.4832962138084635
1,1,16200,72.90615685382576,2184.754500386312,0.16289382688437493,52.99141439893828,24.099009541458148,722.9702862437445,6.540600667408231,72.98036840499334,82.7820472713042,9.801678866310855,23.847186058122535,1.8565296477664042,7.015590200445434
1,1,17100,58.600525700313334,1756.062420152723,0.014366243390228899,41.18859065323814,27.067031069376494,812.0109320812949,6.7074527252502785,58.563727334553555,69.97230279357154,11.408575459017989,27.046070477217697,5.147211548171457,6.881959910913141
1,1,18000,51.81278042761547,1552.656320147544,0.12939706307043902,37.80595191236437,25.670730825998504,770.1219247799552,6.206896551724138,51.84313720653407,54.2378774773215,2.394740270787434,25.659385527501108,2.4262839468039097,6.21380846325167
1,1,18900,50.820351603112236,1522.9165363732636,0.0920040603755024,36.453394903629636,27.333828470033264,820.0148541009979,6.7074527252502785,50.80690235745262,54.177651903359916,3.3707495459072945,27.361489251852504,1.865442834094944,7.216035634743875
1,1,19800,54.12403909195313,1621.9170381221952,0.007936673511751155,41.07809635316543,25.81795354884889,774.5386064654666,6.273637374860957,54.17106105173366,58.15781231358594,3.9867512618522873,25.783633256716275,1.6588039191931259,6.21380846325167
1,1,20700,66.01878341562806,1978.3628763549873,0.015905365910346945,47.18400152594021,21.454075109721582,643.6222532916474,7.575083426028922,66.02373403496026,70.15484502611041,4.131110991150155,21.45656842252879,0.48313153172190404,7.55011135857461
1,1,21600,91.65935654252526,2746.7253843910075,0.07140137814075065,70.96379358518037,18.97795978576469,569.3387935729407,6.240266963292548,91.72489808807507,99.21396094273182,7.489062854656751,18.958872079540534,0.6240460437518038,6.414253897550111
1,1,22500,74.6456212429773,2236.880449914553,0.0765969948448218,49.776500479643566,23.731209345138954,711.9362803541686,7.2747497219132375,74.58127844845271,86.53498380806616,11.953705359613458,23.496856220995973,3.4752822354202504,7.616926503340757
1,1,23400,59.16662223886777,1773.0264464247375,0.1114574259426418,44.784483920215806,21.081493530443254,632.4448059132976,6.040044493882092,59.19855009270769,62.27166079064399,3.0731106979363005,21.00936882748554,1.5597962461656572,6.481069042316259
1,1,24300,66.15909584076641,1982.5675720283,0.09707629637642533,49.30415803966338,19.30924486103728,579.2773458311184,6.7074527252502785,66.11030915324213,70.60441077733125,4.494101624089119,19.335973557323925,0.8773539791264238,6.815144766146993
1,1,25200,84.6071892145998,2535.3954367975075,0.06285294098969788,61.36521816143321,21.79279416151186,653.783824845356,6.8409343715239155,84.46234230400988,84.72103047481946,0.2586881708095774,21.82126550327372,0.49782261528519633,6.881959910913141
1,1,26100,59.608344683596464,1786.2633956851073,0.08749412720648787,43.20104165410654,23.00461298570604,690.1383895711813,6.8409343715239155,59.60275536998615,60.58041171177146,0.9776563417853126,22.90616826158528,0.37716906272715,6.948775055679287
1,1,27000,79.48710603187072,2381.9636107550596,0.05304897651126843,55.9361242847585,20.233763158297243,607.0128947489173,7.1412680756396,79.37110708682965,86.65562775915281,7.284520672323147,20.22318210698767,0.7413674823225467,7.282850779510023
1,1,27900,58.56644082958791,1755.0410101933176,0.07632533618540191,39.22550190883346,33.8536940041217,1015.6108201236509,7.5417130144605125,58.56983300582357,63.28959541849659,4.71976241267302,33.9388844679845,4.981714529351697,7.616926503340757
1,1,28800,111.90093337591425,3353.2979701648965,0.06284482059931765,89.36777942860571,20.016083774906072,600.4825132471823,6.206896551724138,112.02554466029721,119.76736337408867,7.74181871379146,20.002774628957685,1.062069846681343,6.414253897550111
1,1,29700,114.92411859120703,3443.89275378317,0.01206786543045343,95.2418500450315,24.266128978483945,727.9838693545182,6.073414905450501,114.85053940028902,147.04169109089503,32.191151690606006,23.890993240551243,12.572604202585946,8.88641425389755
1,1,30600,121.15618213139741,3630.646924537543,0.016574794476092346,98.75515176434993,17.81564719841007,534.469415952302,6.073414905450501,121.29109992887115,130.61161631428214,9.320516385411004,17.85174997269437,2.539228457995833,7.216035634743875
1,1,31500,166.06916093502247,4976.5391893528395,0.09932941251995184,153.0158815286834,12.454414220752726,373.63242662258176,1.6017797552836486,166.1817374428511,177.26254866623805,11.080811223386931,12.419226229159246,0.7588433462066604,2.0044543429844097
1,1,32400,130.6660069333573,3915.6246744362734,0.12890043841612756,107.2054103112334,18.691528277110763,560.7458483133228,5.906562847608454,130.72464476933754,134.30638973288674,3.5817449635492054,18.75016327199816,0.3209019788220857,6.280623608017818
1,1,33300,114.5987260097059,3434.1418227575195,0.06193997602502016,91.53933580707478,22.63879523588411,679.1638570765233,6.173526140155729,114.63553558143275,118.98160596019288,4.346070378760132,22.63142351480238,1.1291029330440008,6.881959910913141
1,1,34200,131.45166314713484,3939.1681723091397,0.044361237920418045,112.63591789478191,17.869951617012287,536.0985485103687,4.705228031145718,131.51253159558726,144.9281599024839,13.415628306896657,17.84595191485549,1.6430069633779496,5.812917594654788
1,1,35100,100.26518817915978,3004.613472435488,0.05675536618984634,83.06154344821753,23.650983393764047,709.5295018129214,5.973303670745273,100.33928713752607,106.17171954760741,5.832432410081346,23.610070363944303,1.4184283377462688,5.7461024498886415
1,1,36000,67.52801043287565,2023.5893793051735,0.013353614060458074,44.61535610078674,40.871662463715104,1226.1498739114531,7.975528364849834,67.5213492025496,75.60550363019065,8.084154427641046,40.847087940335136,2.4910176437990117,7.750556792873051
1,1,36900,70.6410850535803,2116.8778487722893,0.06276441912210273,43.70125856311357,43.24453048684758,1297.3359146054272,7.8086763070077865,70.59640677673565,76.44171437832233,5.845307601586683,43.30990865233545,0.5144844076653783,7.6837416481069045
1,1,37800,63.53748578859629,1904.0066574649352,0.004751439744092722,42.651729156034044,47.345347306006175,1420.3604191801855,7.5417130144605125,63.576411733422475,64.35370718913983,0.777295455717347,47.314761962796965,1.3793860937492468,8.285077951002227
1,1,38700,69.00128682290878,2067.7385617931664,0.02142723415775213,50.05776663016389,42.799874958443446,1283.9962487533035,6.807563959955506,69.07812567237751,74.02142247555686,4.943296803179351,42.79987495844345,2.3539206812602167,6.815144766146993
1,1,39600,60.466556877265205,1811.981154422047,0.026450420926414454,44.96798861412481,43.43365364854142,1303.009609456243,6.674082313681869,60.4374038181674,63.87574427823318,3.438340460065781,43.4397308416995,0.41869657755081846,6.948775055679287
1,1,40500,66.82854710385112,2002.6287948787387,0.03921348368377255,48.2888185815317,40.814881512916735,1224.446445387502,7.041156840934372,66.81981310131731,73.41041040167094,6.590597300353636,40.89109085817743,4.877100159552839,7.216035634743875
1,1,41400,53.51927343498426,1603.7942272683615,0.007144981054814154,36.400274724238486,50.434325764910184,1513.0297729473054,7.341490545050056,53.5707915212443,56.11216988034269,2.5413783590983883,50.573393658471105,0.46189479210211104,7.750556792873051
1,1,42300,54.39610751987859,1630.0700220123617,0.06811939656336204,37.50119998080064,47.241192327611564,1417.2357698283467,7.007786429365963,54.41745715024583,55.064900827985156,0.6474436777393251,47.13572441129874,0.8517190025776387,7.349665924276169
1,1,43200,51.302055078659606,1537.3515838571661,0.08818675416370172,34.614592298623606,45.19127329938501,1355.7381989815506,7.007786429365963,51.21599048163182,60.014535480096704,8.798544998464887,45.375954495813296,5.9460968756896335,7.6837416481069045
1,1,44100,59.55819339966411,1784.7605288766013,0.07153829593563583,37.99710515289114,39.33600607563843,1180.0801822691526,8.275862068965518,59.60839069513881,68.78607715411687,9.177686458978055,39.04149453540615,12.068553028658393,8.68596881959911
1,1,45000,87.31118258033705,2616.4251046574327,0.014650779094667873,66.14778907869726,26.390129514036737,791.7038854211021,7.10789766407119,87.26491669786495,93.03511529287591,5.770198595010959,26.39347219946165,1.6887446917727758,7.416481069042316
1,1,45900,56.4033400135571,1690.2200890729275,0.003154684002929837,41.085763957848044,42.34810443446815,1270.4431330340446,7.208008898776419,56.457483295239626,69.73336600924873,13.2758827140091,42.28954571398185,4.926060996654524,7.55011135857461
1,1,46800,54.803803536675645,1642.2873126490467,0.11561258416568919,38.438652421748756,43.99140633553897,1319.7421900661693,7.6751946607341495,54.82576826090131,56.0823827920199,1.2566145311185828,44.01880289552096,0.3558953527247475,8.017817371937639
1,1,47700,42.49015954739613,1273.2884477703042,0.06728153037056116,26.983328186122204,52.8100370913172,1584.3011127395162,7.708565072302559,42.36274160495899,43.45156526257147,1.0888236576124797,52.89055859056327,4.4426145201828255,8.619153674832962
1,1,48600,71.89935883696728,2154.584119814453,0.0542814723017613,56.288187037779494,34.870679241377076,1046.1203772413123,5.839822024471635,71.93408654202268,72.96298894544351,1.0289024034208296,34.86663256396301,2.7901924558422273,6.013363028953229
1,1,49500,43.64493993131714,1307.8933666084704,0.08888854428602054,34.609391788935504,50.805734430736855,1524.1720329221055,4.705228031145718,43.55122448754028,45.76586208738998,2.2146375998497057,50.823779749352255,0.7600369527321469,4.810690423162583
1,1,50400,33.790756404855884,1012.596333598848,0.07033190786256617,27.379006556118558,55.780350504922225,1673.4105151476667,5.139043381535039,33.81433425774894,37.422848018431075,3.6085137606821327,55.715679115595336,1.671799456131815,6.347438752783964
1,1,51300,23.94894909579636,717.6701745706977,0.07425461012103199,16.23607095328153,57.62715608080293,1728.814682424088,7.241379310344828,23.91581781641274,26.43849208697094,2.5226742705581966,57.71410662663237,1.2577159359538044,6.948775055679287
1,1,52200,20.388679621751294,610.9807659984804,0.042751970513378444,12.657013865838168,55.11067137069844,1653.3201411209534,8.109010011123472,20.329869688145223,21.085748625302834,0.7558789371576093,55.158368578279564,0.18777800409208467,8.151447661469932
1,1,53100,70.8452671192698,2122.9965046741186,0.0422454164168736,53.290336835115966,28.756270411448302,862.688112343449,7.508342602892102,70.8495856452463,91.65355318045917,20.80396753521287,28.764464126395417,8.32073776881422,7.015590200445434
1,1,54000,83.17535437420241,2492.4881194135987,0.12175007563157013,64.55857805125598,30.030895804302283,900.9268741290684,6.941045606229144,83.0372295864473,90.7592653552911,7.72203576884381,30.02539188214131,6.581864709779513,7.6837416481069045
1,1,54900,60.63179237452859,1816.9327114900398,0.06230874485921805,46.63142717095287,52.77795187254569,1583.3385561763707,6.10678531701891,60.68442688536217,62.16596145017858,1.4815345648164104,52.58525517983282,0.9346087267497225,6.21380846325167
1,1,55800,78.26521173433649,2345.34751163895,0.1131682931903274,65.55463370349709,48.785981819906716,1463.5794545972014,5.706340378197998,78.16358441266676,78.42373640340848,0.26015199074171846,48.53763907288655,1.8409754841595145,6.881959910913141
1,1,56700,54.40157007592899,1630.2337166086722,0.13523351096548744,38.72324883064587,45.978812982095135,1379.364389462854,7.241379310344828,54.42202701760776,57.430210712654635,3.008183695046874,46.0466492288226,1.7092959542900665,7.282850779510023
1,1,57600,56.18251200329992,1683.6026096988876,0.08662179323225223,40.52221612893525,51.689317995969525,1550.6795398790857,7.2747497219132375,56.22878835732153,58.0906439305794,1.8618555732578699,51.59640509791248,1.4743751347647702,7.4832962138084635
1,1,58500,78.58599772020759,2354.9603983488873,0.15569124175350196,64.43019478474454,50.22268517521436,1506.6805552564306,5.372636262513905,78.61146085342409,85.72866283797117,7.117201984547087,50.39773118160943,5.362631437641763,5.812917594654788
1,1,59400,70.45143774703071,2111.194751152687,0.09061252944296377,63.412932434952765,66.73955514677718,2002.1866544033157,4.438264738598443,70.47183337050359,75.12266065481377,4.650827284310182,66.43964932645127,3.771036647352073,4.677060133630289
1,1,60300,73.83068384889339,2212.4594926718387,0.08401806363782152,63.11846005726144,56.70869898691562,1701.2609696074687,5.3392658509454956,73.83710446680587,82.2987095875479,8.461605120742043,56.182529215777826,15.767751521042577,7.149220489977728
1,1,61200,68.9431764551739,2065.997187773378,0.010899226239639943,49.8623104157831,49.86206338599411,1495.8619015798233,7.942157953281424,69.0199505937654,77.38144851138097,8.361497917615559,54.70100672838237,22.227666572759063,9.287305122494432
1,1,62100,68.16729499495052,2042.746606682017,0.1671923868077179,50.59693666616903,36.26400239942602,1087.9200719827804,7.508342602892102,68.10068276526212,74.856517507975,6.755834742712878,36.51052042946004,2.0999182253569515,8.351893095768373
1,1,63000,43.71558615654528,1310.0103984911402,0.1113559305636957,29.16024691253394,58.62879274781638,1758.8637824344914,8.542825361512792,43.68743487761985,49.93751501679668,6.250080139176827,60.06899248521991,7.023639414126787,10.22271714922049
1,1,63900,45.394264287267816,1360.3147864751259,0.01001333830335587,31.408438356593496,55.928447339307944,1677.8534201792384,7.5417130144605125,45.39708744194721,48.06909550224932,2.672008060302108,55.96729508062874,3.3619542033860057,8.084632516703786
1,1,64800,42.992194871614444,1288.3327729860462,0.05390018480506347,27.9177362979154,61.5370744952277,1846.1122348568315,7.6751946607341495,42.92560128118496,46.434660706555704,3.5090594253707437,61.55248559201124,6.417822897846932,7.951002227171492
1,1,65700,44.11696558418592,1322.0384020061047,0.01888779662526442,34.76506867532527,56.73528301988052,1702.0584905964154,5.439377085650723,44.07089374960689,47.854983073616864,3.784089324009976,56.63486484323374,3.4941575981758,6.414253897550111
1,1,66600,60.476204842816955,1812.2702717897478,0.15780156798134068,41.94532155079865,43.56926204862598,1307.0778614587794,6.7074527252502785,60.439273159493055,85.60501633450787,25.165743175014807,43.23050567850517,15.276149054986451,8.21826280623608
1,1,67500,16.971512929199235,508.57967077833706,0.129073562940718,9.124143795448171,75.69654619394056,2270.896385818217,9.043381535038932,16.94146693512321,22.957204863063474,6.015737927940263,75.90338848456642,13.317023857338334,7.951002227171492
1,1,68400,4.0365650212567274,120.96239847032659,0.0017042922750198906,3.5114099732164816,112.32363841650718,3369.7091524952148,2.969966629588432,4.039261029696725,4.110332133764907,0.07107110406818218,112.41967396525034,1.3631728736130668,2.8730512249443207
1,1,69300,45.450956557344135,1362.013664835079,0.04730917526758355,13.868309197592168,72.7527386633406,2182.582159900218,12.480533926585096,45.488354032055085,83.43929363235897,37.95093960030388,71.83496768998654,35.17964411539168,7.55011135857461
1,1,70200,34.5803788112096,1036.258685042581,0.050917004302596366,10.602358228244444,66.2817554533613,1988.4526636008393,10.945494994438265,34.56916919695317,58.49856553244034,23.929396335487166,62.685864144948184,26.429806572163557,9.086859688195991
1,1,71100,6.621627415510355,198.42810155146032,0.08833732676009065,4.883646178830289,111.08936902819406,3332.681070845822,3.5706340378198,6.616586307392174,8.23628065605874,1.6196943486665663,110.94383889493604,1.9919869222515842,5.144766146993319
1,1,72000,9.24274468608546,276.97424909302765,0.1389028629561083,5.916924876995563,99.92800273675816,2997.840082102745,5.372636262513905,9.245825571099502,10.529310384684955,1.283484813585452,99.96515844462112,2.6103392411525874,6.080178173719377
1,1,72900,14.626745065104823,438.31479378430777,0.16649599460185466,9.202716990107582,79.79133472047697,2393.740041614309,8.075639599555062,14.612999810929225,14.80577868245609,0.19277887152686546,79.94449301711903,3.1504970588693197,8.953229398663696
1,1,73800,13.2079784344145,395.79908708462114,0.16454077584463486,9.972462083156909,90.33138338290442,2709.9415014871324,6.073414905450501,13.20892451512718,13.399172564954725,0.19024804982754517,90.2368645869266,3.47797669732239,6.146993318485523
1,1,74700,12.012729699122751,359.9814666503785,0.1550768278211767,8.736131867136992,94.99123000614617,2849.7369001843854,5.57285873192436,12.020824702696103,12.686462352321426,0.6656376496253218,94.90573713739789,0.8962427366465349,6.013363028953229
1,1,75600,10.211496772018846,306.0045199348314,0.11850304312332739,7.500000000000205,97.79172993155224,2933.751897946567,5.63959955506118,10.210394994680831,11.097965179610641,0.8875701849298103,97.82771594476269,6.59455314974187,6.748329621380846
1,1,76500,8.371391140257257,250.86268783637576,0.13197156899347595,6.579513659838552,102.10004726164573,3063.0014178493716,4.872080088987764,8.372640097446679,9.001774388604845,0.629134291158167,102.05459304522759,3.8249891679775985,5.144766146993319
1,1,77400,9.442505969146788,282.96042887543206,0.1271059226787138,7.022819946432527,98.64969073866561,2959.490722159968,5.239154616240267,9.439653804954029,12.173749961794607,2.7340961568405784,99.07982860590266,8.759886613111846,6.347438752783964
1,1,78300,11.155448648380455,334.29161116313435,0.03417008006163655,8.736131867136992,86.84324186446062,2605.2972559338186,5.372636262513905,11.135610827416802,11.243768353194888,0.10815752577808624,86.81555512767676,1.5463130724663114,5.478841870824054
1,1,79200,7.200726644416109,215.78177511100273,0.027478185734541995,6.1846584384256635,107.9572269641305,3238.7168089239153,3.437152391546163,7.200059302149312,7.524810930622802,0.32475162847349015,107.86838149083428,1.270092734368781,3.6080178173719375
1,1,80100,9.916297066464688,297.1583687583918,0.07090389829548048,7.742092740336329,96.93484243522913,2908.0452730568736,5.072302558398221,9.923664880569882,11.699397396908582,1.7757325163386994,96.89081818541737,9.991354074618599,5.412026726057906
1,1,81000,18.491849735704637,554.1390970799489,0.047399738740670126,14.160508465447046,74.25259954308665,2227.5779862925992,6.173526140155729,18.50234207407992,18.519258819464916,0.01691674538499477,74.28725666184297,2.36829039370312,7.149220489977728
1,1,81900,12.063885257214828,361.514428207871,0.10244073427705433,7.571657678473994,103.68190734443584,3110.457220333076,5.672969966629589,12.067905840260542,13.330864948508415,1.2629591082478733,103.63478957636133,0.11428307845815766,6.21380846325167
1,1,82800,9.447485438183216,283.10964696422377,0.065980538561773,7.92590688817378,111.2150661797782,3336.4519853933466,3.5038932146829813,9.449339349514553,9.48776673386172,0.03842738434716697,111.11518755321623,3.4622650884315007,4.342984409799555
1,1,83700,9.263861776373743,277.60705789866654,0.138675578634789,6.118823416311212,100.70881645614246,3021.264493684274,5.005561735261402,9.225264585535385,10.586667035126109,1.3614024495907229,100.7096968838555,5.827600949446975,6.080178173719377
1,1,84600,5.782747085082542,173.28965431630684,0.01780702847567185,4.429446918068995,109.38741049548538,3281.622314864562,2.703003337041157,5.787047541445409,7.316556623005806,1.529509081560398,109.27769358546396,5.043765254664358,3.541202672605791
1,1,85500,6.604180786245865,197.90528422783441,0.04395534070085051,4.799999999999045,107.04176985824064,3211.2530957472195,3.7041156840934373,6.588995516127966,7.129634866742589,0.5406393506146228,107.0750068969339,1.354957114362712,4.743875278396437
1,1,86400,9.958311937557179,298.4174143954634,0.121758181124684,5.731491952362447,95.31931581986814,2859.5794745960443,5.672969966629589,9.963557433361407,10.973431812816969,1.009874379455562,95.22284356437771,1.574299477553943,6.21380846325167
1,1,87300,7.335045702173119,219.80686954178776,0.09688650302485745,4.947726750740829,106.97462735522612,3209.238820656784,5.3392658509454956,7.336532390037455,7.907245381726025,0.5707129916885703,106.86585770873168,3.911928788420944,4.409799554565701
1,1,88200,6.869092174649262,205.8437955003229,0.14621537688105174,4.210700654285457,106.2163523523099,3186.490570569297,3.870967741935484,6.873334580513954,7.340775847324683,0.46744126681072906,106.25532084547339,3.1190409233351417,4.20935412026726
1,1,89100,6.883310404049195,206.26986844134086,0.11440568146155024,4.920365840057325,106.55000857853409,3196.5002573560223,3.8042269187986655,6.878210544917038,7.421075042414145,0.5428644974971073,106.45312543362323,1.5776187944844366,4.20935412026726
1,1,90000,7.334108969906343,219.7787987981934,0.1566369551087953,4.509988913512024,100.70834888977267,3021.25046669318,4.6384872080088995,7.298814174222748,8.384758925428802,1.0859447512060538,100.79577391979511,0.592130783867475,5.5456570155902005
1,1,90900,9.466087327555273,283.66708358240635,0.22680719186135287,4.883646178829661,95.6703701358183,2870.111104074549,6.140155728587319,9.467859537442258,11.101762361942473,1.6339028245002152,95.57709703528724,6.053235695770255,6.748329621380846
1,1,91800,12.76860900067648,382.63264972027184,0.2651801170754565,6.64078308635322,82.28208028947356,2468.4624086842064,6.740823136818688,12.76909421907962,13.383532443630852,0.6144382245512316,82.12254708130678,2.184959236237141,7.416481069042316
1,1,92700,9.330423504707014,279.60169102438687,0.1838757456548703,5.247856705363163,98.3387196864539,2950.161590593617,5.806451612903226,9.309403506096995,9.673322342786136,0.36391883668914105,98.40025425830245,0.4388294067083436,6.013363028953229
1,1,93600,5.4578407375242906,163.5532941011446,0.14088553733672404,4.16773319683336,110.50487161495245,3315.146148448574,2.8031145717463852,5.459423981982422,6.846728367345392,1.3873043853629698,110.39833362902635,5.714008732356795,4.142538975501114
1,1,94500,6.128987796914031,183.6653343141905,0.07872053266189935,4.965883607173402,109.48270994781741,3284.4812984345226,3.3036707452725254,6.130594520735157,7.082452548229749,0.951858027494592,109.44412772356853,3.1457912760318436,4.610244988864142
1,1,95400,12.091621212301046,362.3455823286214,0.2326522953361698,6.476109943474497,93.4957736334729,2804.8732090041863,6.674082313681869,12.094708391000484,12.77539007689897,0.6806816858984872,93.31437006904176,2.9935365465823054,7.082405345211582
1,1,96300,9.225357666313354,276.4532180671901,0.11427311236657638,4.589117562232844,100.47667068227,3014.3001204681,5.239154616240267,9.229204818259692,12.109158081715895,2.879953263456203,100.29639409418564,8.38472225520529,6.547884187082405
1,1,97200,5.9118102530237016,177.15724724894358,0.15723026419243194,4.242640687118924,105.43613733400093,3163.0841200200284,3.470522803114572,5.912233508679211,6.828151851807611,0.9159183431283999,105.39059919791836,3.700647535959803,4.276169265033407
1,1,98100,62.025163973823844,1858.6874137489212,0.10016334729818889,12.913945950020452,72.71399981534405,2181.4199944603215,8.2091212458287,61.990417895876476,92.07233746102544,30.08191956514896,72.94932973900227,23.30515469641013,8.619153674832962
1,1,99000,15.736944778874726,471.58377854027924,0.08808555389964957,9.415412895885042,95.55463556892319,2866.6390670676956,6.173526140155729,15.719619497412982,17.848192146887115,2.1285726494741333,95.60237744345031,6.774750501509807,8.151447661469932
1,1,99900,16.48388629280042,493.9671259075859,0.21891664364460794,9.004998611880808,99.68830125820848,2990.649037746254,7.575083426028922,16.480648710572545,20.768371225740847,4.2877225151683,99.74812291933893,2.6534037780216977,7.416481069042316
1,1,100800,14.2402339124697,426.7323429103419,0.3035305599221665,9.66074531286198,100.2713595067579,3008.140785202737,5.6062291434927705,14.24498644234644,16.235552115847153,1.9905656735007131,100.32047723600452,2.1850306620382867,6.080178173719377
1,1,101700,17.698662347673405,530.369915018613,0.21573581007221151,11.76520293067663,97.34619816745432,2920.385945023629,5.973303670745273,17.693378085101635,23.524476228005692,5.831098142904058,97.08032224747468,13.600663954500959,7.149220489977728
1,1,102600,21.15657593995726,633.9920590007191,0.13833617225912717,12.614277624976419,94.68948928579378,2840.684678573814,6.340378197997776,21.146263551857515,23.407069047494403,2.2608054956368875,94.72783523274236,4.324754122890944,6.881959910913141
1,1,103500,18.749426312437148,561.8578084960332,0.2085598679605401,10.217631819555912,96.51015406406547,2895.3046219219646,6.473859844271413,18.75959412378159,18.95060594114106,0.19101181735947037,96.38268426854503,1.9866886782126087,6.547884187082405
1,1,104400,20.142028495698124,603.5894539210872,0.34158610587193633,12.007497657713325,86.31329283741513,2589.398785122454,6.473859844271413,20.15400014713487,25.79422482365201,5.640224676517138,88.79504329420357,14.243146172231867,6.414253897550111
1,1,105300,21.26274759402333,637.1736695675659,0.3875538940599062,9.82700361249507,71.46985573485752,2144.0956720457257,9.076751946607342,21.275808394073202,22.144285214893323,0.8684768208201223,71.32537610729045,4.7188421442429345,9.487750556792873
1,1,106200,9.345283842100335,280.04700580160664,0.33043155444771655,5.692099788304916,107.16139406321322,3214.8418218963966,5.406006674082314,9.345757831625626,12.660170970368108,3.3144131387424833,106.8657738165011,9.403370305960031,6.080178173719377
1,1,107100,6.021985973922363,180.4588463518735,0.002278060090333966,5.247856705360676,115.78632158998604,3473.5896476995813,3.403781979977753,6.023462859469326,6.0827793509950006,0.05931649152567475,115.6644426486308,0.2818673202108144,3.34075723830735
1,1,108000,20.57184993306573,616.4697696608698,0.04098854899974068,10.495713410720038,88.0610758138146,2641.832274414438,7.875417130144606,20.59167842593419,26.962040230392944,6.370361804458751,87.93546212309644,11.04094878655227,9.153674832962137
1,1,108900,5.096057329288283,152.71185130100554,0.002169843582489643,4.657252408877067,113.16793605261299,3395.0380815783888,2.8698553948832037,5.100985210063378,5.172430470203778,0.07144526014040098,113.26210627355547,1.011174598990067,3.4075723830734965
1,1,109800,5.639080974488349,168.9844598688342,0.0013018948616387055,5.091168824539718,115.16418679622669,3454.9256038868,2.7697441601779755,5.636843281508503,5.727724499612895,0.09088121810439233,115.25121793289266,0.5871829328419551,3.0066815144766146
1,1,110700,17.033927000128728,510.45001243719076,0.03234643587910135,7.595393340703125,97.39146063465735,2921.7438190397206,8.275862068965518,17.048206762206505,18.646365580093665,1.5981588178871613,97.43154312788079,0.6066180432050174,8.552338530066814
1,1,111600,9.868174661577255,295.7163006919317,0.2793968006153851,5.366563146001478,103.81923909043549,3114.577172713065,5.172413793103448,9.872140180340157,14.486688732633247,4.614548552293091,104.21514826641996,9.571051301377459,7.082405345211582
1,1,112500,13.355970113461586,400.2339044000655,0.3678505705183017,7.06116137756486,99.49864120035217,2984.9592360105653,6.874304783092326,13.368149726812334,21.226766527537915,7.858616800725581,99.96673974109464,16.120108210431226,6.547884187082405
1,1,113400,13.709806541559495,410.8372026953996,0.03621938830588949,12.137956994484917,110.51081163180795,3315.3243489542388,3.003337041156841,13.712968238644534,14.860977053134642,1.1480088144901082,110.43119600601489,0.5533371275968264,3.0734966592427617
1,1,114300,7.060404110816892,211.57677652081287,0.015596673661227078,6.3568860301241745,114.830980795579,3444.9294238673697,2.703003337041157,7.06524129185183,7.155757329402784,0.0905160375509535,114.8453330051466,1.4740085311953095,3.140311804008909
1,1,115200,12.138079335579542,363.7377774228669,0.09429772737322864,6.708203932500284,98.50060879334366,2955.01826380031,6.774193548387097,12.13214786992496,17.29465315390646,5.162505283981498,98.23498922082462,17.19216403328025,8.752783964365255
1,1,116100,9.35511121786311,280.3414994952978,0.09520911448739433,7.256031973469075,109.15287211129368,3274.5861633388104,4.404894327030034,9.365528936368523,9.39439765762963,0.028868721261106067,109.1632307985803,4.6303332171249,5.278396436525613
1,1,117000,19.86185479334052,595.1935819737708,0.12565130524501114,10.615083607772466,93.6663378539011,2809.990135617033,7.708565072302559,19.859840469535747,30.6935140926312,10.833673623095455,93.57797153294098,19.31828433502035,6.21380846325167
1,1,117900,17.479308539041583,523.7966125532793,0.287839018661553,9.202716990107582,99.64996469892773,2989.498940967832,6.473859844271413,17.491355563034553,22.188820563948063,4.697465000913509,99.81496390500408,8.41930133746633,6.6815144766147
1,1,118800,21.57369492948168,646.4917247201344,0.02701361324274968,13.254433220624547,83.58196409243614,2507.458922773084,6.206896551724138,21.585286264102976,22.396600950060705,0.8113146859577309,83.60608992773186,3.998316863110759,6.481069042316259
1,1,119700,27.31319638309061,818.4854516132821,0.13341405870145012,18.938056922503428,72.28869543406365,2168.6608630219102,6.273637374860957,27.265864860802978,29.509156674634845,2.243291813831865,72.26829852220105,8.501869905614907,6.748329621380846
1,1,120600,24.024896192294573,719.9460558957607,0.43390618636641254,18.921416437465357,62.1346061594055,1864.0381847821654,5.839822024471635,24.024963617319123,27.62967700233345,3.6047133850143265,62.12940428369762,5.376923132736344,6.414253897550111
1,1,121500,20.762714073186796,622.1893317264976,0.3382719980237447,15.651836952894518,69.61982840728119,2088.594852218436,5.973303670745273,20.775674619153097,23.629261920764435,2.853587301611338,69.46252295101465,4.58729224451892,7.55011135857461
1,1,122400,22.74619506151556,681.6276453434162,0.15417271151546605,17.402586014725653,66.88874298699169,2006.6622896097506,6.173526140155729,22.759016005753207,24.88450754482902,2.1254915390758136,66.69933221745453,1.8105281319671818,6.614699331848552
1,1,123300,18.934478610910727,567.4032090402914,0.1213827195865201,11.104053313993177,84.5643572441512,2536.930717324536,7.308120133481647,18.950281575410347,21.004792709548934,2.054511134138586,84.52415931577315,0.40972910012069264,8.084632516703786
1,1,124200,21.340328588646003,639.4985133730918,0.13668179657598842,11.002272492535992,80.27343967777924,2408.2031903333777,8.476084538375973,21.36409287437946,22.79982627686675,1.435733402487289,80.26444671704556,1.126689509062139,8.21826280623608
1,1,125100,20.7210511006586,620.9408313164028,0.14510722343550458,11.886967653694931,85.06876317393531,2552.062895218059,7.174638487208009,20.722596667382206,21.263937758430902,0.5413410910486984,85.04471556218704,1.5662619580126247,7.282850779510023
1,1,126000,16.21398486544649,485.87907980121315,0.0862812153856381,10.080178569846224,94.1793053768798,2825.3791613063936,6.240266963292548,16.229166699839958,16.550263996578757,0.32109729673879883,94.14871499555662,2.669314226620095,6.6815144766147
1,1,126900,14.841165501657755,444.74025953301077,0.21525059116546894,8.637708029331323,98.04758388456288,2941.4275165368863,7.10789766407119,14.853782155921056,16.1892417660347,1.335459610113646,97.88957104341944,1.7104302098152218,7.4832962138084635
1,1,127800,26.633960181624285,798.1310067760079,0.03794164601384953,21.476731594914867,56.72711029916827,1701.8133089750481,4.872080088987764,26.651907655227685,26.917462643102013,0.26555498787432796,56.80137072773772,3.9243542140349383,5.144766146993319
1,1,128700,24.994747020410518,749.0092523783019,0.20376125725582542,16.608732642801897,66.56289263536628,1996.8867790609884,6.473859844271413,25.000038747059744,25.109603267330154,0.10956452027041053,66.72329553730629,5.206128469608863,7.282850779510023
1,1,129600,17.295980177800022,518.3028726614073,0.10048273944878308,11.356495938448653,75.92645103975062,2277.7935311925185,6.540600667408231,17.303882160180642,18.805887796113296,1.5020056359326528,75.9912120982685,1.7313488798733658,6.347438752783964
1,1,130500,15.0399409624945,450.6968975094185,0.018426681052486748,9.585927185202735,84.5481155373672,2536.4434661210153,6.273637374860957,15.045951926586373,15.256281186647367,0.21032926006099473,84.54214083110915,4.009857072481573,6.948775055679287
1,1,131400,15.307003709014857,458.69987781347857,0.05346123723517141,8.453401682163554,85.29341954219095,2558.8025862657278,7.041156840934372,15.307926971258286,15.713746318915122,0.4058193476568359,85.28829719255373,2.241035027426477,7.817371937639198
1,1,132300,21.824104195192255,653.995655715928,0.19694396996326574,11.954915307102675,79.63640423057166,2389.0921269171504,7.10789766407119,21.827096945832132,24.53426671760708,2.7071697717749448,79.73337415570015,2.216704337643286,7.6837416481069045
1,1,133200,18.623813193308226,558.0936020261365,0.3225038640699104,11.795761950802138,78.33195730162782,2349.958719048835,6.006674082313682,18.605069234629877,22.242325550161148,3.637256315531272,78.1092935637291,5.618866624735077,7.416481069042316
1,1,134100,22.975698717879126,688.5051049124445,0.14481571838815774,12.93135723735068,71.6135330034512,2148.405990103536,7.608453837597331,22.98677970085265,24.97218714958742,1.9854074487347706,71.55548000868988,1.1689337594616518,8.88641425389755
1,1,135000,27.614902924397533,827.5265909677795,0.25303124441430863,14.406248644251475,69.31518940038977,2079.455682011693,8.542825361512792,27.56422973960929,28.044802890820815,0.48057315121152655,69.1187411229593,5.355414315867712,8.88641425389755
1,1,135900,16.891285809929784,506.1755314375624,0.47620209199899977,9.534149149240873,88.99109377575127,2669.7328132725384,6.206896551724138,16.90085562707718,20.73195845839623,3.8311028313190514,89.30292137482127,7.9084692901116895,6.547884187082405
1,1,136800,24.15319696676722,723.7908024374576,0.2741953181939894,11.308846094983256,66.20361485050364,1986.1084455151095,9.14349276974416,24.174875193004656,25.4289054742851,1.2540302812804427,66.03639359854844,2.4825849250992427,8.485523385300668
1,1,137700,24.970587597982195,748.2852750195332,0.3820544396290866,11.03086578651087,56.91962372696557,1707.5887118089672,9.276974416017799,24.970314236390838,25.34332115515866,0.3730069187678211,57.01186214192237,0.8895663839350618,9.153674832962137
1,1,138600,27.36563394296857,820.0568304909582,0.19277641695120631,14.712239802287653,66.47485643619525,1994.245693085858,8.275862068965518,27.357747358744476,28.324081760488447,0.9663344017439712,66.8479118667717,4.558871093573824,8.752783964365255
1,1,139500,12.320740088623735,369.21151132242466,0.14256457350640853,9.07964757025493,101.77645573825816,3053.293672147745,4.338153503893215,12.319818012775336,16.3375859294154,4.017767916640065,101.43447320710678,14.027094725889647,5.3452115812917596
1,1,140400,9.231376576841631,276.6335847526875,0.02212484013225501,8.077747210701851,113.1054268446369,3393.162805339107,2.903225806451613,9.23700336981901,9.87263944271252,0.6356360728935107,113.28095752923085,1.8152346353194844,3.34075723830735
1,1,141300,11.300817217963555,338.6478226316412,0.0800281801858567,9.124143795446853,106.17262146817623,3185.178644045287,4.838709677419355,11.300334203362883,12.84944969503327,1.5491154916703858,106.06812162462239,5.948047188307882,4.677060133630289
1,1,142200,8.661133138933431,259.5452897300385,0.002705268078615269,8.077747210701693,116.63353193587956,3499.0059580763873,2.5361512791991103,8.66258808630053,9.148712266066866,0.48612417976633626,116.75030900382222,1.6459383205589333,2.538975501113586
1,1,143100,11.907613649031848,356.8314890159877,0.11967768220175083,9.024965373894181,94.78812980214377,2843.643894064313,4.605116796440489,11.887064410302285,14.00597965957822,2.1189152492759344,94.84918409702875,9.17372471452937,6.547884187082405
1,1,144000,14.536782294683585,435.61890943068477,0.10899280794642516,9.585927185201134,85.04015242550072,2551.2045727650216,6.473859844271413,14.509540404143145,15.50287645513347,0.9933360509903242,85.18455045354669,11.590269894997661,8.017817371937639
1,1,144900,12.050682079993805,361.11877299714763,0.11936253453664478,9.004998611884217,86.9293099091148,2607.879297273444,5.63959955506118,12.041374574935853,13.091818862769705,1.0504442878338516,86.96831412147972,6.142001865140706,6.013363028953229
1,1,145800,15.52524813537426,465.23993579004866,0.10341217058959619,10.907795377620182,76.23440886235713,2287.0322658707137,5.906562847608454,15.53248675760308,16.055370384450008,0.5228836268469284,76.06322317218857,3.238932557753955,6.881959910913141
1,1,146700,14.224843356438482,426.2711392479399,0.3120001243543126,11.260994627473465,74.24461511078742,2227.3384533236226,5.939933259176864,14.229664503270287,15.401942150147566,1.1722776468772782,74.24111725531938,3.0157673908902467,6.347438752783964
1,1,147600,13.720939052780125,411.1708069483111,0.23983415839836594,10.948972554533848,77.8283379141936,2334.850137425808,5.63959955506118,13.712704689558585,15.087503667830186,1.3747989782716008,77.94006767645783,12.005520351264657,6.080178173719377
1,1,148500,6.642701388922501,199.0596182880443,0.06178718426691667,5.580322571321174,110.31343766419991,3309.403129925998,3.6040044493882095,6.637951841050901,7.356731002205733,0.7187791611548322,110.20145936450176,2.8257683459957406,4.476614699331848
1,1,149400,8.419032867961857,252.29035160992365,0.14961164521028214,6.489992295836846,104.20696041870508,3126.2088125611526,3.9043381535038932,8.41612436805256,8.690706404567726,0.27458203651516566,104.22048816711037,7.1339506154630214,4.476614699331848
1,1,150300,10.663078013611416,319.5369044745554,0.06866715025465402,8.049844718999548,96.46596445209934,2893.9789335629807,5.372636262513905,10.656229116607598,12.889064214795956,2.2328350981883593,96.08680549236459,12.704710712532895,6.614699331848552
1,1,151200,10.804020713031292,323.760487367171,0.06599109991198662,7.589466384404488,91.99004493952856,2759.7013481858567,6.206896551724138,10.792175433132385,12.134622448244693,1.3424470151123087,91.8101157812957,4.406206834697819,5.812917594654788
1,1,152100,14.270131644094011,427.6282782680172,0.07201095681237862,10.026464980241515,88.47879528490338,2654.3638585471012,5.906562847608454,14.279926349402281,14.627742839343354,0.3478164899410716,88.36549455730305,0.3385658181295952,6.21380846325167
1,1,153000,15.855181031056036,475.12692489731256,0.13949381390242147,11.164676439557422,80.11255504691552,2403.3766514074655,5.63959955506118,15.859808181424695,15.87324696043587,0.013438779011174518,79.9789393460193,1.3900459026765546,5.9465478841870825
1,1,153900,11.448925771939992,343.08614229913513,0.18219609961302946,7.5,99.0344672017845,2971.034016053535,6.006674082313682,11.454627797373202,14.744011437278761,3.2893836399055596,98.98845947838264,10.01060806823061,5.7461024498886415
1,1,154800,12.018563138621753,360.1562753873652,0.21488848688535808,7.805767098754362,101.97923222098969,3059.3769666296907,5.272525027808676,12.013903657106109,12.23198893983741,0.2180852827313018,101.78755874322064,6.521393379243257,6.614699331848552
1,1,155700,10.567714574063446,316.67918006943466,0.1305422595644061,6.900000000000119,95.30945337789426,2859.283601336828,5.672969966629589,10.553260346034758,11.184345318152703,0.6310849721179448,95.39569145555382,0.33504206007880555,6.481069042316259
1,1,156600,10.82377064625739,324.3523270328466,0.015711547282903644,8.07774721070155,97.73074803219713,2931.9224409659137,4.838709677419355,10.827267329510555,11.519617691344557,0.692350361834003,98.07327872562098,7.154382401126995,4.810690423162583
1,1,157500,8.90902187930133,266.97368898306314,0.05180991247056223,7.379024325750221,108.1633963383095,3244.901890149285,4.271412680756396,8.912920203317036,9.531291298053572,0.6183710947365375,108.14638303745244,3.355844957665475,4.810690423162583
1,1,158400,7.920642547534358,237.3552550077796,0.02292577464504261,6.741661516273284,111.39877159098562,3341.9631477295684,3.0700778642936597,7.922289952190773,7.958658949691509,0.03636899750073663,111.37212602287494,2.2922542010475766,3.9420935412026727
1,1,159300,7.443129753669446,223.04578828496108,0.010948365870203496,5.76281181369178,109.85488191396493,3295.646457418948,5.172413793103448,7.443331199873816,8.014124953335438,0.5707937534616225,109.47712070222065,1.3805370631883704,7.349665924276169
1,1,160200,8.428263858895757,252.56697363824287,0.05159428732793039,6.997142273815601,111.61309530392889,3348.3928591178665,5.472747497219133,8.415803864006858,8.565141949452297,0.14933808544543847,111.68429279617284,0.29468104681947693,6.013363028953229
1,1,161100,9.149011353427584,274.1653735577132,0.03019548577581205,8.421401308571157,111.94992861053262,3358.4978583159786,2.7363737486095663,9.125286350738484,9.967296958969907,0.8420106082314227,111.97890322619801,2.0780430452944287,3.0066815144766146
1,1,162000,7.579102135015368,227.1204273126272,0.007460890247599755,6.841052550593392,112.73335986043197,3382.000795812959,3.0700778642936597,7.578259858558068,7.620909575271866,0.04264971671379714,112.66779845117878,2.44851952712429,3.140311804008909
1,1,162900,7.74128512246246,231.9805108364584,0.008330824560145328,7.080254232723614,111.21925171469938,3336.577551440982,2.6696329254727478,7.749905707231349,8.002258383128398,0.25235267589704824,111.16551088927017,3.650242219537418,2.6726057906458798
1,1,163800,8.710587677205273,261.02727739358465,0.0007633247775527466,7.92022726946813,115.22315526297263,3456.6946578891784,2.7697441601779755,8.697785239270244,9.124767657279722,0.42698241800947834,115.14349840649672,1.0452187579841805,2.8062360801781736
1,1,164700,7.529753865704988,225.64162417562613,0.002792389756911665,6.70820393249975,114.09486538908638,3422.845961672592,3.5706340378198,7.531187226787059,8.114941260116483,0.583754033329424,114.19392052573599,0.05725963491718744,3.4075723830734965
1,1,165600,8.1518461329154,244.28365578303152,0.007582340615112975,7.1309185944036235,113.25912741322011,3397.773822396603,4.004449388209122,8.144870887482032,8.198967506760743,0.054096619278711344,113.42427525976194,1.5079806704313299,6.013363028953229
1,1,166500,7.307689009522778,218.9870806520326,0.004737928724607798,6.242595614007305,115.9493387555198,3478.4801626655944,4.037819799777531,7.303022448577881,7.840804191526327,0.5377817429484462,115.84834548402915,2.2636891526008043,4.409799554565701
1,1,167400,7.328352768082861,219.60630461688305,0.0026410899314199773,6.378087487642649,113.32451895730563,3399.7355687191684,4.238042269187987,7.329156262631211,7.7386196813204435,0.4094634186892323,113.45697831969409,3.135474078184231,4.008908685968819
1,1,168300,7.70001892136306,230.74390034351302,0.00247027114975295,6.7082039325007035,110.62164819850993,3318.649445955298,4.471635150166852,7.698215674348759,8.472279194626369,0.7740635202776098,110.49034482029846,1.5759821708499828,5.3452115812917596
1,1,169200,9.043658007634265,271.0082849621068,0.0012019187883634099,7.988116173418119,113.60285114521707,3408.085534356512,4.404894327030034,9.053728896284193,9.207729876479833,0.15400098019564012,113.62135959613911,1.025896993964274,4.677060133630289
1,1,170100,9.184454921001493,275.227499132678,0.0012845859941590348,8.34086326467393,117.43788392147768,3523.1365176443305,3.7708565072302562,9.175616853332166,9.318002772348065,0.1423859190158998,117.49719468053421,2.5973037842910855,4.075723830734966
1,1,171000,8.475816798367417,253.99197672441025,0.013427929904786586,7.212489168101953,116.07023134406398,3482.10694032192,4.671857619577309,8.465612944562363,9.20230266890033,0.736689724337968,116.33865959744779,3.1237853462408722,4.944320712694878
1,1,171900,9.087844012773688,272.3323922494516,0.020353853520623105,7.920227269466691,113.74703369638847,3412.4110108916543,3.3370411568409346,9.093570026227347,9.721116199395798,0.6275461731684517,113.72858684927428,0.15165687091435842,3.8084632516703785
1,1,172800,7.940890135063574,237.96200771407177,0.010021705265187732,6.640783086353893,115.00138457924704,3450.0415373774113,5.372636262513905,7.945507236336248,8.630094985916406,0.6845877495801584,115.10626749298083,5.848385401011761,5.879732739420936
1,1,173700,7.389713900002388,221.4450932034049,0.002657803567775956,6.661080993352441,115.53760351451068,3466.128105435321,2.5695216907675196,7.365594512086371,7.564095936703828,0.19850142461745746,115.46773873311157,0.22282015625049212,3.541202672605791
1,1,174600,6.98356803675465,209.27425550141433,0.0209878677368849,6.363961030678566,109.21801680380881,3276.540504114265,2.8031145717463852,6.97203479935689,6.9892726242492085,0.01723782489231862,109.17139762418924,0.05635405652517278,3.140311804008909
1,1,175500,6.4577286724622756,193.51660255145285,0.006980928720322345,5.7706152185012085,112.29562226544623,3368.8686679633865,2.6696329254727478,6.458678857501006,6.51838631011028,0.05970745260927446,112.2974694353785,0.16504724104429158,2.8730512249443207
1,1,176400,6.367636900610848,190.81685245497178,0.0028670590025201208,5.824946351684427,114.46588642099128,3433.976592629739,2.8031145717463852,6.36183231426479,6.373165859726811,0.011333545462020922,114.66876743284709,0.5913593289139882,3.34075723830735
1,1,177300,8.481748678197668,254.16973538999014,0.012046204175466669,7.68960337078607,113.4670942341271,3404.012827023813,3.0367074527252504,8.477202479671362,8.965089089554064,0.48788660988270216,113.46922170981978,0.15460061946495074,3.2739420935412027
1,1,178200,7.432954032036783,222.74085582670222,0.018186166945512266,6.741661516272317,110.94722167927304,3328.416650378192,2.969966629588432,7.425105403939522,8.243181691982013,0.8180762880424912,110.96339154970475,1.404500931122584,3.2739420935412027
1,1,179100,6.249401958353543,187.27374535199448,0.0020934376836505312,5.909314681078349,112.21085811788903,3366.325743536671,2.1690767519466077,6.2419687806489,6.478295774493437,0.23632699384453648,112.12704865486043,2.5316108190607167,2.1380846325167036
1,1,180000,6.241048769306498,187.023428120218,0.00045370152068758803,5.731491952362714,113.64947371175164,3409.484211352549,2.636262513904338,6.233963555327373,6.625617178409771,0.3916536230823975,113.5166309387782,2.7837818519868947,2.6726057906458798
1,1,180900,7.416469756028232,222.24687702231273,0.005939511483492664,6.307138812489689,113.6954032395285,3410.8620971858554,3.170189098998888,7.403481309944311,7.785472019557293,0.3819907096129813,113.60336745084494,0.19534428525123815,3.4075723830734965
1,1,181800,7.436472602965328,222.84629566886102,0.0024269314852028196,6.801470429251973,112.21277866271517,3366.383359881455,2.9365962180200222,7.437666936564758,7.697912100852078,0.2602451642873196,112.3053172658914,2.6785885207422027,3.0066815144766146
1,1,182700,7.79312279101528,233.53391297075785,0.007984815383355997,6.378087487642369,114.18210024922105,3425.4630074766314,4.57174638487208,7.796362742699229,7.836300121583224,0.039937378883995844,114.27982168301176,1.5241610875686291,4.944320712694878
1,1,183600,6.6817495645674105,200.22976195153674,0.0055479041443841975,6.118823416309372,111.51795540058443,3345.5386620175327,2.7363737486095663,6.680364088705933,6.943299615372242,0.2629355266663085,111.61255010560298,0.5662640284685381,2.739420935412027
1,1,184500,7.121801978293186,213.41666594951914,0.007049247041933242,6.489992295834008,113.38483094033987,3401.5449282101968,2.7697441601779755,7.1052903327583135,7.1477297678792295,0.04243943512091608,113.42010612925124,0.4274749411173673,2.8730512249443207
1,1,185400,8.290167038997945,248.42867226863842,0.002107043797931944,7.080254232723614,116.48084213862991,3494.4252641588964,4.171301446051168,8.29370974626879,9.001494721163798,0.7077849748950076,116.56587745618161,1.463123957613746,4.142538975501114
1,1,186300,7.996335356510676,239.62351618343664,0.008453100441758161,7.37902432574698,112.52090005134836,3375.6270015404507,2.703003337041157,7.998426127045418,8.68220539469427,0.6837792676488514,112.47459635418187,4.762392820611218,3.4743875278396437
1,1,187200,7.624768955659603,228.48890970459945,0.015377747811780145,6.841052550594737,110.37120049256102,3311.13601477683,3.403781979977753,7.629646208229474,7.76952787609283,0.13988166786335698,110.37927148404651,0.12097257240994708,3.2739420935412027
1,1,188100,8.055855473694464,241.40713569504413,0.0021158600390758374,7.451845409023865,113.69926605395474,3410.977981618642,2.4694104560622914,8.049886038960274,8.246148490155234,0.19626245119496044,113.69036616121357,1.125821002165253,3.34075723830735
1,1,189000,7.919682736374237,237.3264926666813,0.015133939751313209,7.3239333694400575,110.88509125486925,3326.5527376460773,2.7363737486095663,7.917376708816516,8.258662934847216,0.3412862260306997,110.72153668110823,2.0718499309113056,3.541202672605791
1,1,189900,7.947768108593065,238.16811765417216,0.0006924697841558257,7.003570517956634,116.39212059857809,3491.763617957342,3.7708565072302562,7.943135042297101,8.292712585273177,0.3495775429760761,116.30538792687649,1.553841709032966,3.7416481069042318
1,1,190800,7.516785642973115,225.253009767761,0.01433716302843059,6.90651865993267,113.3424174038772,3400.272522116316,2.6696329254727478,7.51693905201234,7.765479164298837,0.24854011228649675,113.35979004429572,2.93040012452051,2.6726057906458798
1,1,191700,7.188150148263239,215.40489944295507,0.012874996561882842,6.356886030125704,114.271450888462,3428.14352665386,3.2703003337041157,7.1836146867050985,8.17396914343785,0.9903544567327507,114.28162855076648,0.36236334907835044,3.0066815144766146
1,1,192600,7.84888592664118,235.20494826834732,0.01169965853789727,7.262231062145982,110.85692434828641,3325.707730448592,2.4694104560622914,7.837755146125682,8.629850240157202,0.7920950940315197,110.90434597435458,0.7685444080869459,2.4053452115812917
1,1,193500,7.463270638324478,223.64934346179018,0.0015129867187453432,7.003570517956287,113.69166344084023,3410.749903225207,1.5684093437152393,7.467983524464839,7.759100476942341,0.2911169524775019,113.69405916495828,1.4361473627885601,1.9376391982182628
1,1,194400,7.452676776054688,223.33188072243883,0.001366964490076,6.854195795278561,114.21856203863578,3426.556861159074,2.602892102335929,7.448002816224719,7.492351011184122,0.04434819495940312,114.19671164384539,0.07714858462394858,2.739420935412027
1,1,195300,8.105701458131183,242.90085369533114,0.009543499771379374,7.305477397132051,111.59680512614256,3347.9041537842772,3.003337041156841,8.099753953186331,8.902289817704359,0.802535864518028,111.61743053886926,3.3144019744999724,3.2071269487750556
1,1,196200,9.058637378276424,271.4571667690168,0.003829049456260374,8.532877591999272,115.74791131597303,3472.437339479191,2.3025583982202447,9.062368723600638,9.066845521106666,0.004476797506026919,115.81014157265221,0.398353464350798,2.4053452115812917
1,1,197100,9.040631739046237,270.91759778008554,0.0008585417444203916,8.448076704196424,115.43518821686914,3463.0556465060745,2.2691879866518354,9.044602947801003,9.177795140003438,0.1331921922024355,115.47852668150945,0.27035735930353155,2.6726057906458798
1,1,198000,9.042157055048989,270.96330641630135,0.016670771085854758,8.399999999999181,112.3891187381923,3371.6735621457683,2.3359288097886544,9.051558120811851,9.281334918174073,0.22977679736222267,112.41551118157315,0.3504429938018916,2.6726057906458798
2,1,1,90.6981697555595,2717.9218203415994,0.049362876865345025,62.36032392475359,25.82815140698177,774.8445422094532,7.8086763070077865,90.78361119490128,96.8765668369194,6.092955642018104,25.93009054840593,3.06120019726211,8.552338530066814
2,1,901,101.06695989863817,3028.6398982958576,0.03043147706106438,75.01799784051856,22.529305469662447,675.8791640898735,6.64071190211346,101.12456157713311,104.77711797305562,3.652556395922524,22.569022789372383,0.025981818993088268,7.55011135857461
2,1,1801,98.21692946939311,2943.2339864328137,0.031884154857574315,75.30896360991939,23.31361597605075,699.4084792815224,6.874304783092326,97.83924592943345,97.92943008294728,0.09018415351383169,23.372417132758933,1.2799297574908195,7.416481069042316
2,1,2701,142.18671240245556,4260.861814993585,0.02680560810697246,127.25553033169149,18.030026718466928,540.9008015540079,3.437152391546163,142.13441694047407,153.54860045429172,11.414183513817633,18.067280925595348,0.8601029928518376,3.541202672605791
2,1,3601,107.25677937129382,3214.1281551597713,0.06565394248972585,85.47683896822785,23.11743582941207,693.5230748823622,6.006674082313682,107.30952087620186,121.39488832757168,14.08536745136982,23.116941126056552,1.6622495205061671,6.347438752783964
2,1,4501,96.3063713747065,2885.980928862038,0.12320886076447149,80.12022216644257,29.27810040923961,878.3430122771882,5.439377085650723,96.34503110425234,113.01068862483541,16.665657520583068,29.34278562272388,3.117060339557794,6.881959910913141
2,1,5401,118.68893751012256,3556.7118273866727,0.08836620784340304,98.8617216115513,20.02506128700638,600.7518386101914,5.005561735261402,118.63963703725139,132.77365168586886,14.134014648617473,20.014164454976815,1.449749672360122,5.9465478841870825
2,1,6301,136.8227570417579,4100.121952684679,0.0746135797679221,124.28439161857808,23.288510505578834,698.6553151673651,3.2369299221357064,136.77674293449616,155.4493215414426,18.672578606946452,23.27072109557507,2.818854197440981,4.20935412026726
2,1,7201,133.5936897449445,4003.3575693568364,0.03566669743077373,115.30815235706497,20.354951017010777,610.6485305103233,4.338153503893215,133.6692349592201,148.55241063214544,14.883175672925333,20.341037157495,2.401853415871688,6.614699331848552
2,1,8101,73.98099130860412,2216.963706214503,0.06132859750463506,46.48064113154945,29.74364774791225,892.3094324373674,7.775305895439377,74.0633754860079,104.60748162307665,30.54410613706875,29.78842393699661,1.5142493035803604,6.6815144766147
2,1,9001,115.72643213125308,3467.935416199884,0.09517129085497063,91.38976966816323,21.368997515145782,641.0699254543734,5.839822024471635,115.67957452486063,137.57264880287534,21.89307427801471,21.37402925117092,2.241062006623295,5.612472160356347
2,1,9901,148.42433491420422,4447.782569595653,0.10471057419756463,132.88510074496753,17.36459989842229,520.9379969526686,3.8042269187986655,148.4025446812651,175.19993300582647,26.79738832456134,17.311597295880738,3.736547711603075,3.34075723830735
2,1,10801,140.12037413181451,4198.940544816708,0.0889678096853329,124.17137351257675,21.757796848244197,652.7339054473259,4.57174638487208,140.24906898835468,163.6340837321615,23.385014743806828,21.758472760433854,0.2166448130684273,4.075723830734966
2,1,11701,112.60548792345693,3374.4111214395925,0.07490271891761244,91.47048704363495,30.703074929384417,921.0922478815327,5.8731924360400445,112.57429062723246,115.89398527985924,3.3196946526267794,30.821053128721317,3.723903264192991,6.080178173719377
2,1,12601,110.39879421538701,3308.283866654431,0.038861648480088724,91.98070449828074,21.560067334424733,646.8020200327421,5.172413793103448,110.4169330193789,118.60790193828947,8.19096891891057,21.528594724173942,2.27660578205038,5.5456570155902005
2,1,13501,113.88953329646583,3412.889681117426,0.06745960727894214,95.59602502196368,30.10542962451313,903.162888735394,6.3070077864293665,113.80709534662137,132.41489850737327,18.607803160751892,30.1554561090226,0.16480712484331583,6.815144766146993
2,1,14401,131.24892748597838,3933.092860329819,0.06589616952488672,118.01025379177878,28.321985506122246,849.6595651836674,4.471635150166852,131.28196685431627,151.11370413105155,19.831737276735282,29.577187309014548,12.58929139102753,6.414253897550111
2,1,15301,128.1984706725863,3841.680837821836,0.09193967541725571,110.30417036540439,17.126903153720473,513.8070946116143,4.338153503893215,128.20823453331678,135.76324179895963,7.555007265642843,17.0545229410389,2.97040539906689,4.342984409799555
2,1,16201,93.05341752766621,2788.500745245731,0.11031992300597698,70.89781378857951,21.536626682097648,646.0988004629293,6.607341490545051,93.11584609192764,111.81955465930027,18.70370856737263,21.85160884296802,4.360783666247817,7.349665924276169
2,1,17101,122.10214800104315,3658.9943684312593,0.052877964602588846,106.1614336753228,18.175795101405637,545.2738530421691,3.9043381535038932,122.1726599750713,123.03930054032274,0.8666405652514513,18.185503783631525,0.47562659694494336,4.476614699331848
2,1,18001,125.35928457939535,3756.5998945625474,0.08966614363717472,107.59465600112449,19.366230991777314,580.9869297533194,4.404894327030034,125.37943038062777,135.80677537791252,10.427344997284749,19.60349853738795,3.663133880483315,5.478841870824054
2,1,18901,106.96566114637594,3205.4043123530655,0.13266662636297988,86.15172662227901,17.19938903678925,515.9816711036775,6.273637374860957,107.05324931940112,123.45546953037564,16.402220210974527,17.23082574294697,1.520046486420271,7.616926503340757
2,1,19801,104.72644946222879,3138.302602218123,0.08542198038024076,82.51963402730283,21.513798796037914,645.4139638811374,6.7074527252502785,104.84307134358986,123.19937612047603,18.356304776886184,21.520141596282887,5.48652221190229,7.951002227171492
2,1,20701,106.41084266793004,3188.77825194897,0.0878939171922984,86.33018012259612,17.280175043821956,518.4052513146587,5.773081201334817,106.52934026555579,126.38527631222708,19.85593604667129,17.262905216636177,2.1439256892063643,6.080178173719377
2,1,21601,85.2408359747677,2554.3837180438722,0.03213321970361708,63.412932434952765,18.71558176285608,561.4674528856824,7.174638487208009,85.28151406806364,89.99933156083225,4.71781749276861,18.735853689791895,1.5646808556038163,7.282850779510023
2,1,22501,104.82261480743463,3141.184357062791,0.10277956521848633,81.70801674254572,15.041398991362927,451.2419697408878,6.273637374860957,104.87946588741306,121.12426824439176,16.244802356978703,15.058947045877716,1.1405560063573112,6.948775055679287
2,1,23401,150.07883396293124,4497.362391089173,0.026014246994852983,134.21806882830683,13.127430337958707,393.82291013876124,3.470522803114572,149.88624878422854,150.94942435964577,1.0631755754172332,13.181024058316407,0.3653525636814443,3.34075723830735
2,1,24301,146.1189530372026,4378.697959348172,0.062089618856147256,128.23903461894778,16.57918089845291,497.37542695358735,3.370411568409344,146.20687409901274,149.91808308369784,3.711208984685115,16.598530935802476,0.4942452984075132,3.7416481069042318
2,1,25201,139.64862944083612,4184.803928910388,0.059610784744253985,123.79971728562181,14.975212507743032,449.256375232291,4.171301446051168,139.66227593949458,148.49665698352152,8.834381044026955,14.959622363914146,0.49745730596575566,4.610244988864142
2,1,26101,94.3406221002647,2827.073975604599,0.13699758626952943,71.22836513637003,29.286871028804896,878.6061308641468,7.074527252502781,94.42465292356893,117.96171845288039,23.537065529311462,29.357295417458843,10.957906872772364,6.748329621380846
2,1,27001,79.14526794439725,2371.7198627337702,0.0823910565976901,57.500695647964825,26.089198569079578,782.6759570723874,7.4082313681868746,79.08882112690738,81.27612693408716,2.187305807179783,26.097698223510534,0.5073675364638834,7.616926503340757
2,1,27901,97.25277770447224,2914.3415718773513,0.02800121468070502,76.04275113381715,24.644093031625744,739.3227909487722,6.8409343715239155,97.33414710958127,117.73677964583185,20.40263253625058,24.537567308448864,6.810601560611037,7.416481069042316
2,1,28801,86.35173362675805,2587.6736176818495,0.04632150422151578,66.60945878777471,22.922157759871993,687.6647327961597,6.774193548387097,86.28438076796056,97.31683766398942,11.032456896028869,22.966757427356846,2.5643896266837896,7.55011135857461
2,1,29701,119.98487517930904,3595.5467595399614,0.034576055257668784,104.88937029079763,15.33157266042912,459.9471798128736,3.971078976640712,120.04123907770341,129.8781321553302,9.83689307762679,15.32484870867189,1.1068259673550296,4.008908685968819
2,1,30601,85.36811786776097,2558.1979321039043,0.055216165184126094,64.517439502819,34.91910448849628,1047.5731346548882,6.7074527252502785,85.46318258699011,93.45995095420555,7.996768367215445,35.00788462421622,1.7915376105536964,8.285077951002227
2,1,31501,95.28145754706661,2855.267677827095,0.14011604295054492,76.75135177962751,21.246418709699057,637.3925612909718,7.10789766407119,95.31361382464183,111.91895147423108,16.605337649589245,21.17946849672839,0.15360072460922858,14.43207126948775
2,1,32401,88.52818226300276,2652.894528481316,0.22951412791337994,58.223191255718866,31.45771079138856,943.7313237416568,8.509454949944383,88.37844635103531,88.6444979562059,0.26605160517058835,29.10252413553613,7.175529195598012,14.43207126948775
2,1,33301,89.11703061838247,2670.540350864195,0.13313682501339202,70.4821253936062,31.305387877492578,939.1616363247775,7.4082313681868746,89.13880699658912,117.91849024306642,28.779683246477294,34.81923103617642,11.80278480925811,8.485523385300668
2,1,34201,69.70704173460577,2088.887683980353,0.06698518034085704,53.511120339607665,37.686822003870276,1130.604660116108,6.907675194660735,69.6236250236658,73.42858033000901,3.80495530634321,37.92838417416074,1.4570400413453015,7.282850779510023
2,1,35101,78.549155188313,2353.856350476446,0.21415269301226622,62.42883948945338,37.36879011202847,1121.0637033608543,5.539488320355951,78.57098924191558,86.31567545809665,7.744686216181066,37.408931779898154,4.179835775932215,5.412026726057906
2,1,36001,84.02891664542058,2518.0665354744374,0.14970813098317418,71.88991584360153,21.597799601350935,647.933988040528,5.172413793103448,84.07894087278781,93.87675442532421,9.797813552536397,21.705612929889153,2.966568279915581,5.144766146993319
2,1,36901,56.373258599026606,1689.3186493508306,0.17734302213597844,37.66165158353854,33.50741107635772,1005.2223322907314,7.8086763070077865,56.384796073003145,61.211427489707155,4.826631416704007,33.43692535570134,0.08581796017391241,7.817371937639198
2,1,37801,70.3609626311388,2108.483513513126,0.11301265263833327,52.55739719582739,34.9671514382471,1049.0145431474127,6.740823136818688,70.39414737229289,82.78892880789427,12.394781435601374,34.805652291164904,4.660833205102632,6.414253897550111
2,1,38701,65.92373731392117,1975.514661507171,0.09288685401133728,47.068460777894465,41.355015873771244,1240.6504762131374,7.608453837597331,65.94184967610622,71.39059652474086,5.448746848634638,41.43836654301096,1.0856495726889221,9.153674832962137
2,1,39601,50.31304270854296,1507.7141798326709,0.02584114368956305,25.515877409958556,58.50195653916767,1755.0586961750303,10.044493882091214,50.150984898775164,61.022770130724176,10.871785231949008,58.47983713171992,2.278779542458974,11.35857461024499
2,1,40501,20.031993399850887,600.2920688821984,0.10361839754604232,11.58015543937028,83.71670238678244,2511.5010716034735,7.10789766407119,20.04901854117561,24.81722509574883,4.768206554573221,83.60917332643368,10.88419287756684,7.349665924276169
2,1,41401,20.56120752102408,616.1508520466883,0.07633239772852449,12.73499116607386,90.18118409929008,2705.4355229787025,6.273637374860957,20.567400402450616,23.841155749616206,3.273755347165592,90.11293596029913,4.655343584109268,7.015590200445434
2,1,42301,40.10607402538541,1201.8453516273828,0.046717913342078775,26.780776687765922,54.212174077305185,1626.3652223191552,7.241379310344828,40.12222930517315,48.205053480619114,8.08282417544596,54.246246051355556,8.494662103571276,7.8841870824053455
2,1,43201,53.83440289756438,1613.2376068303456,0.07935597751763504,34.45954149433807,55.403321900744594,1662.0996570223376,8.075639599555062,53.80670896122083,54.07127847178069,0.2645695105598591,55.477010823860695,0.5096926982916266,9.020044543429844
2,1,44101,53.5869438502943,1605.8220840471522,0.04957942166855246,36.09986149557866,47.53499856598338,1426.0499569795013,7.474972191323693,53.54182098241227,55.441988866559456,1.9001678841471872,47.559986930326104,2.2279294038832838,8.285077951002227
2,1,45001,52.704404168484054,1579.3753115822387,0.13673279152423257,31.29217154497172,48.781555171764396,1463.4466551529317,8.776418242491658,52.74055297436276,61.14298026914902,8.402427294786264,48.76277005589313,7.4775623906594255,9.287305122494432
2,1,45901,59.718380759932494,1789.5608101059772,0.10767713311259228,39.30801444998142,48.20268790642274,1446.0806371926822,8.2091212458287,59.64643420735872,59.67059022465642,0.024156017297695342,48.284122270617104,2.4951890708448765,9.153674832962137
2,1,46801,56.028918590155556,1678.999927084995,0.11446863525775346,38.508830156210735,50.19048326139279,1505.714497841784,7.308120133481647,56.091311595267086,62.54663933656945,6.455327741302359,50.08117130595249,2.805673522967979,7.951002227171492
2,1,47701,55.94265609994147,1676.4149277949127,0.06731609641157832,40.18768468075844,46.839016666104804,1405.1704999831443,7.374860956618465,55.97294796233697,60.488909969737286,4.515962007400319,46.861000088224834,3.872007562064063,7.416481069042316
2,1,48601,78.78201308507666,2360.834325449464,0.02611941746494808,62.32206671798007,35.55252196795274,1066.5756590385824,6.3070077864293665,78.792007270492,94.59931126211298,15.80730399162098,35.57765092454509,5.295416853908987,7.216035634743875
2,1,49501,67.3623824809243,2018.6260616783652,0.02259324872005959,49.776500479643566,41.670917989754365,1250.127539692631,6.907675194660735,67.4089684083202,70.93498720645725,3.5260187981370414,41.57907154209596,1.6018295300141503,7.149220489977728
2,1,50401,65.06361431081041,1949.7396421806184,0.14026766559720574,48.844754068375224,45.24807238466926,1357.4421715400779,7.2747497219132375,65.13606822429684,66.56562411749375,1.4295558931969197,45.24955081896965,0.6490326578676466,7.750556792873051
2,1,51301,70.43092763710604,2110.5801315252775,0.06206594044591122,53.417693697875656,37.171983755636866,1115.1595126691063,7.374860956618465,70.42115999227579,80.71026264382341,10.28910265154762,37.04214264938183,7.045181871259739,8.21826280623608
2,1,52201,121.4288374983674,3638.81749703441,0.060474680621018365,113.20538856432684,15.22378207285047,456.7134621855141,1.5350389321468298,121.40839361385751,124.12497476228397,2.7165811484264566,15.19624984088792,2.103379307706649,1.9376391982182628
2,1,53101,34.30569557856791,1028.027344171085,0.21654290980804852,10.816653826391118,64.16410249234167,1924.9230747702502,10.878754171301447,34.329343555218344,58.08545563152579,23.756112076307446,64.03927714670748,20.515249277751163,9.888641425389755
2,1,54001,14.427431677095784,432.342035923637,0.10530101492437118,9.767292357660578,66.97815094488595,2009.3445283465785,7.208008898776419,14.439015763195556,16.01648400177987,1.5774682385843137,67.09359538832274,10.164375839397437,7.4832962138084635
2,1,54901,12.435570533512504,372.65259698759144,0.16057019227732472,8.297590011563265,73.23001909255818,2196.9005727767453,7.508342602892102,12.446011690333616,13.964983408820128,1.5189717184865126,73.21230029421723,9.46577878912997,7.416481069042316
2,1,55801,10.921830102188895,327.29084206226054,0.05376454047470439,6.768308503607961,83.16746530838198,2495.0239592514595,7.508342602892102,10.913903459035378,11.181209711815134,0.26730625277975584,83.12566519183275,1.7972118273413216,8.151447661469932
2,1,56701,12.892412696395107,386.3426338019733,0.07275282179348022,9.158602513483515,67.96722961945287,2039.0168885835856,6.974416017797553,12.890345340529244,14.848895538769879,1.9585501982406353,67.98093985131239,8.739745921458223,7.55011135857461
2,1,57601,12.783231825312537,383.0708470318656,0.060160310750384464,9.000000000000341,65.53155824018454,1965.9467472055362,6.907675194660735,12.782201580585092,12.98616159472462,0.20396001413952813,65.38580309401287,0.24309181503963373,7.416481069042316
2,1,58501,13.477171071212462,403.8658931006668,0.10349233675776438,9.202716990107582,69.92161411806954,2097.648423542086,7.10789766407119,13.488370007510811,13.817016270578828,0.32864626306801625,69.84972305967378,5.089779519528207,7.082405345211582
2,1,59401,9.004118699689855,269.8234237007059,0.1727758383729576,6.177378084591882,95.29420263848071,2858.8260791544208,6.10678531701891,9.00138054244594,9.141038974298729,0.1396584318527898,95.41868962247564,0.21398700687167604,6.748329621380846
2,1,60301,7.540998204029761,225.9785795140918,0.22460835233707913,5.604462507679011,101.98467748601806,3059.540324580542,4.137931034482759,7.545660672000562,9.36274112970106,1.8170804577004986,101.87838492599747,14.283941436293503,6.013363028953229
2,1,61201,12.881467905172224,386.01465489166094,0.1432635527981559,8.653323061113273,82.7021685879799,2481.0650576393973,7.374860956618465,12.890425715034352,14.66880286309253,1.778377148058178,82.78101706915128,10.577621591478689,7.216035634743875
2,1,62101,8.829223215269673,264.58238901758125,0.06355786852376756,6.184658438426243,99.52765351909474,2985.8296055728424,5.839822024471635,8.826954575012998,9.418993031807537,0.5920384567945387,99.6720125990388,1.5288537277118053,6.013363028953229
2,1,63001,10.70775719618987,320.87579064582314,0.05415176117058569,6.900000000000546,89.61059215517237,2688.3177646551712,7.174638487208009,10.709276472687367,11.040314845626721,0.3310383729393527,89.48815519944077,2.463177287537185,7.4832962138084635
2,1,63901,11.393953311889215,341.4388009129468,0.05934480274841141,7.6485292703898455,96.46977134927073,2894.093140478122,6.507230255839822,11.397323198195785,13.01099570246992,1.6136725042741347,96.51286983877131,5.898100488301445,7.349665924276169
2,1,64801,8.669554480584312,259.79764926817654,0.05117307864856292,6.328506932919084,106.12956733441615,3183.887020032484,4.471635150166852,8.672493933933879,11.581505395746015,2.909011461812136,106.14125855996903,8.148368390392484,5.478841870824054
2,1,65701,13.533014644411983,405.5393388442124,0.03633273767245977,9.60468635614906,96.66114122136337,2899.8342366409006,6.206896551724138,13.530887216163578,14.960875380190679,1.429988164027102,96.64288421368965,5.992325136464565,6.948775055679287
2,1,66601,12.368239409983275,370.6349076524987,0.04640977930842273,8.29759001156456,100.9418741328512,3028.256223985536,5.57285873192436,12.368089120249952,17.37495976606815,5.006870645818199,100.62926396832232,14.566082488018637,7.6837416481069045
2,1,67501,62.754256222687886,1880.5358781398804,0.016426224010028967,46.68543670139573,50.0878247305929,1502.634741917787,6.473859844271413,62.79874651514211,64.1001896630287,1.3014431478865909,49.038286387730786,12.005846482280802,7.8841870824053455
2,1,68401,83.87439222320086,2513.435953621919,0.1223517630559792,58.14894668005569,39.46956503891648,1184.0869511674944,7.64182424916574,83.93345518140858,90.60070801239658,6.667252830988005,39.4608330204383,1.753192043767207,7.4832962138084635
2,1,69301,53.9697835685718,1617.2945142715348,0.18130762804929634,32.10560698694291,50.132573065174256,1503.9771919552277,7.5417130144605125,53.97311622993833,80.09147669791378,26.11836046797545,50.08577062732253,15.531341122518139,8.819599109131403
2,1,70201,35.699981889385036,1069.809457285238,0.12755964656859944,25.71089263327879,62.23126682245772,1866.938004673731,6.907675194660735,35.722565258158205,43.77671812643246,8.054152868274258,62.33771230478515,9.039966765096104,8.68596881959911
2,1,71101,30.19090721701379,904.7208529365132,0.17645818802393073,22.02907170082153,60.057173407457455,1801.7152022237237,7.074527252502781,30.18083620217945,31.112222615680043,0.9313864135005936,60.152625684477215,3.23279147191219,7.349665924276169
2,1,72001,27.643191208392857,828.3742965448392,0.24521138781282853,17.267599717389285,70.7716421387996,2123.149264163988,7.975528364849834,27.666400251576757,35.400690885757406,7.734290634180649,70.78848764935304,13.736535866656563,7.8841870824053455
2,1,72901,31.37358358246911,940.1617213546576,0.3198489429729576,20.402205763106174,66.1640867629018,1984.922602887054,7.6751946607341495,31.369013566824222,33.93329335252512,2.5642797857008954,66.12642140261494,5.746166345701241,7.6837416481069045
2,1,73801,55.3065618351001,1657.3533029918326,0.11441239348477748,39.60113634733375,51.03654806488985,1531.0964419466954,6.807563959955506,55.20571231830829,56.18132179907812,0.9756094807698332,51.1790147859801,1.8211163976198819,7.282850779510023
2,1,74701,64.51151981258242,1933.1952103837195,0.10684820604111438,39.116364861782465,43.30242077292332,1299.0726231876995,8.509454949944383,64.31341312641277,75.03452831956001,10.721115193147245,43.32315967272647,7.951032198344414,8.41870824053452
2,1,75601,43.352598393142216,1299.1328651811614,0.17408622319576939,33.601339259023476,54.54685098228318,1636.4055294684956,5.506117908787542,43.366033517110665,45.796876153605744,2.430842636495079,54.45324333725663,1.9228931970211747,6.080178173719377
2,1,76501,39.95047996738194,1197.1827163558787,0.10049502518915945,31.119125951736684,54.68284525364732,1640.4853576094201,5.8731924360400445,39.98435115982976,40.196171173811535,0.21182001398177874,54.75791728505127,1.0546340710564053,6.146993318485523
2,1,77401,65.7277912395302,1969.642810811255,0.10039054879204097,35.660902961087416,49.57218361203384,1487.1655083610156,9.243604004449388,65.67427094549063,71.03156386849777,5.35729292300714,49.682107967276465,0.3563302794783141,9.220489977728285
2,1,78301,43.62879121763608,1307.4094434884942,0.33246034630365817,27.42006564543731,52.88590507163015,1586.5771521489044,8.409343715239155,43.66674276879412,44.46458576421858,0.7978429954244604,52.96698758527849,1.3432608333104135,8.68596881959911
2,1,79201,47.34592851072641,1418.799657704768,0.06658072050422706,27.365854636754527,53.71419105717092,1611.425731715128,9.810901001112347,47.22382337818057,55.04134289882362,7.8175195206430566,53.01646264169386,3.0875928126474363,11.893095768374165
2,1,80101,45.73966422340436,1370.6652712280172,0.007839631539572803,34.1539163200948,53.93721303424336,1618.116391027301,6.8409343715239155,45.74815060566483,47.106841685384424,1.3586910797195877,54.01320545387582,1.0096292389100228,7.349665924276169
2,1,81001,35.57665261947857,1066.113690163708,0.004046766706647309,22.925967809450366,62.49659396554265,1874.8978189662794,8.70967741935484,35.5878875955968,40.27399942968041,4.68611183408361,62.57089016934454,5.190058260503893,8.68596881959911
2,1,81901,33.54553390849645,1005.247832791277,0.026094966032640696,24.76226968595554,59.56777098315414,1787.033129494624,7.174638487208009,33.563614407187316,33.98054557364518,0.4169311664578643,59.64333848340348,1.12583322746082,7.951002227171492
2,1,82801,32.277419182512304,967.2466615026186,0.11682886498305883,18.022485955051348,65.41991462234844,1962.5974386704536,9.410456062291436,32.29735159990977,36.914948173467266,4.617596573557501,65.33659101050648,0.07821587162747079,9.086859688195991
2,1,83701,31.186283260881662,934.5489550510872,0.1291025277241668,15.181897114655497,62.56102048952259,1876.8306146856776,9.17686318131257,31.215901485490402,32.531147119061316,1.315245633570914,62.63084493358299,3.3304117604373147,9.287305122494432
2,1,84601,29.563715176215936,885.9259981139376,0.22971728788227647,16.82408987137031,75.94675213698449,2278.402564109535,7.5417130144605125,29.573646283716283,30.290427416104425,0.7167811323881423,76.19688000151942,3.8936538389842568,8.68596881959911
2,1,85501,27.53406367138753,825.1041080192463,0.18862156114705375,15.48709139897126,73.32136149317486,2199.640844795246,7.508342602892102,27.52047436354941,30.502898273389157,2.982423909839744,73.14683996966644,6.085193216696517,8.084632516703786
2,1,86401,23.893283662902487,716.0020670983113,0.21751623868229933,15.232202729743207,82.65614814948978,2479.684444484694,6.440489432703004,23.898486559881697,29.841049211391155,5.942562651509457,82.39128039203027,13.133601771392613,8.21826280623608
2,1,87301,25.512933729649475,764.5375807651626,0.05915221588639944,14.261837188806746,80.18725702061022,2405.6177106183063,7.608453837597331,25.477799010486667,29.939628880220575,4.461829869733908,80.4487608273702,10.721249298586564,7.8841870824053455
2,1,88201,25.748036462806635,771.5828260021055,0.2662108106541652,11.587924749497013,79.80514351592714,2394.1543054778144,9.010011123470523,25.761472911984384,30.67977826284214,4.918305350857759,80.09810289161783,8.551356422143677,9.220489977728285
2,1,89101,19.633413440578597,588.347956102672,0.12008703400908272,13.148764200486934,87.37596815162709,2621.279044548813,6.206896551724138,19.626395315572715,19.66489147085037,0.03849615527765593,87.37591584003464,5.227182989408249,7.082405345211582
2,1,90001,25.36836323941453,760.2052850744554,0.22118684302563596,13.281566172709136,78.930672584013,2367.9201775203896,8.309232480533927,25.3837783169335,32.11846187829483,6.734683561361331,78.66934561692422,8.144950065819515,8.084632516703786
2,1,90901,21.840091679397226,654.4747473259368,0.047282987787968266,12.299999999999045,68.84006488357589,2065.2019465072767,8.67630700778643,21.847377907836666,22.52587141604886,0.6784935082121937,68.93460628162288,1.2854271766688186,9.688195991091314
2,1,91801,26.37218669276917,790.286527893316,0.1272410333531408,12.108261642364962,64.53896312941713,1936.1688938825137,9.911012235817577,26.38731005950589,34.59985320774333,8.21254314823744,64.61761970356196,9.113937451669518,8.819599109131403
2,1,92701,41.571555446408915,1245.7609448773874,0.16700843836997908,27.601630386628,47.59389614091424,1427.8168842274272,7.908787541713015,41.547962404538524,44.162132433428106,2.6141700288895855,47.65185684441262,2.547238365218938,8.819599109131403
2,1,93601,37.62325366699621,1127.44350155432,0.13345599890418533,22.707047364200626,55.733885678847585,1672.0165703654277,7.741935483870968,37.628380803162,42.06166318119081,4.433282378028803,55.888790083835325,4.203558131534216,8.017817371937639
2,1,94501,48.72758418348769,1460.2032726985144,0.2465424054899592,27.91451235468759,46.84685053282153,1405.405515984646,8.309232480533927,48.753907727753855,57.60842555262148,8.854517824867624,46.93024373902168,2.0077003244810037,8.88641425389755
2,1,95401,40.7979063164095,1222.577259281738,0.13336773981656502,19.631097778779722,67.59092052552896,2027.7276157658687,8.67630700778643,40.838152033455756,56.725772324134745,15.88762029067899,67.83564464873598,24.333691251833123,8.084632516703786
2,1,96301,26.538541023592376,795.2716126736516,0.09560483226245559,14.007141035916227,55.84411826411759,1675.323547923528,8.943270300333705,26.566294911767713,27.516551344133873,0.9502564323661602,55.57064529005768,11.310811039637183,8.819599109131403
2,1,97201,15.642895128366787,468.76542401339134,0.32524876048368395,8.448076704196334,91.86447557097837,2755.934267129351,7.4082313681868746,15.656182544920584,18.003212223511984,2.347029678591399,91.54830193032315,7.75626360648495,8.485523385300668
2,1,98101,45.365440426316454,1359.4510314419495,0.1943105753161666,4.036087214122625,107.44331615820741,3223.2994847462223,5.3392658509454956,45.40947215691181,82.98837614590298,37.578903988991165,107.74630600448378,4.979906096537128,6.280623608017818
2,1,99001,6.33677925104899,189.89215155643473,0.22014966481631706,4.199999999999591,107.0724754404898,3212.174263214694,4.338153503893215,6.34108093910654,8.504899172521938,2.1638182334153977,106.96787065648004,7.673436559939475,5.7461024498886415
2,1,99901,5.548539160191553,166.27122350040688,0.10531372843464966,4.295346318983883,109.71573041510412,3291.4719124531234,3.437152391546163,5.5478388941287475,6.8013893173011715,1.253550423172424,109.74010955947135,3.7304974614472,4.409799554565701
2,1,100801,5.687495266841192,170.43527482967437,0.15214702819644718,4.459820624194994,107.19706093765193,3215.911828129558,3.3370411568409346,5.689550523772574,6.915334754598967,1.225784230826393,107.06273506671259,4.514928721998288,4.075723830734966
2,1,101701,5.858559623467028,175.56150338322857,0.1393790375721268,4.5694638635181075,109.23630466965952,3277.089140089785,3.971078976640712,5.862842583872059,6.173457898351514,0.3106153144794557,109.29315998416416,0.3916312813259424,4.543429844097996
2,1,102601,6.615002672213869,198.2295800773423,0.11967643965912556,4.589117562232844,104.72157270201868,3141.6471810605603,5.038932146829811,6.614070776070425,8.074775255283296,1.460704479212871,104.61909150853867,0.7679946989785336,5.478841870824054
2,1,103501,5.233035755130628,156.8166381287478,0.07236322384617648,4.242640687118803,108.58554107069729,3257.566232120919,3.670745272525028,5.230845371784448,6.058099380900339,0.8272540091158911,108.61298766322398,3.8679889329963117,4.810690423162583
2,1,104401,6.228730826994192,186.65430044892594,0.1202787365159593,4.589117562232677,103.78067649956263,3113.420294986879,3.971078976640712,6.2319319727188525,6.4095701570103945,0.177638184291542,103.75768286081822,4.764276108916469,3.7416481069042318
2,1,105301,6.494341210046992,194.61375826107485,0.11438673873005571,5.091168824543335,108.31287555002086,3249.3862665006263,3.203559510567297,6.485509765585792,7.441596314388998,0.9560865488032064,108.28600077676008,0.6400851232211124,3.2071269487750556
2,1,106201,4.191919384916529,125.61785090133199,0.07846816767097864,3.6124783736378014,110.73558129999742,3322.067438999923,2.5361512791991103,4.192309189863584,4.515993479354045,0.3236842894904608,110.61601776745998,1.4089697598266326,3.4743875278396437
2,1,107101,7.112969922047773,213.15199866403162,0.16664799937833555,4.800000000002456,101.0467838786395,3031.403516359185,4.6384872080088995,7.0927708544622785,7.233881502344649,0.1411106478823707,101.12630780975647,1.3912789606926808,4.944320712694878
2,1,108001,6.2492383590501905,187.26884282620404,0.17542594785960772,4.5099889135122515,107.56092837561299,3226.8278512683896,3.470522803114572,6.251556293529272,7.286163832552284,1.0346075390230123,107.55192561668878,4.959863848077106,3.8752783964365256
2,1,108901,3.29795069701223,98.82858922046648,0.013868292849483783,2.9698484809844157,108.62006320733754,3258.601896220126,2.903225806451613,3.300876231871654,3.3219418224500927,0.02106559057843871,108.69076530665635,0.39535731502748916,3.0734966592427617
2,1,109801,5.323307212342795,159.5217727965391,0.15221817268248716,4.080441152620182,108.69502665006654,3260.8507995019963,3.0700778642936597,5.325637065714801,5.908006100146089,0.582369034431288,108.69358593722373,3.870406948674024,4.075723830734966
2,1,110701,5.047300968039218,151.25078567557517,0.09921093745744038,4.178516483154619,109.00371531126535,3270.1114593379602,2.8364849833147945,5.048643313724717,5.708949578992153,0.6603062652674367,109.11935203419847,1.623817879369696,3.4075723830734965
2,1,111601,5.1446765447032785,154.1688071229416,0.0820263239854248,4.167733196835386,109.886978181722,3296.6093454516604,2.9365962180200222,5.141693954122499,6.057446286178253,0.9157523320557539,109.93961573430761,4.545570348650628,3.4743875278396437
2,1,112501,6.32346818934953,189.49326340750756,0.13765692980105504,4.589117562234182,109.14727586987917,3274.4182760963745,4.3715239154616246,6.327169156152814,6.7035605360182995,0.37639137986548565,109.05624948014302,6.705969727769457,4.075723830734966
2,1,113401,6.0204050019986886,180.41146989322738,0.18757431026164903,4.080441152621686,109.56071782754536,3286.821534826361,4.137931034482759,6.022384694999667,7.0971528583491,1.074768163349432,109.5113174663891,3.253231327478062,4.944320712694878
2,1,114301,3.5598494380583943,106.67682149381656,0.0022808188114796218,3.231098884281247,113.17154774819832,3395.14643244595,2.636262513904338,3.5599176767011027,3.612708502329804,0.0527908256287013,113.15738128840862,0.6762914973178908,3.140311804008909
2,1,115201,3.843194006251534,115.16771372067096,0.004435979272948891,3.4985711369079464,112.04222730012181,3361.2668190036547,2.7363737486095663,3.8464715051449105,3.972941657282772,0.12647015213786128,112.22524923211377,1.657011934133493,3.2071269487750556
2,1,116101,4.452957533778932,133.44029409557533,0.055719856487419166,3.9000000000002566,109.70788672365894,3291.236601709769,2.436040044493882,4.4518659151273665,4.671367061489241,0.2195011463618748,109.57356914272566,1.2072194152176365,2.739420935412027
2,1,117001,5.558800350273239,166.57871716318806,0.10391115936746549,4.509988913511173,112.22683287591016,3366.804986277304,3.0367074527252504,5.558234287718035,6.294291369114747,0.7360570813967118,112.14275403431577,3.039108258619194,4.142538975501114
2,1,117901,5.9071240677637356,177.01681789731998,0.07136281604480477,5.091168824543335,110.56058195619141,3316.817458685742,3.0367074527252504,5.907087795053042,6.545753135424857,0.6386653403718148,110.34401845558087,2.4894638865760754,3.34075723830735
2,1,118801,5.534806513098624,165.8597018425221,0.06768143408234759,4.6957427527491005,114.21785928590323,3426.535778577097,3.170189098998888,5.533922659624437,6.034755313284852,0.5008326536604151,114.07300123714415,4.484051765960707,3.7416481069042318
2,1,119701,3.7110186079133323,111.20685761713621,0.0010252743846283553,3.420526275298042,112.24910650675788,3367.4731952027364,2.502780867630701,3.7052803524415032,3.712995222229455,0.0077148697879518835,112.12567500221684,1.3078274070345017,2.4053452115812917
2,1,120601,3.8424482799671895,115.14536678968344,0.0009709760973641889,3.5114099732161907,115.93969594197473,3478.1908782592427,2.436040044493882,3.8460590241542354,3.9872162895804286,0.141157265426193,116.02274837072844,0.4936952023947043,2.6057906458797326
2,1,121501,3.7235812412997316,111.58331786428195,0.0005738424309292043,3.354101966250142,112.82574580403961,3384.7723741211885,3.0700778642936597,3.7241296626327145,3.7622322527196808,0.03810259008696648,112.77485978544735,2.0087892555358238,3.4743875278396437
2,1,122401,3.6399195428797393,109.07625563496283,0.0033055326793858214,3.3941125496965614,112.05466686306447,3361.640005891935,2.235817575083426,3.6417318573152944,3.7102164078119664,0.06848455049667179,112.09257864105608,0.04432113359311529,2.8062360801781736
2,1,123301,3.8676695704373745,115.90116479410666,0.0022399697205471264,3.612478373638581,112.50115463416259,3375.0346390248774,1.9688542825361515,3.8658165001657285,3.917856389638368,0.05203988947263927,112.40425970044402,2.18261753308159,2.1380846325167036
2,1,124201,3.9599299719773144,118.66590149358686,0.0011461987257958624,3.649657518179117,114.33520258853567,3430.05607765607,2.03559510567297,3.9584198566409854,4.049338524559291,0.09091866791830538,114.31240955948627,0.5487062417377118,2.2048997772828507
2,1,125101,3.6470204193867355,109.28904523428918,0.004438480658198681,3.354101966250142,113.2359831266239,3397.079493798717,2.235817575083426,3.64987716218935,3.8853806832379894,0.23550352104863914,113.32176393265604,0.1470815333076061,2.6057906458797326
2,1,126001,5.400877656374475,161.84630043602178,0.1399953220490572,4.002499219237775,107.75839476692725,3232.7518430078167,3.2369299221357064,5.400615283755274,5.4135705746588085,0.012955290903534422,107.8249351095817,0.047835025406193665,3.4075723830734965
2,1,126901,6.025919762842973,180.5767288931944,0.07109164032606634,4.992995093127017,112.81414364900985,3384.424309470296,2.6696329254727478,6.024271569258256,6.092936550970777,0.06866498171252111,112.85304198599738,0.6100903161804041,2.8730512249443207
2,1,127801,5.753253666545068,172.4058348741339,0.039612261633642336,4.9658836071733505,113.17308609316207,3395.1925827948617,3.003337041156841,5.759187953402344,6.079153779151091,0.31996582574874743,113.28229481996362,2.112389176529696,3.0734966592427617
2,1,128701,5.279797095013898,158.21791961391648,0.02862100020528801,4.499999999999659,109.01398707391182,3270.419612217355,2.5361512791991103,5.283877548970326,5.764546261932105,0.4806687129617795,109.0263905491008,2.2652178025879337,3.0066815144766146
2,1,129601,5.1319900875944535,153.78863629158042,0.05826181827483874,4.1677331968349565,109.19419723772575,3275.8259171317723,3.0700778642936597,5.135342726507634,5.658652875781503,0.5233101492738688,109.09423691986078,1.0056352692343324,4.543429844097996
2,1,130501,4.154014872671038,124.48197901770874,0.06600882681571055,3.2449961479193687,111.28579629398115,3338.5738888194337,3.403781979977753,4.154631815736372,5.083803736373753,0.9291719206373805,111.46622674053475,4.4160583684605825,3.6080178173719375
2,1,131401,5.319903276640587,159.41976818999626,0.02342012526369469,4.45982062419551,115.82939739003747,3474.8819217011237,3.7041156840934373,5.320118756628838,5.320627901983811,0.0005091453549734837,115.75994132151891,2.2666421591283594,3.7416481069042318
2,1,132301,5.19752844977049,155.75260254478903,0.021201450527585902,4.539823785125831,113.19045061425136,3395.713518427541,2.8031145717463852,5.195099167057819,5.507079167609378,0.3119800005515594,113.24753157733086,1.442089562069654,3.2071269487750556
2,1,133201,5.615829751685092,168.28769822549657,0.043219483301049515,4.6861498055445345,112.09029284561423,3362.708785368427,2.8364849833147945,5.61648333004524,5.699290921462807,0.08280759141756722,112.04009714473239,2.3859962027505546,2.939866369710468
2,1,134101,5.129441324261698,153.71225835037555,0.022576146997866486,4.579301256741758,113.67880221339614,3410.364066401884,1.8020022246941048,5.127826544377983,5.473229198123686,0.34540265374570334,113.82864793525133,1.9866301024940398,2.0044543429844097
2,1,135001,4.872080797390452,146.00002122846723,0.03591059508143872,4.2107006542858825,112.32257516499524,3369.6772549498573,2.8698553948832037,4.874812872527312,5.437666414092752,0.5628535415654401,112.39391269368511,2.282879406752947,2.939866369710468
2,1,135901,5.543434559266688,166.11825562602507,0.03535411237423728,4.589117562232844,114.6340039913415,3439.0201197402457,3.2369299221357064,5.542560313861731,6.184555518230245,0.6419952043685142,114.68870021158916,0.5820947777762058,3.140311804008909
2,1,136801,5.6256993290853945,168.5834565615923,0.0022735051573385904,5.316013544002995,114.96004166352022,3448.801249905606,1.7018909899888766,5.625249188725055,5.688677058377274,0.06342786965221903,115.00449739393449,0.9255056068411065,1.9376391982182628
2,1,137701,5.212751153691649,156.20877623895973,0.044448794067307694,4.459820624194994,112.13794382295022,3364.1383146885064,2.5695216907675196,5.213200357802035,5.8969636139657275,0.6837632561636928,112.10572961705472,3.110302767107804,3.6748329621380846
2,1,138601,5.380766291345048,161.24362986397327,0.0872451329160226,4.242640687120129,108.42433354901262,3252.7300064703786,2.969966629588432,5.384149021176423,6.223569841390891,0.839420820214468,108.2879510031396,5.829806944725277,3.8084632516703785
2,1,139501,5.438258847144875,162.96649011944146,0.13375848790621223,4.2107006542850325,111.53338595105409,3346.0015785316227,3.937708565072303,5.4419057603763505,5.581756702816396,0.1398509424400447,111.46739518802215,0.859601299271084,4.342984409799555
2,1,140401,4.977104852998796,149.14724209486388,0.002618301742025905,4.58911756223435,117.06582534535883,3511.9747603607652,2.202447163515017,4.977591802963019,5.084337096149483,0.10674529318646364,116.99536391984148,1.3902564353987898,2.271714922048998
2,1,141301,4.818149051086893,144.38386656423722,0.05107722413234055,4.199999999999591,111.51581642566337,3345.474492769901,3.103448275862069,4.821152201095276,4.930687215364704,0.10953501426942758,111.54569356506309,2.2117804700347534,2.6726057906458798
2,1,142201,4.17366147345472,125.07072215452646,0.06511381625974388,3.35410196624999,110.73708737116996,3322.112621135098,2.602892102335929,4.173220713554874,4.765183957934332,0.5919632443794585,110.72280473191438,5.8151163279672815,3.2739420935412027
2,1,143101,4.541327630905243,136.08845133946042,0.1344706837609743,3.4985711369078003,109.36959354825714,3281.0878064477133,3.7041156840934373,4.544352685328201,4.901412869917339,0.357060184589137,109.44327734470203,0.15134175742333866,4.075723830734966
2,1,144001,6.5744173559013195,197.01337343184287,0.11450289424919392,4.837354648980124,109.56347590216697,3286.9042770650094,4.538375973303671,6.5794000032909645,7.577174882565217,0.9977748792742522,109.60823399937487,0.5706178244405038,6.080178173719377
2,1,144901,6.434339644602346,192.81571134991697,0.06753814406199776,4.5000000000001705,106.51639378159203,3195.4918134477607,4.10456062291435,6.4362226325247835,6.774735582907266,0.33851295038248264,106.52039884796724,0.055932279138168894,4.409799554565701
2,1,145801,4.788999032629374,143.5103376777936,0.06736868123025046,3.5114099732158994,108.76845796318467,3263.053738895541,3.870967741935484,4.787182460986746,5.6481186664541685,0.8609362054674223,108.58416485991438,2.918916752730759,4.877505567928731
2,1,146701,4.012197683353835,120.2321905778366,0.0012364466351203352,3.7107950630560347,115.2341124114675,3457.023372344025,2.502780867630701,4.011733040553482,4.023573592224161,0.011840551670679655,115.22792991423174,1.0238681384960628,3.0734966592427617
2,1,147601,4.017859076655527,120.4018436637773,0.002291179902967703,3.6000000000001364,114.28962989452982,3428.688896835895,2.703003337041157,4.018975887780604,4.025433940539744,0.006458052759140909,114.17190219257367,1.230893354530096,3.6080178173719375
2,1,148501,4.303170339888996,128.95167118534022,0.02388114027678835,3.8999999999999293,112.64590479747586,3379.3771439242764,2.5695216907675196,4.301206025651849,4.467822810548479,0.1666167848966298,112.79029215546805,0.9210740138727616,3.2071269487750556
2,1,149401,6.096905578506046,182.70393716923118,0.09749011327909997,4.459820624196658,112.6125372667603,3378.3761180028087,3.8042269187986655,6.09680785817206,6.378782422777292,0.2819745646052323,112.6547630486114,0.46852716931464045,4.008908685968819
2,1,150301,5.822070076831977,174.46803330239823,0.08822304911345134,4.295346318983525,110.32645955293792,3309.7937865881377,4.204671857619577,5.825113930990703,6.4679033354667945,0.6427894044760918,110.34646236964721,2.814430946572486,4.476614699331848
2,1,151201,5.770474024615899,172.9218716043231,0.023140578904369234,4.743416490252515,113.32470083916886,3399.7410251750657,3.8375973303670747,5.768854333387993,6.005089855929123,0.23623552254113012,113.25909159082127,0.22630805220458683,5.144766146993319
2,1,152101,4.771435707194236,142.9840233589206,0.01781261744050406,4.080441152620182,114.85461034914562,3445.638310474368,3.971078976640712,4.772355029884442,5.317463852968891,0.5451088230844494,114.8774865531388,2.8533306874011473,4.944320712694878
2,1,153001,3.5556634898826243,106.55138258014931,0.0009385143353233642,3.2310988842814057,110.77891145622195,3323.367343686658,3.170189098998888,3.5564713619875965,3.636492628341177,0.08002126635358042,110.74825617762644,1.4671022071806377,3.2739420935412027
2,1,153901,3.8986465745486143,116.82944235064014,0.0006900878396821925,3.394112549695959,113.67791523732572,3410.3374571197714,4.137931034482759,3.900578997498804,4.0148945993073,0.11431560180849565,113.70012369985795,2.1244181011586463,4.743875278396437
2,1,154801,3.9708190674144053,118.99221138685166,0.009355935309043535,3.4985711369079464,112.9648770786892,3388.946312360676,2.9365962180200222,3.967050947886717,4.012270271673076,0.045219323786358734,112.97973160724798,0.9382722119271705,2.8730512249443207
2,1,155701,3.9060911055206993,117.05253012877026,0.0014747802958756705,3.6249137920785324,114.8010903466785,3444.032710400355,2.002224694104561,3.9077474683058098,4.012440807439243,0.1046933391334337,114.91553861956237,3.507198259210284,1.8708240534521159
2,1,156601,4.184623281378282,125.39921099863584,0.001307920467460871,3.9115214431218246,114.29277814362902,3428.7833443088703,2.3025583982202447,4.185387259267445,4.409448632001669,0.22406137273422333,114.33306276732372,2.277448881753422,2.8730512249443207
2,1,157501,4.257314927951143,127.57753734093588,0.001804528394753516,3.945883931389684,114.41213057539734,3432.36391726192,2.3692992213570636,4.258246763867238,4.307462723873647,0.04921596000641015,114.51323740691194,0.6339092358905773,2.472160356347439
2,1,158401,4.220869898275227,126.48540128498097,0.00044723376706090644,3.911521443122021,115.58868604508137,3467.660581352441,2.5361512791991103,4.215547927115178,4.271671573452741,0.056123646337562505,115.59221794752105,1.5650174188851835,3.0066815144766146
2,1,159301,4.27998478145247,128.25687728419234,0.001743429299736513,3.91152144312019,114.8434556848621,3445.303670545863,2.502780867630701,4.281996052506015,4.514442407605421,0.2324463550994058,114.90581676447475,3.1679064197251705,2.939866369710468
2,1,160201,4.10110562983121,122.89646537394194,0.003038029555332029,3.9115214431214325,116.7210891606888,3501.6326748206643,1.6685205784204673,4.0971552694297,4.233373788347265,0.13621851891756553,116.63544240664669,2.223685915171437,2.2048997772828507
2,1,161101,3.9641821796456838,118.79332598338233,0.0005323998859347639,3.6249137920774035,113.65982441827138,3409.794732548142,2.8364849833147945,3.9659032318229164,4.055564902741279,0.08966167091836219,113.57224704704069,2.673238031391044,3.0734966592427617
2,1,162001,4.204404729388795,125.99199505735089,0.00246175360779258,3.8418745424610083,115.26195933009805,3457.858779902941,2.2691879866518354,4.206393289973317,4.327310324772211,0.12091703479889393,115.30708529150581,0.6843188731161618,2.4053452115812917
2,1,162901,4.1425764022195155,124.13920618651149,0.0014809806567658893,3.8418745424599434,113.15234165060954,3394.5702495182863,2.1690767519466077,4.144850986186352,4.247559519466848,0.10270853328049645,113.19924479767539,1.252046901997936,2.071269487750557
2,1,163801,4.329355898493895,129.73636509153374,0.0027630569603656744,4.002499219237775,115.96836668378761,3479.051000513628,1.935483870967742,4.329165871654804,4.401765194056904,0.07259932240209999,115.8962615614477,0.5829407081544531,2.3385300668151445
2,1,164701,4.180441127224511,125.27388577916119,0.0009579011559643507,3.8999999999998636,114.97447067217625,3449.2341201652875,1.7686318131256953,4.181482825419732,4.204402932090873,0.022920106671141305,115.10600516178872,1.2830448084733277,1.670378619153675
2,1,165601,4.057408681224636,121.58701348069827,0.0011186614523511444,3.794733192201031,115.63858240126676,3469.1574720380027,2.1690767519466077,4.055876585008983,4.089733643118788,0.033857058109805216,115.59275560178376,1.110619496736689,2.3385300668151445
2,1,166501,4.309491389230355,129.1410919639363,0.0009420336219546533,3.911521443121694,116.51253886648895,3495.376165994668,2.703003337041157,4.306244768564381,4.373139963334791,0.06689519477040884,116.60172584158803,1.7426431174253523,2.6726057906458798
2,1,167401,4.225173812905607,126.61437526007134,0.0015795994695640212,3.9115214431214325,114.83687516253381,3445.1062548760146,2.502780867630701,4.220418013860842,4.2273640663020275,0.006946052441186179,114.79148807063146,1.8314261239855156,2.538975501113586
2,1,168301,4.232069838249587,126.82102615287928,0.0012266380156357685,3.9458839313895537,116.43128505310274,3492.9385515930817,2.0689655172413794,4.234892793219969,4.299665063890868,0.06477227067089864,116.47046435027117,1.9783760791838603,2.2048997772828507
2,1,169201,4.290381531367661,128.56843322331758,0.0006413869286957894,3.9115214431214325,112.19732339162708,3365.919701748812,2.7363737486095663,4.292171174973863,4.436555650909379,0.1443844759355164,112.2858507953286,0.24147011837415988,3.4075723830734965
2,1,170101,4.317399386714847,129.37806828855489,0.0010820999405226947,4.080441152622,112.4642272473744,3373.926817421232,1.4682981090100111,4.3211507409338505,4.4126857863076685,0.0915350453738184,112.5313964138898,0.6386580234564718,1.7371937639198218
2,1,171001,4.309232715215553,129.13334036595938,0.002788891397734668,3.9000000000007162,116.05772152960351,3481.7316458881055,3.170189098998888,4.311918534947305,4.421230847348813,0.10931231240150874,116.07773358110387,1.9227715032406607,3.8084632516703785
2,1,171901,4.561198361141976,136.68391088888785,0.0025690002212992663,4.26380112106595,115.39381154253945,3461.814346276184,1.9688542825361515,4.560559191354175,4.794379419267659,0.23382022791348422,115.44667180186431,1.765275624328197,2.6057906458797326
2,1,172801,4.48643570085028,134.44352316881339,0.0012731920709291328,4.1677331968349565,114.58357921257209,3437.507376377163,2.436040044493882,4.482720102648283,4.560592153592889,0.07787205094460603,114.48666573875417,0.2878191461648427,2.6726057906458798
2,1,173701,4.339356382645435,130.0360462666082,0.0018600052784831951,4.00249921923835,115.17251398098607,3455.1754194295822,2.502780867630701,4.342771264801906,4.4304888614809705,0.08771759667906531,115.3091844732945,1.724381071414001,2.6057906458797326
2,1,174601,4.335307998498939,129.9147296883515,0.0016182765489381175,4.036087214122688,113.49509756786475,3404.8529270359427,2.436040044493882,4.337591490778161,4.342697754726228,0.005106263948067902,113.50080368523373,1.6266233252386897,3.0066815144766146
2,1,175501,4.269735141824293,127.94972975000131,0.0010630323749265,3.900000000000913,115.7964276107534,3473.8928283226023,2.636262513904338,4.2713381939425625,4.484047266756696,0.21270907281413365,115.77636790882681,0.6671982805691812,3.0066815144766146
2,1,176401,4.332053350153856,129.81719872627724,0.0005554812938258854,4.036087214120343,114.98636989954834,3449.59109698645,2.1690767519466077,4.333536705777634,4.386279959169859,0.05274325339222452,115.00294183512882,1.529510188069736,2.4053452115812917
2,1,177301,4.450201860461935,133.35771575184265,0.0005030233080009733,4.2107006542850325,114.5250861714968,3435.7525851449036,1.9688542825361515,4.444838981546093,4.535115544688998,0.09027656314290455,114.40782870955165,0.10123096603200565,2.2048997772828507
2,1,178201,4.2704309873185675,127.97058191997972,0.00034946593880406197,3.8999999999999293,116.22531920129879,3486.7595760389636,2.7363737486095663,4.273387425564867,4.279757612486973,0.0063701869221057805,116.2031598418533,1.6343000765479943,2.8730512249443207
2,1,179101,4.627966600453587,138.68473246025917,0.008384162608765124,4.295346318982096,113.77796499766592,3413.338949929978,2.5361512791991103,4.6290560315028895,4.780460070243501,0.15140403874061148,113.72496885141825,1.9046971287363874,2.6726057906458798
2,1,180001,4.993228807210775,149.63042325608288,0.014171393754728454,4.429446918070611,115.45366883365242,3463.6100650095727,3.3036707452725254,4.987881738365365,5.158980259356575,0.17109852099120992,115.30669226215896,1.6113606452477143,4.409799554565701
2,1,180901,5.0575566038252,151.55811289462844,0.003301702763188808,4.743416490252515,115.86074505570151,3475.822351671046,1.735261401557286,5.059700773815345,5.08589987927144,0.02619910545609505,115.83347070927636,0.17357261799909196,2.1380846325167036
2,1,181801,4.516635917456933,135.3485229931261,0.005447862598917861,4.178516483154619,113.23589695830857,3397.0769087492567,2.5695216907675196,4.51046033841318,4.8569684330106595,0.34650809459747967,113.16374175935125,0.8922351682534071,3.0066815144766146
2,1,182701,4.103735881736492,122.9752852560369,0.003609235949315794,3.75898922584296,115.29073663945724,3458.7220991837175,3.203559510567297,4.10026013467019,4.103700778407223,0.003440643737032456,115.25211271638719,0.4486452423928782,3.8084632516703785
2,1,183601,4.0220829053132165,120.52841772921937,0.01012413420712069,3.661966684720552,111.50877265104765,3345.2631795314296,3.5038932146829813,4.025893688058554,4.072074854388576,0.04618116633002112,111.65140404878923,0.478465422479033,4.008908685968819
2,1,184501,4.099224111703848,122.84008254739197,0.0015359776607796083,3.8999999999998636,111.46039717614333,3343.8119152842996,1.8687430478309233,4.09859195063021,4.287503870533614,0.1889119199034044,111.51095287523809,3.0435158966210167,2.4053452115812917
2,1,185401,3.8952026111184197,116.7262382465153,0.0025701162352752627,3.710795063055828,117.42589266331117,3522.7767798993345,1.9021134593993327,3.896785394231725,4.15621209876007,0.2594267045283456,117.53843050091146,0.09169285115917347,2.2048997772828507
2,1,186301,4.69223719336558,140.61070789452185,0.0014798767717102684,4.368065933567852,113.42372418276359,3402.7117254829077,2.03559510567297,4.6899031311094275,4.775160566624025,0.08525743551459719,113.38516829911796,2.0288423991647306,2.6726057906458798
2,1,187201,4.414971155030651,132.30196894575187,0.0066557437166419745,4.036087214122688,113.03577481688517,3391.0732445065546,2.636262513904338,4.410379642193877,4.609128693979304,0.1987490517854278,113.02747637765083,3.213669689165137,2.739420935412027
2,1,188101,4.513432796214217,135.25253612655268,0.004394671339193204,4.2107006542850325,113.02489498346458,3390.746849503937,1.935483870967742,4.5152895700472495,4.551923001910203,0.036633431862953536,113.07504429102657,0.42930432961335896,2.538975501113586
2,1,189001,4.370442099273716,130.96758157490234,0.00038177386646950955,4.080441152620182,114.23983689320956,3427.195106796287,2.135706340378198,4.372554102307015,4.467952472520215,0.09539837021319997,114.29256645403083,0.16647397445608192,1.8040089086859687
2,1,189901,4.57990461008597,137.24447481557624,0.0023643911000992184,4.242640687118924,116.28919317277943,3488.675795183384,2.3692992213570636,4.5773793063930714,4.647282553624325,0.06990324723125374,116.19537243396636,3.1523884354479534,2.472160356347439
2,1,190801,4.507057781484261,135.061498185145,0.0010523110282748347,4.2107006542850325,114.07008537369532,3422.10256121086,2.235817575083426,4.508040124456873,4.511549661960958,0.003509537504084559,114.14814126616292,0.4734867329144592,3.0066815144766146
2,1,191701,4.553554300013723,136.45484385707792,0.0022179858952125118,4.295346318982811,114.92413604548456,3447.724081364537,1.8687430478309233,4.556592969881121,4.698407501050169,0.14181453116904708,114.907264599923,1.0652652310200352,1.7371937639198218
2,1,192601,4.605027149831259,137.99731358994336,0.0013063845888254641,4.3680659335676175,116.61957763967824,3498.5873291903467,1.5350389321468298,4.607461837832753,4.623017477843806,0.015555640011052585,116.75886804866988,0.2981346096529336,1.670378619153675
2,1,193501,4.91034070451113,147.14654311185018,0.0008183402969679089,4.589117562232844,113.30381332838407,3399.1143998515217,2.1690767519466077,4.908338629646999,4.926869387134512,0.018530757487512872,113.28655178890506,1.039325378686378,2.271714922048998
2,1,194401,4.544273305815798,136.17672339761344,0.0011772363985488063,4.242640687122299,113.36883094931454,3401.0649284794367,1.7686318131256953,4.543895385021797,4.700847399766544,0.15695201474474763,113.3321555974092,0.9380626154639913,2.071269487750557
2,1,195301,4.463153892925172,133.7458449913243,0.0011437408423245338,4.1785164831552315,111.660384195773,3349.8115258731905,1.8687430478309233,4.465430592890021,4.575625578964766,0.11019498607474576,111.71067043793869,1.1586149469127136,2.271714922048998
2,1,196201,4.501084517457219,134.88249937313466,0.0010484781709604745,4.210700654288434,114.58521551030549,3437.556465309164,1.835372636262514,4.501130468340584,4.606935700910117,0.10580523256953223,114.66135921955538,3.520215882973332,2.1380846325167036
2,1,197101,4.682232115602178,140.3108890642119,0.0018585022014133026,4.429446918070611,115.8746121093649,3476.2383632809474,1.9688542825361515,4.6830903680214195,4.701322610057076,0.018232242035656654,115.84007746158915,1.2655207462711004,2.472160356347439
2,1,198001,4.553611245744948,136.4565503308236,0.0017248863857996077,4.178516483156639,113.56478093775499,3406.94342813265,2.502780867630701,4.554947002180913,4.60927614425598,0.05432914207506734,113.49123904933879,2.0734468715200336,2.939866369710468
