track_id,label,window_start_frame,avg_speed,total_distance,straightness,median_speed,mean_turning_angle,angular_velocity,jump_frequency,speed_30s_mean,speed_30s_max,speed_30s_std,angle_30s_mean,angle_30s_std,jump_30s_max
0,0,0,42.12273541836319,2525.9600339211793,0.08307243578852166,26.093102536877826,36.593215326753096,1097.7964598025928,7.63757643135075,42.13802647120528,42.18998305932436,0.05195658811907933,36.61404965025736,0.22499060441921515,8.642936596218021
0,0,0,101.79007109923913,6104.0112635843725,0.04162914489580408,79.13463211515011,23.00889439427915,690.2668318283745,6.470261256253474,101.83307869153109,105.31096179106164,3.4778830995305583,23.034326405500245,0.569427614795492,6.774193548387097
0,0,0,98.1749718771236,5887.225813564845,0.05029349790717406,69.84590181248875,21.949738605663654,658.4921581699099,7.287381878821567,98.07791705770819,105.32444777568384,7.246530717975652,21.959316972459597,0.8731991751439896,7.508342602892102
0,0,0,63.06490893332932,3781.792372368648,0.08673293163105504,41.97106145905767,30.185240106353103,905.5572031905931,7.170650361311839,63.050126739681446,67.64698420205914,4.596857462377695,30.216138052456323,1.1966378487748983,7.308120133481647
0,0,1800,86.62842507395072,5194.817890267911,0.06208486724814951,63.00071428166579,20.374989052391065,611.249671571732,7.470817120622568,86.602119754372,109.48262366352967,22.880503909157667,20.44752235814406,3.195350525172543,7.174638487208009
0,0,1800,93.54423504561267,5609.535961568574,0.06358986456236468,66.96454285664866,27.59120683625671,827.7362050877011,7.570872707059477,93.5225206245895,109.7234749910913,16.20095436650179,27.807261266934944,4.664721976070529,7.341490545050056
0,0,1800,112.28145633503868,6733.144664891153,0.04783034512950076,73.36027535390055,27.11175168411146,813.3525505233439,7.987770983879933,112.30604212426985,117.14748372217726,4.841441597907412,27.319130871702765,3.6091309369969338,8.509454949944383
0,0,1800,61.80349845257696,3706.1497905395318,0.053194824468749444,39.9721152805295,26.69544473633367,800.8633420900101,7.420789327404113,61.77572585795548,64.00672789098074,2.231002033025259,26.71759870562184,2.5418866737288344,7.775305895439377
0,0,3600,74.04515140426402,4440.2409125423665,0.08467523521121735,50.91168824543166,24.298296499726607,728.9488949917983,7.620900500277932,74.0533649780816,83.12462234811039,9.071257370028789,24.40995359883431,3.479313471591201,8.642936596218021
0,0,3600,88.27005338021951,5293.260867700497,0.03167590302134812,52.57537446371678,32.65281226381883,979.5843679145651,8.321289605336297,88.31914684706058,108.17797318887176,19.85882634181118,32.5766138620633,4.231942005192256,8.776418242491658
0,0,3600,152.79507639371838,9162.611414409977,0.05320916293669963,123.42985862424042,18.461720002207734,553.851600066232,6.053362979433018,152.70078206244318,163.6615462324908,10.960764170047597,19.147135711478228,6.943759437726693,7.875417130144606
0,0,5400,71.12133215276509,4264.909218094146,0.08541412519067655,50.01369812361392,20.558767142573274,616.7630142771982,6.970539188438021,71.13095021314084,72.99016254039572,1.8592123272548875,20.545180091554176,0.7623137472779753,7.374860956618465
0,0,5400,115.41926890625977,6921.308825412045,0.0020335588747972064,80.34008961906869,28.894626433420566,866.838793002617,8.171206225680933,115.34366262408437,124.45609049022109,9.11242786613672,28.913515253955246,4.347269253562727,9.377085650723027
0,0,5400,114.63300041445572,6874.158924853529,0.0703035354810604,83.98553446874068,23.36017267778938,700.8051803336815,6.653696498054474,114.6463987112503,120.83093754760375,6.184538836353454,23.433603670497874,2.466248063091511,6.7074527252502785
0,0,7200,103.72590602808128,6220.096831483941,0.01632136058518943,83.85254915624212,20.6231731968479,618.6951959054369,5.903279599777654,103.73968341523926,111.60112140543663,7.861437990197366,20.640627489917925,1.338522571022489,6.8409343715239155
0,0,7200,116.5132719291646,6986.912540018904,0.07796000330487987,94.10488828960851,16.72233869335399,501.67016080061967,6.0867148415786545,116.46169424601256,120.59899792085537,4.137303674842812,16.736947858070998,0.39681995693437244,6.674082313681869
0,0,7200,122.61816844003484,7353.002834120755,0.009999140498081061,92.690290753671,21.833503742017275,655.0051122605183,7.370761534185658,122.54464504889114,129.12845921330972,6.583814164418591,21.912719778976523,1.565773176463951,7.341490545050056
0,0,9000,93.13023880609502,5584.709987072165,0.02295267702990436,68.2135617014677,20.103063447312937,603.0919034193882,7.337409672040022,93.1593969305622,110.70859436014926,17.549197429587068,20.093495470706834,2.0581359788835645,7.608453837597331
0,0,9000,130.7799046332409,7842.434947840013,0.027454787581771098,109.23502185654479,15.159822073162019,454.7946621948605,5.519733185102835,130.7527238730301,139.79295675727744,9.040232884247338,15.093440327495347,1.43576240308861,5.672969966629589
0,0,9000,136.0752005350808,6354.711864988272,0.04472543497324966,105.66901154075387,18.920098228745154,567.6029468623547,6.081370449678801,131.51183179138215,147.84776441456637,16.335932623184227,19.057624022957675,0.6404225384891582,7.185628742514971
0,0,10800,75.62905757343981,4535.222485820608,0.014696084803324076,54.203782155861724,25.749225158270164,772.4767547481049,7.237354085603113,75.66137280790628,103.54963997750613,27.88826716959986,25.73742509992679,4.093406838597419,7.341490545050056
0,0,10800,95.14801988478172,5705.709592424077,0.03043433418551945,71.06454812352106,19.678642875199348,590.3592862559805,7.103946637020567,95.20093869450629,111.45471897434176,16.253780279835468,19.707618664625024,0.7920049109685152,6.507230255839822
0,0,12600,83.04089485727492,4979.685661607919,0.019319562442647206,59.192060278384744,20.705778769354843,621.1733630806453,7.287381878821567,83.07401643675212,90.86889983158134,7.79488339482922,20.68866566985266,0.26021661493039794,7.241379310344828
0,0,12600,83.81892863057475,5026.341753546799,0.04385733832497601,61.5460802976106,21.349736321164453,640.4920896349336,6.853807670928293,83.80666379617978,86.06459811498023,2.2579343188004444,21.572579009312896,4.519091103062653,7.6751946607341495
0,0,14400,90.8356935626819,5447.113757308825,0.028964982298122534,66.12329392884126,21.036367503329792,631.0910250998938,7.2040022234574765,90.8598989095948,103.2544101645644,12.3945112549696,21.047634237506458,2.782832877376448,7.1412680756396
0,0,14400,89.79370536783448,5384.629198557808,0.007235954593669499,62.74591620177451,24.41757336077061,732.5272008231184,7.604224569205114,89.70920013715516,102.23986062127477,12.530660484119615,24.342765414603925,1.894148566516133,7.6751946607341495
0,0,16200,63.017084384081365,3778.9244935654115,0.05699304125942711,41.10985283359762,27.30157093965286,819.0471281895858,7.670928293496386,63.03504860133234,79.10284657444592,16.067797973113578,27.27414424522612,3.9581195983986515,7.608453837597331
0,0,16200,122.410617245,7340.556680791833,0.05620660385766917,91.6420209292657,21.636489299977804,649.0946789993342,7.2040022234574765,122.39490649021198,126.53559898991483,4.140692499702851,21.601774742892463,1.546593236829903,7.2747497219132375
0,0,18000,53.74827754214682,3223.105043277404,0.01935427782452902,33.98352542041564,30.02008874917699,900.6026624753097,7.404113396331295,53.7603169613368,54.98737171490172,1.2270547535649179,30.04372718144629,2.5396904379681935,8.075639599555062
0,0,18000,106.4442537388638,6383.107082540532,0.04316933492898563,78.7584281204227,22.29086431740278,668.7259295220834,7.6876042245692044,106.5034552148031,121.5912168523816,15.08776163757851,22.479813949388173,2.0671653767954297,7.942157953281424
0,0,19800,43.993425864730845,2638.1391043550266,0.06501664454190982,29.701515112869767,22.873095462450387,686.1928638735116,6.637020566981656,43.942830256968975,48.3406605163407,4.39783025937172,22.885055755371297,0.029617906341927736,6.507230255839822
0,0,19800,53.06559300166029,3182.1667269995623,0.08974520511373833,37.10552519504392,34.33382500963395,1030.0147502890186,6.486937187326292,53.070034416558315,57.03851359079224,3.9684791742339307,34.30321192181699,4.805036983853247,6.941045606229144
0,0,21600,64.87520540587148,3890.349817505427,0.05095246110702133,36.35945544146471,26.283514876624757,788.5054462987426,8.521400778210117,64.90046116314004,88.5436112104058,23.64315004726576,26.307759374852665,0.0982077051693313,7.975528364849834
0,0,21600,83.19327207562466,4988.823215468292,0.04499593072135425,57.36906832082946,29.8310943888135,894.9328316644051,7.954419121734297,83.23069723810451,85.63397226426459,2.403275026160067,29.8169748810716,0.34082844628663445,8.476084538375973
0,0,23400,72.46895695763288,4345.721785559384,0.06007339578495303,39.41433749284676,32.25814189862882,967.7442569588645,9.188438021122845,72.5013021881264,93.17790864112267,20.67660645299626,32.24203776576587,0.7055307885836601,8.776418242491658
0,0,23400,102.50103219590149,6146.645230680893,0.007337965775894479,78.09513429145287,22.318544556361555,669.5563366908467,6.720400222345748,102.5137841685546,103.08761421764041,0.5738300490858137,22.274890129588215,1.7103523542772319,7.174638487208009
0,0,25200,53.78240301663498,3225.151434230878,0.056091223654383175,36.280159867341865,24.158984274358822,724.7695282307646,6.870483602001111,53.76296945105774,55.77961025933075,2.01664080827301,24.02227987990559,3.783275605066544,7.041156840934372
0,0,25200,162.60106400991842,9750.643805128106,0.007622872791961858,146.79782014730318,17.432767051234535,522.983011537036,3.351862145636465,162.55239442580358,165.3878945309521,2.8355001051485123,17.439356437007625,0.7922639748482574,3.5372636262513906
0,0,27000,49.85698943033876,2989.7574661726476,0.09052357492858391,32.643529220964716,24.540791619974794,736.2237485992438,7.1873262923846575,49.838386542455844,58.79149074019338,8.953104197737538,24.55160369611133,1.704470945255137,7.741935483870968
0,0,27000,138.34537329076355,8296.110885002787,0.007005587131846772,114.56386864976187,19.716102997663707,591.4830899299113,5.219566425792107,138.37890179098537,142.34147723635004,3.9625754453646636,19.73365917696114,0.6874511072657388,5.539488320355951
0,0,28800,59.33999686179986,3558.421811812598,0.0649788118640198,39.354923453109045,23.821177978721664,714.6353393616498,7.487493051695386,59.36080629071704,62.37017323355576,3.0093669428387173,23.806085298387423,2.073346808775069,7.575083426028922
0,0,28800,116.94746758847114,7012.949806388651,0.008683770707340154,95.75640970713238,22.785277236966976,683.5583171090092,6.3868816008893825,116.9831688962594,148.30020426818743,31.317035371928036,22.64715411121442,5.050282524213111,7.942157953281424
0,0,30600,50.06195469444099,3002.0485498433113,0.08582071349222582,29.52371927789634,25.193057082770498,755.7917124831149,7.887715397443023,49.9890929698321,56.380644316622345,6.391551346790248,25.293914998607995,4.815784987510101,7.741935483870968
0,0,30600,61.24532880351924,3672.6782172510375,0.07721408277942392,32.41388591329288,29.90626797853482,897.1880393560446,8.954974986103391,61.24939556473912,87.28165286402941,26.032257299290297,29.88925858670612,3.1125661479642748,8.509454949944383
0,0,32400,47.76167161127203,2864.1082409559463,0.16816068105600065,30.01349696386611,28.262020774731745,847.8606232419525,7.554196775986659,47.78522742033658,54.99530601659851,7.210078596261926,28.383266960070646,2.9204175374830434,7.10789766407119
0,0,32400,76.2730791696372,4573.842314205911,0.012950536282605616,52.39704190123651,31.549707726771565,946.4912318031471,7.420789327404113,76.29185076031233,111.12597275715825,34.83412199684593,31.37433042492198,12.988003489006742,7.64182424916574
0,0,34200,64.6231897866464,3875.237280872562,0.06503372237600108,41.11751451632307,24.41251920400742,732.3755761202225,7.954419121734297,64.62794086808569,65.99019756335186,1.3622566952661685,24.403423550012526,0.47449738920573914,8.409343715239155
0,0,34200,96.90669518381945,5811.171487856373,0.031227844828038018,69.37463513417603,23.259215349440236,697.7764604832071,7.404113396331295,96.94122434238483,112.83390827506675,15.892683932681926,23.595870866868083,6.595180818985339,7.441601779755284
0,0,36000,85.41614557867405,5122.121529867821,0.030373582998746467,59.10532970891968,24.192718668620273,725.7815600586083,7.620900500277932,85.41275752364875,88.82250949629433,3.40975197264558,24.199166456415362,0.38752673250098546,8.476084538375973
0,0,36000,76.36761555986946,4579.511346406839,0.020487070240594284,47.80648491575378,28.456389095328678,853.6916728598604,8.58810450250139,76.4045729850124,95.48542174051529,19.0808487555029,28.43216300146007,2.2908400820892467,8.576195773081201
0,0,37800,51.61736995895901,3095.3216185389083,0.09631289400765859,34.58337751001123,28.44763203743285,853.4289611229855,6.837131739855475,51.597203050417974,53.93392462639348,2.3367215759755027,28.442840349649263,1.445500417781048,6.907675194660735
0,0,37800,80.13875305764506,4805.653891690115,0.04972132201725646,55.260293158832546,27.489885608438325,824.6965682531497,7.770983879933296,80.15033082999213,102.68504738504903,22.53471655505691,27.519180161070253,4.995766870907074,8.476084538375973
0,0,39600,52.727218940871595,3161.8755624876,0.12973991308952518,35.48887149516035,32.26983272298105,968.0949816894315,6.687048360200111,52.729747651208726,54.59692550472032,1.8671778535115955,32.245674104879015,1.3901816168009695,6.740823136818688
0,0,39600,109.4543721577027,6563.6138503902375,0.04469605681308289,87.74987179477841,24.056740238244952,721.7022071473484,6.78710394663702,109.4358928308437,132.24496632887957,22.809073498035872,24.04018101740272,0.20170907988095266,7.975528364849834
0,0,41400,49.1500843642961,2947.3667257122893,0.07418918220806067,33.3013513239332,34.87219921553145,1046.1659764659437,6.770428015564202,49.17382623670752,52.96694906875973,3.7931228320522123,34.79170567862826,2.2517772807290157,7.174638487208009
0,0,41400,112.55162995601077,6749.3460763621115,0.042865851842064186,91.09829855710879,19.06873971157805,572.0621913473416,5.603112840466926,112.5873241069931,124.3769061738711,11.789582066878012,19.07602723770306,1.3887346445445719,6.273637374860957
0,0,43200,66.34613734292348,3978.5567026639783,0.1306577286168585,47.40000000000123,26.54805709380334,796.4417128141002,6.937187326292385,66.36326340326869,68.05347128581637,1.690207882547675,26.624019627322753,2.1207007558884943,7.4082313681868746
0,0,43200,94.35224443144317,5657.989591072209,0.011190056315706067,70.67786074861122,20.604796769084675,618.1439030725402,6.737076153418566,94.38681765159856,110.86772230220636,16.480904650607798,20.597244255417614,0.6875112433446002,6.907675194660735
0,0,45000,71.45846170706463,4285.125753700309,0.09392452570834388,50.91345598169518,28.44508619345191,853.3525858035573,7.003891050583658,71.38594432339616,72.09984074638695,0.7138964229907785,28.421358031575586,0.9971785791166408,7.374860956618465
0,0,45000,100.28605278070836,6013.820298416476,0.06781444308700686,79.13463211515011,23.219592004971815,696.5877601491544,6.520289049471929,100.30168440127525,103.04931403882595,2.747629637550695,23.368948616220358,2.516764162099621,6.907675194660735
0,0,46800,41.61715335009756,2495.6419625608505,0.07750288176629513,29.401530572402997,28.395643603129454,851.8693080938835,6.020011117287382,41.626653495410906,43.25736182897889,1.6307083335679842,28.419148923970106,1.5602438515968338,6.240266963292548
0,0,46800,106.69033805542625,6397.863938723728,0.04847466831380473,78.0876430685395,23.006509094134962,690.1952728240489,7.570872707059477,106.6338541448021,126.55298291743243,19.91912877263033,22.929729090297823,0.7959174639045479,6.407119021134594
0,0,48600,36.00685602552702,2159.211132997437,0.014024524201357637,25.712642804660074,34.07372765152024,1022.2118295456072,6.353529738743746,36.01665499355853,38.37915515596368,2.3625001624051443,33.9784232032555,0.8381716739978309,6.64071190211346
0,0,48600,86.84167846871549,5207.6059855073045,0.08315729500414668,60.64453808876673,23.73522494039107,712.0567482117322,7.670928293496386,86.86480274801751,117.34498280225604,30.480180054238527,24.289448123359055,6.776922655413532,8.509454949944383
0,0,50400,84.05497884031571,5040.496897790932,0.05118042948678331,55.62634268042492,24.77858607151728,743.3575821455184,8.40466926070039,84.01652391637586,115.14084367730042,31.124319760924557,24.82204667931725,6.336494453740599,8.542825361512792
0,0,50400,117.81484611539528,7064.963605386536,0.032290449481834765,95.61391112176155,17.62987867782846,528.8963603348539,5.719844357976654,117.8069110278409,126.74616111668753,8.939250088846642,17.712417766984025,2.8986451006524216,6.540600667408231
0,0,52200,90.76956984971841,4650.427628633906,0.03225903082434144,66.76533531706404,20.970704460249724,629.1211338074918,7.475601821730644,90.38171684638871,91.9565289666875,1.5748121202987804,20.892588250837875,0.4860227956253844,7.775305895439377
0,0,52200,87.2183749252675,4468.488075337872,0.06343260805907891,60.025494583551,22.66794956588714,680.0384869766142,7.9830839297332465,80.9395219654436,117.16967075305561,36.23014878761201,23.38229472849978,3.787530041034776,7.2998430141287285
1,0,0,133.48324420787512,8004.545210998912,0.04306458176269852,114.67144369894304,19.45412581054857,583.6237743164571,5.1862145636464705,133.48737600441726,138.12373884682006,4.636362842402804,19.469411756143394,0.664562751771804,5.706340378197998
1,0,0,84.9701727921933,5095.378028438525,0.10391213126785101,58.09862304736564,22.048914718876897,661.4674415663069,7.620900500277932,84.9536310369653,89.26801225019665,4.314381213231343,22.111178235544493,0.7458341027931858,7.708565072302559
1,0,0,78.50847790849046,4707.891725245812,0.0848460420849385,49.101120150155126,34.07992610436936,1022.3977831310809,8.004446914952752,78.50459409279296,78.96850852654316,0.4639144337502046,34.20759871256834,1.5627636698476373,8.342602892102336
1,0,0,64.12237044944177,3845.2048146181914,0.06210151522395565,43.71773095667254,34.57094313883028,1037.1282941649085,7.07059477487493,64.11688504165957,83.27296361474755,19.156078573087985,35.01787781673384,12.9872451625939,7.2747497219132375
1,0,1800,84.31131453834499,5055.868495149422,0.08716871647940826,58.94980915999749,27.796294112514644,833.8888233754392,7.654252362423568,84.35625330617877,91.94167319303398,7.585419886855206,27.766527749164,3.7811733659445608,7.608453837597331
1,0,1800,95.02352341307254,5698.243954003916,0.055505883373873084,68.9145122597555,20.4882085452047,614.6462563561411,7.520844913841023,95.05169184485587,101.65430112586213,6.602609281006266,20.50280373283413,0.1640426877005705,7.441601779755284
1,0,1800,85.48590406535646,5126.304713785876,0.04347902973906921,56.29218418217652,29.217050315722165,876.5115094716648,8.10450250138966,85.53344906205578,94.594145514047,9.060696451991227,29.302230964610157,3.076408086582891,7.942157953281424
1,0,1800,101.1550597343821,6065.931748738448,0.04682398207339814,73.44794074717092,20.96986583781035,629.0959751343104,7.404113396331295,101.1822560943903,106.28429747785917,5.1020413834688725,20.977084423867833,2.172415153062527,7.608453837597331
1,0,3600,84.7075737417654,5079.630838714532,0.08879834631182294,60.42598778671196,27.921360289393924,837.6408086818177,7.670928293496386,84.75241641840007,86.49745221692689,1.7450357985268141,27.921858584885058,2.2040912555216554,8.2091212458287
1,0,3600,105.00458689896503,6296.7750610412695,0.019173451481144847,79.33851523692658,19.308992482411707,579.2697744723514,6.78710394663702,104.98113062211078,110.12207253457767,5.140941912466893,19.344471967485035,1.735421406488923,7.174638487208009
1,0,3600,80.55692771989045,4830.730432269431,0.04179966648290231,55.842725578180556,30.051775200511546,901.5532560153463,7.254030016675931,80.5165468792005,97.14123426885581,16.62468738965531,30.07017155748811,0.30002057771524093,7.508342602892102
1,0,5400,98.73992816691299,5921.104359075882,0.03842703171485111,74.42721276522306,25.322346055511396,759.6703816653418,7.137298499166203,98.78929828153133,105.38907362831516,6.5997753467838365,25.321348422038486,1.468528464490479,7.208008898776419
1,0,5400,122.22929856325341,7329.683603843096,0.04967339520756064,97.90577102500245,18.401890192281606,552.0567057684482,6.186770428015564,122.28353446101276,137.1441371291572,14.860602668144438,18.54067587386599,2.6428889438910135,7.474972191323693
1,0,5400,89.87511639618904,5389.511146558138,0.004759821118425649,61.0446557857444,26.04356679194963,781.3070037584888,7.337409672040022,89.88953331368887,103.32772093446219,13.438187620773313,26.002557899797964,0.8505103909101326,7.64182424916574
1,0,7200,61.632906574959925,3695.9199642784306,0.01888385384295495,38.52401848198002,31.95441989302691,958.6325967908073,8.137854363535297,61.60217835367885,74.06819568224235,12.466017328563492,32.08267699778275,6.155576125813218,9.243604004449388
1,0,7200,122.38218963217734,7338.851971609569,0.05288070053526451,100.52193790412062,21.306488189415898,639.1946456824769,5.936631461923291,122.27585800667397,131.52434941693193,9.248491410257955,21.328529327585876,1.757521960574838,6.407119021134594
1,0,7200,167.10652170378145,10020.821084836763,0.018295364051727447,146.6407855952777,15.024856316401321,450.74568949203956,4.319066147859922,167.18188218027774,203.29966610895525,36.11778392867751,14.972140261468681,1.6494323656675123,5.973303670745273
1,0,9000,76.13959533394055,4565.837733525302,0.027144839076572728,54.58763596273292,22.301510340661206,669.0453102198363,7.170650361311839,76.1694338197899,87.03388334957778,10.86444952978787,22.331001271062284,1.2509981900009262,6.974416017797553
1,0,9000,96.18800485791114,5768.074024646071,0.04940591978591957,70.93017693478632,23.243726196460017,697.3117858938004,7.45414118954975,96.10258884811071,102.83846961106944,6.735880762958736,23.259978625526323,2.827261924491852,7.8086763070077865
1,0,9000,112.89664455825353,5272.27330087044,0.09049413061518449,82.84020762890576,22.193193064284074,665.7957919285222,7.15203426124197,118.18285446977852,136.49390279032306,18.311048320544543,21.344496222748983,2.835370651043309,7.065868263473054
1,0,10800,56.25461205227754,3373.401569401576,0.06604936680945184,33.73366271249045,32.646815159706506,979.4044547911953,8.67148415786548,56.27402471525522,68.26504067223802,11.991015956982789,32.667958277212996,0.9400749542498676,8.109010011123472
1,0,10800,91.83981869370488,5507.327794332502,0.029422197329472023,67.44864713246773,27.85194891227151,835.5584673681453,7.604224569205114,91.89089756950783,93.65185913392126,1.760961564413435,27.852703368143132,0.1857039238302054,8.375973303670746
1,0,12600,58.80636982026874,3526.421976888782,0.064852033991071,39.477081959030684,30.315450812639675,909.4635243791904,7.337409672040022,58.83212241772689,63.9477158555649,5.115593437838008,30.36194159721681,3.170924084951455,7.608453837597331
1,0,12600,99.72912451222254,5980.423166582945,0.06752103215801464,76.76718048749787,24.25372173075781,727.6116519227343,6.937187326292385,99.77867325293535,104.98087169473145,5.202198441796099,24.209042499527612,0.5268913051096327,7.508342602892102
1,0,14400,85.67963224930978,5137.921947216944,0.04563615058723756,59.67512044395083,24.19054363330238,725.7163089990714,7.787659811006114,85.68235715184608,87.96505556370951,2.282698411863443,24.170875812946658,2.8244669959890345,8.909899888765295
1,0,14400,98.28489248473949,5893.817386001543,0.045520092790504445,73.14403598380359,23.119304269604882,693.5791280881464,7.137298499166203,98.32557815839655,101.25117956459137,2.925601406194822,23.111352825217608,1.08233734442965,7.341490545050056
1,0,16200,72.16782976107893,4327.664191339367,0.04993631993981647,49.86231041578327,30.285651036767007,908.56953110301,7.220678154530295,72.10377787232464,82.78632004635145,10.682542174026807,30.293958541421055,1.195287142419419,7.241379310344828
1,0,16200,151.26000582345907,9070.558349213428,0.016841516123527772,137.5152355195594,16.21856462828434,486.55693884853025,3.235130628126737,151.25889425551958,153.94780149182006,2.688907236300466,16.22840529937574,0.8696988850711813,3.5706340378198
1,0,18000,85.75085070667693,5142.192680710393,0.05843559276826949,62.93210627334924,23.51092771639801,705.3278314919404,7.420789327404113,85.67091050533018,92.82429673924764,7.153386233917459,23.503200132162384,1.1034890007187048,7.64182424916574
1,0,18000,156.20051967795828,9366.82449668823,0.02449390986564207,146.68619566953106,16.67328103663352,500.1984310990055,2.9849916620344636,156.1225426654088,181.10734220005546,24.984799534646683,16.681169639976254,2.5665530185436634,4.57174638487208
1,0,19800,75.48600887174679,4526.644332009082,0.04523103829602288,54.007499479237616,25.94092095657978,778.2276286973936,6.753752084491384,75.49427610091429,85.84053960995612,10.346263509041833,25.94869433491499,3.0061514368130897,6.807563959955506
1,0,19800,112.45410515082075,6743.497838877551,0.080022117060861,91.15261927119884,19.78273374392749,593.4820123178246,5.9866592551417455,112.41520474242319,119.2907864228742,6.87558168045102,19.82336889474756,1.059077907907037,6.774193548387097
1,0,21600,69.19557928254953,4149.428237643553,0.02250640614805155,45.74188452610967,28.390975736056788,851.7292720817036,7.821011673151751,69.13244030712714,71.18808068248983,2.0556403753626853,28.395628071860838,0.21100464522370288,7.842046718576197
1,0,21600,96.21496454984097,5769.690707505464,0.00907569866596134,62.70861184876931,23.978463411256516,719.3539023376956,8.40466926070039,96.24572484968043,118.16990552247115,21.924180672790726,23.97323296855273,2.6379675237118434,7.374860956618465
1,0,23400,55.395370460567285,3321.8757152853514,0.06359469084524741,35.243297235077314,37.47498657825489,1124.2495973476468,7.587548638132295,55.41968980442563,62.117904056786955,6.698214252361328,37.3843161667934,2.5899484592409863,7.741935483870968
1,0,23400,122.76382458755589,7361.737347767101,0.06094536929376679,98.5923425018387,18.385799435909643,551.5739830772894,6.236798221234019,122.79859687215182,136.60689786451994,13.808300992368125,18.325630514337085,1.9467614219411011,6.874304783092326
1,0,25200,35.58437219638713,2133.876186043348,0.08600422088973068,21.064187617849505,43.804390534481406,1314.1317160344422,8.004446914952752,35.58881198604773,39.4703070422728,3.8814950562250665,43.805511743145715,0.6890328153856267,8.442714126807564
1,0,25200,128.62844618453454,7713.419156199256,0.03595423548065394,112.12537625354949,25.75265964553594,772.5797893660783,5.4863813229571985,128.68885550049026,146.8297676759275,18.140912175437258,25.806554992016704,1.7304427727141238,6.473859844271413
1,0,27000,66.53685113547127,3989.9931730904273,0.0029115932506896514,44.169333252836125,31.684392391280678,950.5317717384205,7.8043357420789325,66.5394548819034,71.30140803034858,4.761953148445194,31.855343935369348,3.2459275364614246,8.976640711902114
1,0,27000,110.24777600903442,6611.191634675098,0.021358531288475462,85.35724925277304,24.226072378311773,726.7821713493532,6.78710394663702,110.12537120919669,129.15762901987236,19.032257810675674,24.245631004753037,1.120830974970639,7.575083426028922
1,0,28800,71.2093845200119,4270.189425050046,0.05121499921342279,51.492620830560966,31.463300299807337,943.8990089942199,7.237354085603113,71.2302008340805,77.28655232003484,6.05635148595433,31.48278369560603,2.7180303438094544,7.508342602892102
1,0,28800,109.49280297088292,6565.918418153947,0.010663961477158037,86.08118261269246,22.1389675132733,664.169025398199,6.486937187326292,109.50953173654725,120.30681040660033,10.797278670053082,22.120655276041568,2.50748134984107,6.407119021134594
1,0,30600,64.57348412720496,3872.2565981613907,0.030758588927107512,43.732139211337355,37.302786480501,1119.08359441503,7.570872707059477,64.53604967575068,70.50427054565297,5.968220869902293,37.33947298108153,2.7356378506504377,7.508342602892102
1,0,30600,96.9887805262406,5816.093872223561,0.046800658217572746,69.23828420750903,19.31529974790123,579.4589924370368,7.7042801556420235,97.0313086813432,100.42059619643992,3.3892875150967114,19.611979018055585,1.7960844919022474,8.67630700778643
1,0,32400,74.27759674315885,4454.179884698093,0.07084748346712798,51.296491108066924,28.92917654456916,867.8752963370749,7.270705947748749,74.27964346435809,75.28034300661473,1.0006995422566405,28.944583765853096,3.5009015253595788,7.508342602892102
1,0,32400,77.88612377644102,4670.571222460581,0.03047423693643101,55.61906148075507,26.144020124884694,784.3206037465409,6.953863257365203,77.76904750035587,81.34570453549976,3.576657035143903,26.159228323761525,0.33587707321395577,7.007786429365963
1,0,34200,63.156691926984585,3787.2962925548422,0.0123905835389983,43.204166465747186,34.62879042589005,1038.8637127767015,7.254030016675931,63.13405031609825,63.5136492791745,0.37959896307625485,34.505921701032584,4.2166409146329915,7.474972191323693
1,0,34200,122.00098755616399,7315.992553784634,0.04704529287499243,98.43017829913722,16.97554794587778,509.2664383763333,5.819899944413563,121.94256854657246,127.91248269938673,5.969914152814269,17.028674442185732,1.8182803599669732,5.672969966629589
1,0,36000,69.73119357030173,4181.547241099094,0.06299253745045615,47.015848391792325,28.18160933664418,845.4482800993254,7.654252362423568,69.76723963689253,82.36967019303655,12.602430556144025,28.12350889623145,0.9333296508902862,8.309232480533927
1,0,36000,68.44045666856518,4104.146051558291,0.045013763948428036,44.48909978859955,24.823445976508477,744.7033792952542,7.587548638132295,68.43754643225037,80.75996106294319,12.322414630692816,24.8720841173294,1.417365057926352,8.042269187986653
1,0,37800,63.34617257438139,3798.65881537707,0.06353369419561312,43.076907967030515,29.243030820048304,877.2909246014491,7.587548638132295,63.3315208539033,65.45570759016564,2.1241867362623417,29.262635885733218,2.810389515716592,7.942157953281424
1,0,37800,82.08742856433128,4922.509466241065,0.08175223026837707,60.725365375598464,22.81199758914001,684.3599276742003,7.07059477487493,82.08742048854961,88.30048050171092,6.213060013161318,22.818139921018556,2.651780325246868,7.074527252502781
1,0,39600,79.73072419153077,4781.185760685462,0.01589971774394266,51.78802950489615,32.45738229471604,973.7214688414813,7.73763201778766,79.72941391543496,88.67269676668305,8.943282851248085,32.54710776474273,6.166756258262884,8.109010011123472
1,0,39600,130.5776962426282,7830.3091846829375,0.00892004094227229,111.51650102114975,19.237320172004626,577.1196051601388,5.336297943301834,130.50601236089375,147.91163214120542,17.405619780311675,19.256351552435913,0.8222094800932283,6.440489432703004
1,0,41400,69.65017916881067,4176.68907748968,0.10892950030052562,48.43397567823686,28.973816944008323,869.2145083202497,7.254030016675931,69.64902654844659,76.88203621158166,7.2330096631350855,28.89479504155183,2.1485262645498953,8.008898776418244
1,0,41400,62.166072241370166,3727.892132074164,0.053453214030006045,35.58005059018233,31.302186952251205,939.0656085675363,8.804891606448026,62.18090234313847,78.49571039102804,16.314808047889574,31.2506505341511,4.004464903089575,8.809788654060068
1,0,43200,78.02800929056488,4679.0796237908735,0.028153470574458092,52.323990673494656,24.252821279140388,727.5846383742117,8.121178432462479,78.03465915550765,78.48437353822058,0.4497143827129264,24.19038107160651,2.0660383690333184,8.442714126807564
1,0,43200,56.13813090903317,3366.41658351169,0.06403524857278978,34.785772953895766,35.022227040163116,1050.6668112048933,8.02112284602557,56.157115105876315,56.77711753260768,0.6200024267313644,34.96152482857566,1.5815079788197686,8.876529477196886
1,0,45000,60.81178351427181,3646.679951405833,0.08827333604891535,39.01845717093417,29.62293281697567,888.6879845092703,7.987770983879933,60.83722120619761,67.17758115638229,6.340359950184677,29.540796625612582,2.533488588227211,8.576195773081201
1,0,45000,46.28291476182916,2775.432121884355,0.039928610500366765,29.30187707297859,38.58218378611894,1157.4655135835685,7.237354085603113,46.27282366740379,48.463953338764625,2.1911296713608337,38.60225390923817,0.49035261029951727,7.241379310344828
1,0,46800,75.94913029339675,4554.416179927358,0.03387142475745641,54.64448737063933,23.8156292479657,714.468877438971,7.337409672040022,75.90476468398748,78.88313112094959,2.978366436962105,23.840146433513937,1.8432517406291264,7.508342602892102
1,0,46800,61.335321410967396,3678.074773944345,0.028966139346993172,39.937200703104935,31.43738118875555,943.1214356626666,7.63757643135075,61.34956157932214,65.81173305578936,4.462171476467219,31.440755354054414,0.9562419638847608,7.942157953281424
1,0,48600,74.84397968608307,4488.143981842114,0.06518937339158297,51.39114709753012,24.600417450803295,738.0125235240987,7.437465258476931,74.73770261137872,97.78966284906197,23.05196023768324,24.53015951868841,4.91819538444636,7.942157953281424
1,0,48600,85.35546396669652,5118.482655869568,0.03707274324622572,59.12740481367307,26.620259753374523,798.6077926012356,7.7042801556420235,85.35736625072184,106.45025261462168,21.092886363899837,26.653228933501776,6.91016395820925,8.309232480533927
1,0,50400,47.72550306562638,2861.939333835395,0.056726033614592525,29.32183486755467,32.888564317518735,986.6569295255623,7.387437465258476,47.7393615804735,56.36931599144174,8.629954410968242,32.52873921183834,3.4641458803906673,8.509454949944383
1,0,50400,74.59391062847753,4473.1481740210365,0.019949272561475388,48.914721710339784,34.382538429601944,1031.476152888058,7.787659811006114,74.62705852159709,76.68794568763724,2.060887166040146,34.391065640668174,0.3376036760633241,7.842046718576197
1,0,52200,26.263317202328636,1345.5572846659707,0.04877557924992725,18.845158529447527,41.97894841001694,1259.3684523005081,5.699414443721535,26.421677428747948,27.384251718807956,0.962574290060008,42.17068431791838,0.881464880505284,6.499215070643642
1,0,52200,68.87548272408489,3528.720564897282,0.03817811170875525,44.760361928831905,30.74110427244705,922.2331281734116,8.022121014964215,68.88168809180935,69.32559493270736,0.44390684089800914,30.65033731806134,0.7720914782840591,8.571428571428571
2,0,0,82.07803484023924,4921.946155919679,0.03341175861140691,54.656015222480505,29.793622429598976,893.8086728879691,8.087826570316842,82.11731343033101,97.05341605499177,14.936102624660762,29.54796504210291,3.952618644323975,8.075639599555062
2,0,0,101.16546241079944,6066.555562567606,0.030052183438359765,75.56189515886646,22.677345867332587,680.3203760199776,7.387437465258476,101.1608427346302,111.02160087484265,9.860758140212454,22.86803077530991,3.1993581002506613,8.008898776418244
2,0,0,146.6348003565175,8793.200194712499,0.008509517534461171,118.76552530090532,18.49908460368246,554.9725381104737,5.919955530850472,146.59060872533752,154.6453051716034,8.054696446265908,18.50883749071258,0.37792586835576536,6.440489432703004
2,0,0,70.40259454375449,4221.808919473811,0.0030797898869121985,49.4272192218,27.52011347303819,825.603404191146,7.1873262923846575,70.38043389058078,79.11229618945548,8.731862298874699,27.602595390316903,4.0103562364135215,7.10789766407119
2,0,1800,105.23928280329703,6310.848992104378,0.02642915732838578,82.04712060761231,20.749832668590418,622.4949800577126,6.253474152306837,105.245087800009,125.38544823971296,20.140360439703947,20.759678277184356,1.3709416126226532,6.407119021134594
2,0,1800,92.45698647927443,5544.337289207157,0.05328287907450115,60.781658417651364,28.28033004457192,848.4099013371574,8.28793774319066,92.4372795145365,103.78470722559933,11.347427711062842,28.063627151447932,1.953260635171791,8.375973303670746
2,0,1800,105.88320244539196,6349.462706642004,0.029756554820837746,78.85949530652528,21.79438605648392,653.8315816945177,7.304057809894386,105.90603638900643,112.31641951678665,6.4103831277802215,21.92464867210178,1.6918025751098114,7.308120133481647
2,0,1800,63.427328923496525,3803.525491112341,0.02114955322507512,45.4942853554154,27.4420916255639,823.262748766917,6.486937187326292,63.44757401549461,71.97445290053332,8.526878885038712,27.480379646205463,3.650531673632921,6.740823136818688
2,0,3600,62.738187889894085,3762.2000004639817,0.07874912213831907,44.062228722568825,22.766801307883892,683.0040392365167,7.07059477487493,62.773081209076445,72.38174601119637,9.608664802119925,22.75487484149823,2.7959044769819794,7.10789766407119
2,0,3600,99.7749707449383,5983.172412338134,0.072990941237082,59.594378929560094,26.102275700565784,783.0682710169735,8.638132295719844,99.80153780134864,119.79024937344364,19.988711572095,26.88508229707728,5.81022897490956,9.443826473859845
2,0,3600,111.6511010124368,6695.344357379126,0.022953467591824015,73.69077282808226,23.966808407810284,719.0042522343085,8.354641467481935,111.62250927863506,132.02905773744905,20.406548458813987,24.049805255844753,3.913327295404919,8.17575083426029
2,0,5400,68.89360162495227,4131.319644109638,0.061850456542923336,46.862458322201775,22.831577899121537,684.9473369736461,7.437465258476931,68.79880059218559,82.81960076404994,14.020800171864359,22.818013853900254,1.3038384105821255,7.074527252502781
2,0,5400,101.37097713379622,6078.879595456647,0.011982742712645893,76.6645289557034,22.637976699473757,679.1393009842127,7.220678154530295,101.38910417463529,110.62426698043575,9.235162805800464,22.62661025420723,2.447168608762487,6.874304783092326
2,0,5400,83.83436805264192,5027.267604223429,0.08993513624406847,59.434838268477066,23.77584907104427,713.2754721313281,7.003891050583658,83.83145518021213,84.15903883152156,0.3275836513094248,23.784632556649612,0.73270592702338,7.308120133481647
2,0,7200,71.62787540866192,4295.28492867276,0.059593882736116585,46.604398934006596,26.594131921615247,797.8239576484575,7.92106725958866,71.65576814715678,82.88756297967092,11.231794832514144,26.582335795090287,0.7959433550058996,8.375973303670746
2,0,7200,86.82348375099237,5206.514908934508,0.06355230049149305,64.34353114338666,24.279497171910958,728.3849151573287,7.1873262923846575,86.80949370466749,93.52561213806831,6.716118433400823,24.27998975251873,2.344494791372364,7.174638487208009
2,0,7200,114.51058395585464,6866.818017886083,0.04532341885694908,84.9445113000245,16.8343957404153,505.03187221245906,7.170650361311839,114.4207354483855,115.92865153652768,1.5079160881421814,16.86165726964583,1.3027655892820276,7.708565072302559
2,0,9000,42.163797796870945,2528.4224078856946,0.18346677734775815,27.62118751972908,30.69137129240135,920.7411387720406,6.920511395219566,42.14938600070824,50.979860819783475,8.830474819075235,30.763794398905972,5.393039046676421,7.1412680756396
2,0,9000,107.58601836819011,6451.574901479134,0.05490059419185562,81.63969622677543,20.460687906084065,613.8206371825221,6.937187326292385,107.64585486338933,109.86918095131698,2.223326087927653,20.45870649537651,0.47072657238131477,7.374860956618465
2,0,9000,103.5822706628185,4837.292039953624,0.08133947473439437,77.23121130734452,24.264824711339994,727.9447413401998,6.916488222698073,100.41351283303167,111.66036934809108,11.246856515059406,24.517028850763495,0.9214407479843469,6.907675194660735
2,0,10800,40.36653019047332,2420.6462604220505,0.11524722538746245,26.196373794858495,37.470249255637476,1124.1074776691244,7.35408560311284,40.38544151926075,42.33757535933356,1.9521338400728077,37.481995018282845,3.66116893808843,7.5417130144605125
2,0,10800,81.02359946026014,4858.715180966932,0.06939644178773012,56.13929105359283,27.615048755719947,828.4514626715984,7.670928293496386,81.05853951915097,86.91589216886507,5.857352649714095,27.55245010254149,2.5858052563917298,7.942157953281424
2,0,12600,72.55338128600567,4350.784431117473,0.03437878257473684,51.91993836668105,28.705861495963674,861.1758448789102,6.953863257365203,72.53301912059914,81.01679205976312,8.483772939163977,28.68715218117279,4.6621532933829215,7.241379310344828
2,0,12600,95.7797498082686,5743.592330169173,0.06225709019457558,71.13733197133506,24.1014478734573,723.043436203719,7.153974430239021,95.65418997631986,97.71009295715871,2.0559029808388516,24.094539853021757,3.760898122309925,7.2747497219132375
2,0,14400,52.04912339715378,3121.2124330493207,0.0783811650416021,31.98765386832868,32.04877083694446,961.4631251083339,7.837687604224569,52.06986200998858,64.24182074526567,12.17195873527709,31.94325184832215,4.458468869650394,7.741935483870968
2,0,14400,68.98404286629165,4136.743103881955,0.14894019037699394,42.79077003280023,34.326239918976825,1029.7871975693047,8.037798777098388,69.01532709971778,85.88271078511937,16.867383685401585,34.2743864533245,2.3865436368680495,8.242491657397109
2,0,16200,86.63422755648682,5195.165845803994,0.014290477542466807,60.206644151621916,29.103800483915172,873.1140145174552,7.937743190661478,86.67527744111455,97.66401067465343,10.98873323353888,29.165012598721145,3.111247539864724,7.775305895439377
2,0,16200,82.66895422357662,4957.381621607145,0.003647088814615438,58.6482736318835,24.38588785978542,731.5766357935626,7.153974430239021,82.70218169099272,89.93465116587394,7.232469474881228,24.248627094843485,2.196668772447543,7.341490545050056
2,0,18000,83.06434234577173,4981.091729334779,0.017892975251491673,59.010846460630276,26.77905179284832,803.3715537854495,7.153974430239021,83.07239120564117,87.5544811472184,4.482089941577229,26.790782688321205,3.0597930202572208,7.6751946607341495
2,0,18000,58.94431086522267,3534.693841551186,0.010100608916280321,38.99653830790675,30.3772514456922,911.317543370766,7.237354085603113,58.939457616841764,61.943444645118674,3.00398702827691,30.48993836569673,2.0712954557002714,7.5417130144605125
2,0,19800,73.787385249003,4424.7835354318795,0.026338345226286537,52.420225104438636,30.682814769609887,920.4844430882965,7.087270705947748,73.77215881172657,75.77130931100137,1.9991504992748048,30.72869641755951,1.1477402129704615,7.908787541713015
2,0,19800,83.97225036765683,5035.535947047154,0.09388597033997305,56.41276451300704,25.527516221257894,765.825486637737,7.854363535297387,84.00685702372756,107.3267704305913,23.319913406863733,25.42283650040323,3.1250864851840596,8.2091212458287
2,0,21600,49.49533903236883,2968.070497307718,0.11365447383494728,33.66556103795095,29.45219004077345,883.5657012232036,6.60366870483602,49.51177419080379,52.86228763608703,3.350513445283241,29.7057111837804,6.82247103136055,6.507230255839822
2,0,21600,59.360434178254835,3559.647369556015,0.009052271388095737,36.12478373637621,32.306267721046616,969.1880316313986,8.421345191773208,59.37559493039038,80.51315369447813,21.137558764087757,32.28889089564685,4.898497915047052,7.908787541713015
2,0,23400,67.65249673899152,4056.894721114857,0.016057862252479363,46.480641131551145,27.05997918043563,811.7993754130689,7.320733740967204,67.64139646631737,74.84539247524782,7.203996008930449,27.01289615131607,1.998045365587524,7.508342602892102
2,0,23400,79.84734564228958,4788.179160349298,0.037361885387321644,50.27573967630821,30.719455255279453,921.5836576583836,9.005002779321845,79.87085544436124,101.66340100557667,21.79254556121543,30.760849086700425,5.396582898485734,9.410456062291436
2,0,25200,80.55750345091613,4830.764956939937,0.031824043476172084,59.01084646062823,27.125922496689693,813.777674900691,7.45414118954975,80.46499910626557,88.8830720312196,8.41807292495404,27.122736544672644,1.352761007242698,7.6751946607341495
2,0,25200,113.19890998491204,6788.1613020952245,0.01926848413297501,90.14438418448486,25.337282872694853,760.1184861808456,7.053918843802112,113.03211142355627,136.79954832075634,23.76743689720007,25.382797063165594,3.4400464437378524,9.67741935483871
2,0,27000,63.03953099074301,3780.270541744889,0.10889241742828934,41.11751451632209,29.438744921923483,883.1623476577045,7.420789327404113,63.06324106269447,77.8697880852374,14.806547022542933,29.38481075247523,0.831201780810467,7.775305895439377
2,0,27000,67.19716931701956,4029.5902533772733,0.04549871253944083,43.44203033929341,33.28652605189131,998.5957815567393,7.887715397443023,67.1490946363677,74.07752658984471,6.9284319534769985,33.307077461037544,4.755382480942229,8.509454949944383
2,0,28800,41.92512101352293,2514.109756777592,0.10639338073728398,24.82760560344223,45.78316188709425,1373.4948566128276,7.92106725958866,41.93908005502386,43.0536433579818,1.11456330295794,45.756232159616346,0.6131689235251976,8.476084538375973
2,0,28800,101.14665329788407,6065.427642763114,0.07290052367922574,73.14711204141939,23.676303849041147,710.2891154712344,7.487493051695386,101.17974778443534,108.01843427907964,6.838686494644307,23.665956834481364,0.7732903167543608,7.508342602892102
2,0,30600,44.4300815577171,2664.3238907444356,0.12091487887239968,30.459973736034886,30.547095380511994,916.41286141536,6.553640911617565,44.44110137064726,46.0186052436409,1.5775038729936384,30.75668711643224,4.20827804215144,6.740823136818688
2,0,30600,77.42657385975889,4643.013545790209,0.049732804855411344,52.200862061848504,27.335748450006538,820.0724535001962,7.570872707059477,77.41964624611118,82.06943855469899,4.649792308587806,27.320257047376145,1.510801470984239,7.608453837597331
2,0,32400,59.37101453292798,3560.2818381579145,0.06390420235187555,38.71860018130709,34.19987245996666,1025.996173799,7.754307948860478,59.33167036052696,60.18269653929634,0.8510261787693842,33.98731099862017,5.00578762665249,7.908787541713015
2,0,32400,57.50480425111808,3448.3714282587143,0.08955016847987489,37.81904282236642,31.256796305905656,937.7038891771698,7.604224569205114,57.490873470930154,58.24742712714986,0.7565536562197082,31.295677823655172,1.6338500614405653,7.575083426028922
2,0,34200,74.13017555979313,4445.339527735594,0.02501806327108824,52.45969881728217,30.741624234885737,922.2487270465722,6.853807670928293,74.15045838736613,86.86420905112674,12.71375066376061,30.582485969426237,6.6947763245236445,7.241379310344828
2,0,34200,63.70711971429987,3820.303612200849,0.029639273605282995,39.601136347331845,32.379587768821246,971.3876330646374,8.387993329627571,63.728787897028425,70.64326868634627,6.914480789317853,32.296736317077276,4.386337357047871,8.67630700778643
2,0,36000,80.47132992177328,4825.597417642337,0.021307334242197218,58.76937978233315,22.579553430182326,677.3866029054698,7.320733740967204,80.46617932591258,81.28855740629287,0.8223780803802967,22.62518773357977,0.7707380144211253,7.441601779755284
2,0,36000,115.82637281185737,6945.721489617714,0.05136604500445299,86.43540941072777,23.82113045116064,714.6339135348193,7.587548638132295,115.85177324350204,146.19503993592707,30.34326669242504,23.68747294336535,5.991866772324075,8.542825361512792
2,0,37800,61.1564494709584,3667.3484199418053,0.03076670615674893,40.48555297881045,24.76532577884359,742.9597733653077,7.63757643135075,61.157459664582646,81.16151588752483,20.00405622294218,24.741693072181118,1.9277040513764803,6.774193548387097
2,0,37800,129.23380932848886,7749.720766065048,0.012942675888960368,105.01928394347397,21.289624572993752,638.6887371898126,6.270150083379655,129.24694885064903,142.957354790774,13.71040594012495,21.298014845800353,1.6142732809533573,7.041156840934372
2,0,39600,41.377685299662566,2481.281861803098,0.04216978425050057,25.614449047365383,27.684246442875335,830.52739328626,7.170650361311839,41.369796588789,49.76333818364742,8.393541594858416,27.7235845470029,2.065592783800499,7.208008898776419
2,0,39600,109.42056426863695,6561.58650397593,0.010657657971041234,81.45870119268974,20.87951116877044,626.3853350631133,7.020566981656476,109.45284064229617,113.4654196087146,4.012578966418424,20.842179831135027,0.2981361324877234,7.174638487208009
2,0,41400,82.43665915424712,4943.4516606163525,0.0037043852301071765,57.752922003999004,25.389821055433703,761.6946316630111,7.63757643135075,82.38079004877862,89.28523411261072,6.904444063832102,25.30895403030091,4.2498003841011585,7.8086763070077865
2,0,41400,79.86476190076289,4789.223555315748,0.08321599556677259,50.53018899628362,28.50776315056641,855.2328945169925,7.854363535297387,79.88555346722808,97.16808483184354,17.282531364615465,28.487344645508585,3.9455809158702824,7.942157953281424
2,0,43200,98.93430211690298,5932.760316943616,0.0313551048485133,76.39640043876324,22.83609962370297,685.0829887110892,6.70372429127293,98.97156034192705,108.50997379250964,9.538413450582603,22.87701166723044,4.920984013323663,7.1412680756396
2,0,43200,56.38945738229516,3381.4877943582997,0.037217662861596335,32.50261527939073,34.270152840380106,1028.1045852114032,8.254585881045024,56.4049687601496,68.28637327388596,11.881404513736353,34.2717154969197,1.9556430224432155,8.342602892102336
2,0,45000,80.92012535556823,4852.510183822242,0.04114267008720298,58.449978614195246,32.27848544243829,968.3545632731485,7.404113396331295,80.87535899766664,90.37771001280599,9.50235101513936,32.29064188531369,0.8461475429257739,7.708565072302559
2,0,45000,92.37891642112533,5539.655688053482,0.06389275688109088,66.07155212343538,23.698302739863045,710.9490821958914,7.420789327404113,92.39249475920423,94.76562822032992,2.373133461125697,23.737265754292604,0.7560489437085884,7.441601779755284
2,0,46800,72.39319986749658,4341.178885387545,0.11288909228758065,51.80974811751201,34.64966262036394,1039.4898786109181,7.003891050583658,72.37735657877545,73.89224800859958,1.5148914298241323,34.66330578875487,0.15812342189950002,7.308120133481647
2,0,46800,87.24993019741743,5232.087480838465,0.023615982774964066,61.030648038507806,21.53657852147543,646.0973556442631,7.754307948860478,87.25715746513515,93.24921805694913,5.992060591813974,21.51195181103119,2.368753000419675,7.942157953281424
2,0,48600,41.19816450465687,2470.5165981292566,0.15224062097610253,24.91625975141313,39.21945182952513,1176.583554885754,7.787659811006114,41.18837951215115,43.7623416543746,2.5739621422234507,39.18850310189137,0.39836256769346434,8.442714126807564
2,0,48600,66.15792370557665,3967.2701582110794,0.03166078681464365,42.18921663174193,33.9427508746229,1018.2825262386871,7.754307948860478,66.1947189912861,76.5082205415959,10.313501550309802,33.767722300723946,3.997274187692488,8.275862068965518
2,0,50400,62.81244321463647,3766.6528447710334,0.030854775458395045,43.35181657093684,31.56332180015913,946.899654004774,7.220678154530295,62.829314604273904,71.83563506356312,9.00632045928921,31.557778853876414,6.055707520350365,7.64182424916574
2,0,50400,58.566287665317915,3512.0250503302304,0.05265036653974593,39.6840018143327,33.33373145285395,1000.0119435856185,7.053918843802112,58.59281474268506,70.9171219882419,12.324307245556845,33.354056151193205,0.5373377487836386,8.075639599555062
2,0,52200,63.90063013838869,3273.842284090114,0.04279182970447792,46.71723450719137,33.39445027930242,1001.8335083790723,6.636304489264801,63.83042564467054,63.88124415673948,0.05081851206893617,33.430923179849955,0.19344165471383334,7.007786429365963
2,0,52200,120.53982222750996,6175.65689212276,0.04128488352651451,95.94607860668482,22.500294785501666,675.00884356505,7.241379310344827,127.5622577659176,168.764286885988,41.202029120070414,21.49425565607344,6.30653037574808,7.775305895439377
0,1,0,39.24478729840818,2353.379078327877,0.05322494108214287,19.46535383701217,66.60110876653009,1998.033262995903,8.254585881045024,39.255356950213674,41.11712274264081,1.8617657924271356,66.63748771099212,3.5793315209743923,8.342602892102336
0,1,1800,76.21573575471832,4570.403620757943,0.027143814916490382,41.65249092191079,42.11718367732459,1263.5155103197378,9.13841022790439,76.24456467041733,90.37431338933045,14.12974871891312,42.11780668911531,3.2109557896194296,9.276974416017799
0,1,3600,70.65782438110585,4237.114202053647,0.013402575203938142,37.30629973610012,43.448523479802446,1303.455704394073,8.954974986103391,70.66347242326982,80.75996801436929,10.096495591099472,43.44928057883719,8.895955288460677,9.14349276974416
0,1,5400,44.64591693435762,2677.2668188303123,0.0988117242864408,25.344230112591845,55.18428323732373,1655.5284971197123,8.321289605336297,44.66488657623316,49.86485966708529,5.199973090852136,55.18284463914391,0.1297484823392594,8.409343715239155
0,1,7200,43.456698417990445,2605.953348465494,0.12290170216654082,21.91643219139468,59.529642813521214,1785.8892844056365,8.704836020011117,43.4723600641958,48.27744928489567,4.805089220699873,59.51812080749575,1.8399084723000563,9.243604004449388
0,1,9000,59.159687823000986,3547.609279785959,0.06511978528749582,35.81075257516912,47.10449054507335,1413.1347163522003,8.087826570316842,59.182117668402114,66.69973050385663,7.517612835454518,47.042118907434606,3.287353293918933,8.2091212458287
0,1,10800,38.742501087205234,2323.2586485294073,0.028829474342452387,17.102631376488567,59.23884738595606,1777.1654215786818,8.888271261812118,38.74050120986173,50.85377932197104,12.113278112109306,59.08275611190281,10.135529745713672,9.67741935483871
0,1,12600,41.106362536345515,2465.011540096186,0.0120221936332084,21.902054698133547,51.894190917763616,1556.825727532908,8.654808226792662,41.09918216840386,47.64595490763971,6.546772739235852,51.81719170086037,4.587785172997322,8.943270300333705
0,1,14400,37.6564176048188,2258.1298423689673,0.04821248899012258,24.13648690261075,44.132940890366825,1323.9882267110045,6.770428015564202,37.669289881602936,42.86879237284973,5.199502491246793,44.20877390778969,7.709417328978283,7.174638487208009
0,1,16200,53.75798690099234,3223.687281162841,0.023729012617921343,38.52401848197984,23.292859224266405,698.7857767279922,6.32017787659811,53.69930309706014,58.17718500358615,4.477881906526012,23.296266099113033,1.518102320279782,6.373748609566185
0,1,18000,57.808847387778464,3466.603881687115,0.0078037014845767395,41.00792606314175,22.553111951896174,676.5933585568853,6.3868816008893825,57.826277339548234,60.796620928600234,2.970343589052,22.480601092923855,0.8783676999927703,6.7074527252502785
0,1,19800,67.19167338941938,4029.2606809188487,0.07328477702674698,48.782988838320776,22.604228693219003,678.1268607965702,6.803779877709839,67.15559648817401,69.19476915150183,2.039172663327818,22.60934423669105,0.9854305168870638,6.8409343715239155
0,1,21600,63.84695629041289,3828.689145548426,0.05958583998127474,48.13855004048266,32.983282856430165,989.4984856929049,6.436909394107838,63.84070357045148,79.90765223320668,16.06694866275519,33.196020405786165,15.523734005884437,8.70967741935484
0,1,23400,67.54852553323019,4050.6599144760366,0.04696664115047009,45.414094728398766,46.07984251699371,1382.3952755098112,7.537520844913841,67.47263618507571,70.39464422866325,2.9220080435875317,46.11234997077331,2.26621361265612,7.608453837597331
0,1,25200,69.72216297816688,4181.00570659074,0.020872488781442666,48.34097640718509,44.742636618789916,1342.279098563698,7.587548638132295,69.76094059940056,75.9165794944972,6.1556388950966365,44.77127663831696,1.7552240538715758,7.6751946607341495
0,1,27000,61.080827125053666,3662.8135999323854,0.0181036689807845,41.62655402504539,47.157261763637635,1414.7178529091286,7.220678154530295,61.03029802116784,64.05775201856129,3.0274539973934473,47.20029284257479,1.022028302607552,7.208008898776419
0,1,28800,57.76350204147422,3463.884672420403,0.008534344191342753,39.08068576675951,52.25850945101158,1567.755283530347,7.437465258476931,57.77017665925857,61.713751785570686,3.9435751263121226,52.316480468606585,1.478818885656704,7.4082313681868746
0,1,30600,67.35819737869541,4039.2465694757684,0.06798003153595247,48.733150934451324,56.67818801109436,1700.3456403328312,6.170094496942745,67.349592132971,79.2558021321709,11.906209999199906,56.67502961561374,7.409075459640295,7.074527252502781
0,1,32400,53.966501143405715,3236.1911852328954,0.14789464083644,30.613232433050438,49.56523907257148,1486.9571721771445,9.471928849360756,53.92455330385023,56.17344175405766,2.248888450207435,49.78536371299158,2.5880279717939345,9.610678531701891
0,1,34200,59.16344937577491,3547.834847567302,0.03212031510531663,42.129443385831536,40.47042338019554,1214.1127014058663,7.604224569205114,59.165958123036944,79.05479559856512,19.88883747552818,41.20084237237914,17.607223304680666,5.973303670745273
0,1,36000,77.08305815519597,4622.4140540399185,0.021787144977271383,59.53696330852037,42.07748654273564,1262.3245962820695,6.503613118399111,77.1154061205562,77.37317379307449,0.2577676725182769,42.07413450264454,1.2418337544596554,6.507230255839822
0,1,37800,58.991619838537616,3537.530802984306,0.04919457123262452,38.3026108770668,43.41297352233875,1302.3892056701625,8.371317398554753,59.0076236775872,59.96267025687827,0.9550465792910714,43.5885724500788,2.4616640659943414,8.576195773081201
0,1,39600,70.18438130857187,4208.7233991373605,0.07310474641144468,52.32829062753785,36.87594726361469,1106.2784179084408,7.287381878821567,70.20095285765699,81.01198322324169,10.811030365584696,36.86847880338924,4.0044347023933184,7.308120133481647
0,1,41400,59.512420567355576,3568.7614866890895,0.10981036421115907,43.516548576376366,44.851988959045805,1345.5596687713744,6.937187326292385,59.42316489828425,60.69146750950227,1.2683026112180187,44.904359109310036,1.4478224016361203,7.308120133481647
0,1,43200,64.39031556688123,3861.2725901606445,0.03619199523496792,49.80542139165216,43.03837802652753,1291.1513407958262,6.420233463035019,64.38778734565675,66.84427126505199,2.456483919395243,43.05975364891654,4.172547515306437,6.674082313681869
0,1,45000,61.51673920605596,3688.953794389822,0.026346065181722063,47.28689036086152,43.20038839217266,1296.0116517651797,6.78710394663702,61.48033316520862,62.19917803719054,0.7188448719819256,43.15356104199513,0.13896717614416687,6.874304783092326
0,1,46800,62.46071630409259,3745.5609543687524,0.008988921152958324,42.44443426410885,47.58198551405765,1427.4595654217292,7.871039466370205,62.45321008642458,66.52047201042042,4.0672619239958365,47.543064347260454,2.6097595727047356,7.908787541713015
0,1,48600,42.89348292680519,2572.1791928440844,0.1431051495535037,30.095846889563187,57.76544005662664,1732.963201698799,6.60366870483602,42.8851362670332,44.13089780389941,1.2457615368662118,57.802400791573305,0.5056229360831104,7.4082313681868746
0,1,50400,48.50294760808209,2908.5600915646564,0.1197711604592739,27.891934318006133,59.06500137917037,1771.950041375111,9.005002779321845,48.51762971218906,55.871901903020664,7.3542721908315976,58.98531601888595,7.420069772932013,10.111234705228032
0,1,52200,39.225063265381586,2352.1962938140496,0.03802752075629438,24.46242015827541,63.37778860835502,1901.3336582506506,7.8043357420789325,39.237787683620965,49.088116015504745,9.850328331883782,63.30480252542391,11.581976961237398,9.543937708565073
0,1,54000,50.17029260270364,3008.545213075461,0.029852576986801566,31.831116851280125,58.01208573768819,1740.3625721306457,7.63757643135075,50.19475624795629,55.84615401463827,5.651397766681981,57.96537686400643,8.617526906074076,8.342602892102336
0,1,55800,40.119076278191564,2405.8072741488872,0.09859377662411646,25.045957757688647,56.18186606431646,1685.4559819294939,8.071150639244024,40.12935757331137,40.8601690091911,0.7308114358797297,56.19717457621556,0.6424499940455242,8.442714126807564
0,1,57600,35.88267227156778,2151.764247218348,0.06822195390476213,22.45395288139725,61.08789105096355,1832.6367315289062,7.670928293496386,35.88485423299345,38.606592457541666,2.721738224548215,61.097034543421074,4.343627374605589,8.17575083426029
0,1,59400,64.8101617858552,3886.449368425117,0.04131455693499834,48.17686166615689,49.91535665853876,1497.4606997561625,6.336853807670928,64.81102661587241,68.36391917578425,3.552892559911836,49.92635442510165,1.691173114525295,6.440489432703004
0,1,61200,35.25869718151581,2114.3465409848977,0.04081854841930532,23.631546711970316,61.55385096872618,1846.6155290617855,7.087270705947748,35.2610252568654,42.126569493384984,6.865544236519583,61.55829445740804,2.4244670449948593,7.775305895439377
0,1,63000,58.96806925779703,3536.1185531592287,0.13524389046747493,41.1010948759275,53.533909642870626,1606.017289286119,7.537520844913841,58.969221858030835,61.69970447016397,2.730482612133134,53.58110055502579,1.1712176555166138,8.509454949944383
0,1,64800,44.538115750389814,2670.802341165042,0.12962942650941853,29.748445337529926,73.6326638855144,2208.979916565432,9.2384658143413,44.540032811462126,45.534418317855234,0.9943855063931046,73.58035244642048,5.140129049957061,10.74527252502781
0,1,66600,44.44387922158298,2665.15129065426,0.039421620411546364,30.734996339676353,60.5023161680942,1815.0694850428258,7.437465258476931,44.424571229597355,44.670477077676054,0.2459058480786993,60.901780211884216,8.333203661576007,8.743047830923249
0,1,68400,31.394772602177333,1882.6398637105672,0.19066185137445235,20.708693826506696,62.78760931451331,1883.6282794353995,8.187882156753751,31.407825363976,34.24035928414723,2.832533920171233,62.80744159786184,4.092891125134642,7.875417130144606
0,1,70200,18.971114628644226,1137.634507231032,0.045399101662252375,13.179529581893673,80.92848950104057,2427.854685031217,6.837131739855475,18.966145031181213,19.79984388623215,0.8336988550509385,80.95601425924123,0.9796825916282756,7.775305895439377
0,1,72000,20.23404274850026,1213.368096818399,0.0820578591657374,14.650938536490449,77.22990546268838,2316.8971638806515,6.737076153418566,20.243393981243983,21.67407253591006,1.4306785546660785,77.23029207519633,3.99860767579748,7.208008898776419
0,1,73800,28.155031796257354,1688.3634067155658,0.22477648677912715,16.26099627944162,68.95414521502006,2068.6243564506017,8.438021122846026,28.16805271689473,28.393694855049898,0.2256421381551661,68.91998129232515,5.200115414458256,8.743047830923249
0,1,75600,30.97400580682559,1857.407881549308,0.1808054427207712,16.401524319402377,64.68332753007886,1940.4998259023655,9.371873262923847,30.988542320261544,35.07357677416555,4.085034453904006,64.60150000996526,6.525788183569723,9.610678531701891
0,1,77400,59.4988953600922,3567.950425093529,0.07246350133755744,33.39176545197879,50.183576078234864,1505.5072823470462,9.088382434685936,59.43732297063936,77.12538396121303,17.688060990573675,50.21089507344257,9.092964679928496,9.377085650723027
0,1,79200,89.02608948612536,5338.597832851317,0.021292766509775365,59.19434094573612,34.90708053460968,1047.2124160382905,8.704836020011117,89.07126207922178,93.30827502435206,4.2370129451302745,34.78160704942678,3.179093304686779,9.043381535038932
0,1,81000,83.11923492739218,4984.383454479284,0.006035885424253343,52.34548691148098,37.80208007891462,1134.0624023674388,8.804891606448026,83.15532815535059,98.2923401460826,15.137011990732006,37.93901450827622,7.185551099924423,9.276974416017799
0,1,82800,63.006562392775265,3778.2935248200906,0.017450463577854628,37.250771804084565,50.3192206281707,1509.5766188451207,9.088382434685936,63.0385970065014,70.69266013767027,7.654063131168876,50.316545873038905,6.5783891834571335,9.076751946607342
0,1,84600,60.545623874100315,3630.7192449835493,0.0038631024576344752,33.73499666518384,47.455227894820446,1423.6568368446133,8.854919399666482,60.560455280924344,78.00089075057572,17.440435469651373,47.49645279317685,7.98128966477524,9.577308120133482
0,1,86400,35.17090661208993,2109.0820331716595,0.14489300659842813,25.810462994684624,56.225925671884944,1686.7777701565483,6.987215119510839,35.15768566190022,38.30191413543527,3.144228473535047,56.26081071701674,1.3618963433887643,7.4082313681868746
0,1,88200,32.41509945073049,1943.825463728805,0.0373331029203947,23.170023737579736,56.039082593924505,1681.1724778177354,7.137298499166203,32.41641432432736,33.357058543975896,0.9406442196485294,55.99422618716127,1.8708035277652897,6.941045606229144
0,1,90000,31.067672448878092,1863.0247578510566,0.05630839663669291,22.539964507514448,57.36923153145748,1721.0769459437242,6.987215119510839,31.069997015614007,31.84288652217327,0.7728895065592631,57.414295920449334,0.6614885059626161,7.842046718576197
0,1,91800,27.78982093781706,1666.4629289044294,0.027384348028515214,20.0820815654181,60.06683429832885,1802.0050289498658,6.8871595330739295,27.796291642219956,28.97921313859334,1.1829214963733836,60.03637856966142,4.310038543340482,7.241379310344828
0,1,93600,22.62916234952802,1356.9954355600303,0.0742143131887344,15.27939789389678,63.85254269757463,1915.576280927239,7.720956086714842,22.631142807843396,25.163840623722972,2.532697815879576,63.857417844512,3.873053755637539,7.575083426028922
0,1,95400,19.048485623942753,1142.2741879157672,0.045242407022034734,11.272976536834019,73.87029544930361,2216.108863479108,7.45414118954975,19.04984254996119,19.681711491777996,0.6318689418168066,73.83800638018745,3.2776470095356416,7.908787541713015
0,1,97200,29.2789170968623,1755.7590619085092,0.12366818180548036,16.783920876838863,67.35654548291132,2020.6963644873397,8.40466926070039,29.28131338976599,33.36690659810213,4.085593208336141,67.30492287350535,5.656089448337681,8.776418242491658
0,1,99000,36.52487133277248,2190.2747842552562,0.056741809467538415,21.902054698132783,55.1510474940962,1654.5314248228854,8.004446914952752,36.539737837056336,43.15022824641531,6.61049040935897,55.15576812272107,8.280817237888076,9.377085650723027
0,1,100800,24.667310509214243,1479.2163868692141,0.0371184866958702,13.994284547628057,79.50623207400032,2385.18696222001,8.954974986103391,24.655615665985117,26.33263803090228,1.677022364917164,79.58801931587637,0.17348676484033376,8.67630700778643
0,1,102600,30.2867943747011,1816.198102669576,0.048035491273473445,18.476200908194116,68.36912472869298,2051.0737418607896,8.8715953307393,30.244078278303043,30.840410460652922,0.5963321823498813,68.33619840279496,0.7971232756918383,9.010011123470523
0,1,104400,27.460898742809867,1646.738561277165,0.053940561004959565,18.48594060360617,66.36365840307342,1990.9097520922023,7.087270705947748,27.458632449528643,32.21498214963572,4.75634970010708,66.43225499198459,12.562758178288341,7.5417130144605125
0,1,106200,30.83174106308672,1848.8767390831001,0.045099681148090424,14.227086841654188,71.3731247926459,2141.193743779377,9.105058365758754,30.846047473071874,36.95692273868773,6.1108752656158565,71.37794016164051,6.092091321615456,8.776418242491658
0,1,108000,22.811092806809807,1367.9051986483614,0.09805612616862346,10.504284840006994,76.92967433534447,2307.890230060334,9.288493607559754,22.823779732731282,24.50364790888335,1.6798681761520715,77.02172600566479,1.8302741202647965,9.310344827586208
0,1,109865,22.05753594832033,1322.7169057009423,0.023505370134650157,12.713772060250603,81.91153387620687,2457.3460162862066,6.920511395219566,22.06806177924116,30.10648933468342,8.038427555442262,82.0069338101789,22.572421334189055,7.6751946607341495
0,1,111665,22.133172397298665,1327.2525714246767,0.09841130774735314,11.415778554264127,86.6631806413712,2599.895419241136,8.054474708171206,22.12015482094173,28.147007643273863,6.026852822332135,86.71638774832456,10.925988470283961,8.14238042269188
0,1,113465,12.45212225281977,746.7122644274255,0.2679706003128912,7.782673062644254,94.51202827904153,2835.3608483712455,6.420233463035019,12.452040007131682,13.007374959183672,0.5553349520519886,94.40246572866938,3.685475037991594,7.708565072302559
0,1,115265,16.812099473654683,1008.1655651034927,0.216701222680921,8.823264701911159,95.37569793617057,2861.2709380851165,6.820455808782657,16.818373318370636,24.00090053341784,7.182527215047205,95.3994190922452,16.453722647682838,7.708565072302559
0,1,117065,10.886090284377014,652.802547386475,0.08356319244209987,7.648529270389478,104.18447808146107,3125.5343424438315,5.169538632573651,10.885533622881287,12.09434833690444,1.2088147140231529,104.13913240703242,4.039984843074265,5.239154616240267
0,1,118865,10.556220233094017,633.0213399778711,0.031426487414192364,6.307138812487478,101.35181917710023,3040.5545753130064,6.020011117287382,10.560972045693205,12.930746415568454,2.369774369875249,101.41287636976458,4.589113602603909,6.507230255839822
0,1,120665,17.52005461347368,1050.6192749879715,0.083966516062703,11.587924749497013,73.215808155434,2196.4742446630203,6.553640911617565,17.52510020741655,17.716962035454014,0.19186182803746377,73.28206337592884,5.723238728928365,7.775305895439377
0,1,122465,14.848301773349734,890.4031630085392,0.16115325584102083,7.782673062644254,84.310245208268,2529.3073562480404,6.770428015564202,14.846514181528356,23.081648651770692,8.235134470242336,84.285590475789,22.341766614310412,7.608453837597331
0,1,124265,13.580971434049344,814.4055869951588,0.1429889771790315,7.851751396982476,98.3307032250166,2949.921096750499,5.9866592551417455,13.585302362335938,14.776404446318402,1.1911020839824644,98.23951323006439,3.389588138235041,6.240266963292548
0,1,126065,20.680614570081637,1240.1475203858954,0.17085549191278068,11.276967677528269,79.64481036021527,2389.344310806458,7.587548638132295,20.68887689945783,20.889250540382083,0.20037364092425314,79.60959313470508,0.6780413388148219,8.409343715239155
0,1,127865,13.81895698434042,828.676787160947,0.09312390887413796,9.604686356150125,83.93725734640935,2518.1177203922807,6.003335186214564,13.820202146490011,15.971562577845168,2.1513604313551555,83.98082069537728,9.562185573311254,7.208008898776419
0,1,129665,21.80424862630198,1307.5281092905752,0.10080164017647604,13.433167906341733,60.66202293465738,1819.8606880397215,7.837687604224569,21.81103369986714,21.933702248173446,0.12266854830630969,60.617638099551414,2.9314046086599355,7.975528364849834
0,1,131465,24.768210832778685,1485.2670429389618,0.08403185204876015,9.840731680113873,78.87201818428217,2366.1605455284653,7.937743190661478,24.77691164870601,28.53111773765606,3.754206088950049,79.10085733507913,3.320071088492419,8.476084538375973
0,1,133265,9.286143133106409,556.8590498819477,0.05061566751284984,7.553806987208506,110.48293705299206,3314.488111589761,4.018899388549194,9.290706246427028,9.340431249039934,0.0497250026129068,110.43632969518018,1.7893397334319303,4.171301446051168
0,1,135065,10.399328613073731,623.6130724973214,0.0601756426972029,7.920227269467451,107.28551459479723,3218.5654378439167,4.552529182879377,10.397574497509426,11.096534561396021,0.6989600638865952,107.2131134801422,0.2631234564124938,5.372636262513905
0,1,136865,12.447916069612388,746.4600336410897,0.032045534407385085,6.579513659836568,102.83251651720877,3084.9754955162634,5.536409116175653,12.452148862393608,16.999113948505904,4.546965086112296,102.76001471024051,2.4028380983856223,5.472747497219133
0,1,138665,7.194983323393421,431.4591666261588,0.01297004138020031,5.692099788301681,106.22086929516682,3186.626078855005,4.135630906058921,7.196649053829123,8.170010618076239,0.9733615642471154,106.09367668139743,4.324955557601662,4.972191323692993
0,1,140465,8.686853290136868,520.9216356318742,0.046637369873445446,6.606814663663022,105.33637402684705,3160.091220805412,4.886047804335742,8.689782281802518,9.01109170876764,0.3213094269651222,105.30731370395253,1.3963769208485672,4.838709677419355
0,1,142265,6.448724798977411,386.70853044534545,0.04125607132652817,5.10881590977668,107.02828912466335,3210.848673739901,4.535853251806559,6.448986905287436,6.960090220283847,0.5111033149964115,107.05372898164747,2.2716149569114634,4.9054505005561735
0,1,144065,6.347930995915676,380.66426205507673,0.01403037239408384,5.307541803885654,112.65749954047267,3379.72498621418,3.9355197331851026,6.3500856497647,6.868849436836272,0.5187637870715722,112.67438782564795,0.9587137530651404,3.870967741935484
0,1,145865,5.5271986093909,331.44767660980756,0.03176274280474218,4.539823785125831,113.16745345176614,3395.023603552985,4.118954974986103,5.523976374269054,6.671295226862532,1.1473188525934779,113.24827721948627,2.6344267230264222,4.204671857619577
0,1,147665,6.690749205450491,401.2219273535144,0.05244011391043259,5.53172667437551,110.14031070136947,3304.209321041085,3.735408560311284,6.688913973927821,7.119959372848328,0.4310453989205061,110.22547566737542,1.0850919129161554,3.971078976640712
0,1,149465,6.787248372810119,407.0086607561801,0.023248124229315638,5.604462507682753,109.83238127674659,3294.9714383023975,4.018899388549194,6.787273727012865,7.721157698620963,0.9338839716080978,109.58072216675622,3.8547813081165145,5.239154616240267
0,1,151265,6.025307619846657,361.3176136034712,0.033241884564465925,5.307541803886859,111.7057114090761,3351.171342272283,3.0683713173985545,6.025963158942,6.365532454443922,0.3395692955019216,111.63691385249456,2.4084637880448128,3.2369299221357064
0,1,153065,7.514631349666422,450.62739326832974,0.060231777944124265,5.7706152185022725,103.62738383580498,3108.82151507415,4.219010561423013,7.507975677606133,8.56005037077225,1.0520746931661176,103.67001894615768,0.8247864955855064,4.6384872080088995
0,1,154865,5.843440900475828,350.4116726652005,0.015111599672676371,5.1088159097775305,109.00888968403282,3270.2666905209844,3.6186770428015564,5.843451186654244,6.035910894405998,0.19245970775175403,108.74607885850511,4.311265805234534,4.07119021134594
0,1,156665,5.899167512478432,353.75341183162334,0.0433961167322542,5.028916384272576,109.76993209539609,3293.097962861882,3.7020566981656473,5.900088828844039,6.321363396288972,0.42127456744493275,109.75976439137703,2.3652963203740427,3.670745272525028
0,1,158465,6.070225614701973,364.01119602829493,0.02340943614546438,5.247856705360238,113.45194257531301,3403.5582772593903,3.535297387437465,6.072767453197356,6.776005645971836,0.7032381927744797,113.46833185095815,2.0173111158107773,3.8042269187986655
0,1,160265,6.639501846316886,398.14879405080256,0.019227378596747065,5.824946351684427,108.95715674061758,3268.7147022185272,2.834908282379099,6.637433935274247,6.67454941474514,0.03711547947089322,108.89921912643662,3.153567803914413,3.5038932146829813
0,1,162065,6.319852616068558,378.9804952102445,0.0018517666509236023,5.909314681076443,114.99044966955867,3449.7134900867604,2.0344635908838242,6.318959371200869,6.460436743707558,0.14147737250669,114.94880793874029,0.38919477891949583,2.502780867630701
0,1,163865,6.237455660537957,374.0394244435928,0.0009658015004731942,5.692099788303029,114.02078512029561,3420.6235536088684,2.5514174541411894,6.239805490616258,6.374958988315361,0.13515349769910223,114.0680632204551,0.20833530319318072,2.5361512791991103
0,1,165665,5.8666077822619425,351.8009133429745,0.005242960367788171,5.4332310828825925,114.06328121092412,3421.898436327723,2.384658143413007,5.8665128013070005,5.984247494286826,0.11773469297982508,114.0377074682988,0.2544461073995876,2.8031145717463852
0,1,167465,5.983722482323432,358.8238915233284,0.05156399051004492,5.135172830585824,112.06645940448438,3361.993782134531,3.385214007782101,5.980655442136714,6.634970482109766,0.654315039973052,111.97776131834584,2.9928819348515034,3.8375973303670747
0,1,169265,6.036007295179502,361.9592374675974,0.005699892359410807,5.433231082881746,113.27090114982776,3398.1270344948325,3.035019455252918,6.0350326312772395,6.137788068619154,0.10275543734191528,113.27689125719459,3.4866435582617257,3.370411568409344
0,1,171065,7.899983335155871,473.7356673315137,0.0004179332745779589,7.130918594402979,114.96677045326444,3449.003113597933,2.868260144524736,7.898830677342742,8.413859071771087,0.5150283944283447,114.96703236709969,0.932803608050051,2.8364849833147945
0,1,172865,7.900205420693912,473.74898506094496,0.010447035940776386,6.9584481028455105,113.14542155302675,3394.362646590803,3.351862145636465,7.901051982391941,8.783926819751843,0.882874837359902,113.11261091869021,1.5579466208449446,3.470522803114572
0,1,174665,6.731700218501184,403.6776231027877,0.0025593455330080294,6.184658438424589,112.592912582435,3377.78737747305,2.9349638688160087,6.731549011438084,6.8613944770973,0.1298454656592165,112.49388200268322,0.9366314219452079,3.6040044493882095
0,1,176465,5.6953032555991525,341.5283518940958,0.00041096643279477763,5.4083269131950855,114.45460181041382,3433.6380543124146,1.9844357976653695,5.694629609656809,5.7972371225199595,0.10260751286315006,114.44919795388313,0.010979149305988756,2.202447163515017
0,1,178265,5.921660356299406,355.10223269942105,0.0004002416514115131,5.474486277268465,113.90148381396088,3417.044514418826,2.9182879377431905,5.921141704776058,6.522599837341431,0.6014581325653725,113.88204147736172,0.2792802663942453,3.2369299221357064
0,1,180065,6.575199169035336,394.29277683648564,0.0008963185777254105,5.939696961968831,113.0923075629729,3392.769226889187,3.218454697053919,6.574110360123788,6.62131366574121,0.04720330561742214,113.06317929351928,0.7117242570454465,3.437152391546163
0,1,181865,6.194438562667278,371.4598324746145,0.00036616261893313,5.515432893257336,115.44441028346488,3463.332308503946,3.235130628126737,6.193992120113804,6.3419245334158285,0.14793241330202456,115.44933762408294,0.8566220323797964,3.170189098998888
0,1,183665,5.976669121928031,358.4009250116176,0.0006513720649325208,5.515432893254878,114.62078329923287,3438.6234989769864,2.651473040578099,5.97548818150641,6.108616558182019,0.13312837667560862,114.72122356066195,0.232590235853678,2.636262513904338
0,1,185465,5.980772743889035,358.64700554187914,0.0004461211094129294,5.4083269131939025,114.7252243153242,3441.7567294597266,2.9016120066703723,5.980489529455248,6.056044989886513,0.07555546043126515,114.73053412542416,0.23396288182073022,3.2369299221357064
0,1,187265,5.944311553995003,356.4605495212336,0.001438140140353833,5.408326913196363,114.1306682335904,3423.920047007712,3.2518065591995553,5.940228883059911,6.101209391413768,0.16098050835385758,114.16603422475343,0.7580069406236589,3.5706340378198
0,1,189065,6.144703238952729,368.47737089586536,0.0014114737729847657,5.531726674377545,114.21598976857447,3426.4796930572347,3.0850472484713727,6.142693578028691,6.3067031690508,0.1640095910221091,114.18118312410189,0.03575186677900177,3.3036707452725254
0,1,190865,6.6319602517753315,397.69654976479404,0.001390941580370069,6.155485358606673,113.01268201223598,3390.380460367079,2.851584213451918,6.631974237085739,6.668909346933042,0.03693510984730208,112.95737671212338,0.4426763895089607,2.8698553948832037
0,1,192665,6.241171422819481,374.2622463217416,0.0007562062076610492,5.53172667437551,113.97525653584073,3419.257696075222,4.469149527515286,6.242179056025682,6.375808621863616,0.1336295658379334,114.03210495996944,1.2912059997838483,4.938820912124583
0,1,194465,6.523540588762271,391.19498397277755,0.0013094491493538937,5.824946351682495,116.2594485851335,3487.7834575540046,4.535853251806559,6.517324537921761,6.614840726520838,0.09751618859907785,116.19569600091324,0.40254498982942977,4.972191323692993
0,1,196265,6.670090874085568,399.98311608266454,0.0005385392123422142,6.184658438425581,113.9040794324611,3417.1223829738324,3.2684824902723735,6.669102005437006,6.894933664943718,0.22583165950671136,113.8995573546115,1.4853487039749922,3.403781979977753
0,1,198065,6.488806464426179,256.52414889364826,0.0018058704994204716,5.770615218501364,116.2786505347998,3488.3595160439936,3.2377740303541316,6.6912697949319355,7.08247424464244,0.39120444971050405,116.22576169476042,0.2832756185785854,3.170189098998888
1,1,0,50.020946227546894,2999.5894087785628,0.0815950253489764,33.095316889250704,37.32614515983671,1119.784354795101,7.003891050583658,50.03649640254942,59.88659383176022,9.850097429210809,37.41473139539061,7.89887217618209,6.740823136818688
1,1,1800,33.97460677810184,2037.3439197935072,0.14573154567253171,22.199999999998152,61.89249920693697,1856.774976208109,6.687048360200111,33.935209785071144,36.004821356484705,2.069611571413562,61.943519766067226,2.9266686246944964,7.1412680756396
1,1,3600,37.96490625142605,2276.6288782105157,0.01993838026553571,26.389770745499714,56.78604413576095,1703.5813240728287,6.60366870483602,37.95747401769494,38.240233365731214,0.28275934803627223,56.78587902992504,3.871812930389634,6.974416017797553
1,1,5400,45.25725333591805,2713.926625043886,0.043383336444753944,32.38054971738416,44.475507065537954,1334.2652119661384,6.3868816008893825,45.23438357676488,45.410400881334844,0.17601730456996734,43.97910661576067,11.241803826157142,6.273637374860957
1,1,7200,86.83848602357655,5207.414545213806,0.06650140762490372,57.85646031343461,28.713767831487466,861.413034944624,7.971095052807115,86.87276672456238,114.34511852104275,27.472351796480368,28.718735652566338,1.9379911760755846,6.8409343715239155
1,1,9000,38.14815988678801,2287.617987877721,0.027182335249182576,25.794766911138872,45.47801428601839,1364.340428580552,6.553640911617565,38.15933105921214,41.83050902537544,3.671177966163299,45.46736655268842,3.959526614386778,6.8409343715239155
1,1,10800,42.237403613379676,2532.8363033490014,0.05261370359958591,31.306548835667602,30.86063617480839,925.8190852442517,5.736520289049472,42.237309705745616,43.46815257050879,1.2308428647631757,30.86765724661621,0.5103495225263703,6.273637374860957
1,1,12600,45.649356133771946,2737.4397228218572,0.030407240176766652,33.42409310662005,34.13470606809677,1024.041182042903,6.136742634797109,45.6500048132277,49.34505298905595,3.695048175828248,34.150137475498326,0.6842746855931843,6.273637374860957
1,1,14400,50.324421198235015,3017.787791187493,0.11112760721551453,33.034073318318555,43.34197100041384,1300.2591300124154,7.337409672040022,50.298019353228845,66.01235529889509,15.714335945666242,43.22311781915877,7.792523757974859,7.374860956618465
1,1,16200,65.75508212225228,3943.113091264395,0.09514804523432235,47.191630613914285,25.596090119475665,767.8827035842698,6.420233463035019,65.75334127706955,72.90615685382576,7.152815576756215,25.58302030541732,1.4840107639591729,6.7074527252502785
1,1,18000,51.310939878248625,3076.946028032309,0.021657501454382704,36.996216022724276,26.490115422523022,794.7034626756906,6.3868816008893825,51.316566015363854,51.81278042761547,0.4962144122516179,26.502279648015886,0.8315488220173801,6.7074527252502785
1,1,19800,60.05841961609356,3601.5032296450768,0.004916292735772238,44.166276727840014,23.62410012389753,708.723003716926,7.003891050583658,60.0714112537906,66.01878341562806,5.9473721618374675,23.63601432928524,2.181939219563654,7.575083426028922
1,1,21600,83.17107692939624,4987.492246532795,0.00817764380567472,59.84454862391279,21.265517873015053,637.9655361904515,6.970539188438021,83.15248889275128,91.65935654252526,8.50686764977398,21.354584565451823,2.3766247796871323,7.2747497219132375
1,1,23400,62.69744053978243,3759.756517702286,0.013808685878448248,47.003404132040764,20.175617876737142,605.2685363021143,6.470261256253474,62.66285903981709,66.15909584076641,3.4962368009493225,20.195369195740266,0.8861243347029877,6.7074527252502785
1,1,25200,72.07554375790994,4322.130107349332,0.03857025097241049,51.38501727157343,22.471466376380324,674.1439912914097,7.137298499166203,72.10776694909814,84.6071892145998,12.499422265501668,22.398703573608948,0.6059094120970894,6.8409343715239155
1,1,27000,69.00749402447657,4138.149391667779,0.020619202366538508,48.38284820057679,27.137011790462296,814.1103537138688,7.2040022234574765,69.02677343072932,79.48710603187072,10.460332601141406,27.04372858120947,6.809965422912228,7.5417130144605125
1,1,28800,113.46021080238286,6803.830641116225,0.03205114658378789,93.01209598756463,22.176985959951647,665.3095787985494,6.0366870483602,113.41252598356064,114.92411859120703,1.5115926076463921,22.141106376695006,2.1250226017889364,6.206896551724138
1,1,30600,143.57519168027991,8609.725661094119,0.05955240556789803,128.43714416009036,15.177682095937126,455.33046287811374,3.7854363535297386,143.61267153320995,166.06916093502247,22.456489401812526,15.135030709581397,2.6806164888286714,6.073414905450501
1,1,32400,122.58016752887418,7350.724046148155,0.046373313455607836,99.04544411531538,20.70405252711754,621.1215758135264,6.2868260144524735,122.6323664715316,130.6660069333573,8.033640461825698,20.665161756497437,1.9736334793866739,6.173526140155729
1,1,34200,115.84811403719819,6947.02523843065,0.0460916730003955,96.45128303967708,20.789370487165087,623.6811146149525,5.2862701500833795,115.8584256631473,131.45166314713484,15.59323748398753,20.760467505388167,2.89051588837588,5.973303670745273
1,1,36000,69.09343641085201,4143.3030701040925,0.02564308718058853,44.03055757085004,42.01372939651586,1260.411881895476,7.887715397443023,69.08454774322797,70.6410850535803,1.5565373103523257,42.058096475281346,1.186434011566238,7.975528364849834
1,1,37800,66.28219368072412,3974.7222143874224,0.011994262288295275,46.84709169201619,45.00707521629289,1350.2122564887868,7.137298499166203,66.26938630575253,69.00128682290878,2.7319005171562445,45.07261113222481,2.2727361737813645,7.5417130144605125
1,1,39600,63.66550428712308,3817.8080737511473,0.027228112070224818,46.200974015704524,42.10774868638235,1263.2324605914703,6.8871595330739295,63.64755199055816,66.82854710385112,3.1809951132929584,42.12426758072908,1.3093860678123441,7.041156840934372
1,1,41400,53.950915222941035,3235.256549535697,0.03154903560078323,37.1128010260614,48.781318719472644,1463.439561584179,7.07059477487493,53.95769047743143,54.39610751987859,0.43841704244716695,48.83775904626087,1.59656671864931,7.341490545050056
1,1,43200,55.41815936149625,3323.242289711059,0.07538821588260244,35.86223640544439,42.260663666849354,1267.8199100054806,7.754307948860478,55.430124239161856,59.55819339966411,4.128069160502253,42.26363968751172,2.92763361187329,8.275862068965518
1,1,45000,71.88688442622771,4310.816836092788,0.008796385276546567,52.485426548710464,34.45542032069711,1033.662609620913,7.137298499166203,71.85726129694707,87.31118258033705,15.453921283389974,34.36911697425244,7.978987460215706,7.208008898776419
1,1,46800,48.64970123261436,2917.3604172491087,0.059232820649646044,32.423602514218224,48.39104528377831,1451.731358513349,7.971095052807115,48.64698154203589,54.803803536675645,6.156821994639756,48.400721713428084,4.409315377889115,7.708565072302559
1,1,48600,57.76211876683996,3463.801722051503,0.03275274551087353,42.638011210656174,42.7131645404171,1281.3949362125131,5.8866036687048355,57.77214938414221,71.89935883696728,14.12720945282507,42.83820683605697,7.96752759467989,5.839822024471635
1,1,50400,28.86444108257326,1730.9043169183099,0.033346064507680837,20.806249061280585,56.74597936879254,1702.3793810637765,7.153974430239021,28.869852750326125,33.790756404855884,4.920903654529761,56.70375329286258,0.9234027879403541,7.241379310344828
1,1,52200,45.59267119887385,2734.0405162258025,0.041572097840875434,27.30659261057641,41.906081214155414,1257.1824364246625,8.554752640355753,45.61697337051055,70.8452671192698,25.228293748759256,41.93347089107337,13.17720047962507,8.109010011123472
1,1,54000,71.88394937582498,4310.640830903638,0.05673415036266019,53.86065354226657,41.358459923935435,1240.7537977180627,7.037242912729294,71.9035733743655,83.17535437420241,11.271780999836913,41.40442383842399,11.373528034121705,6.941045606229144
1,1,55800,66.2965185366474,3975.581228247622,0.011480210514736421,49.40536408124219,47.35347505539923,1420.6042516619768,7.2040022234574765,66.33339090513275,78.26521173433649,11.931820829203751,47.38239740100093,1.4035844189057904,7.241379310344828
1,1,57600,67.37953164074595,4040.5259140567323,0.05870294415885987,52.613021201979564,50.92807276480493,1527.842182944148,6.270150083379655,67.38425486175376,78.58599772020759,11.201742858453834,50.95600158559194,0.7333164103775829,7.2747497219132375
1,1,59400,72.14851346419402,4326.505857402835,0.004185940699744452,63.36181815572992,61.74179392093953,1852.253817628186,4.886047804335742,72.14106079796204,73.83068384889339,1.6896230509313384,61.7241270668464,5.015428079930778,5.3392658509454956
1,1,61200,68.61622390134626,4114.686226617398,0.08103606443521215,50.32941485850878,41.97846796534064,1259.3540389602192,7.720956086714842,68.5552357250622,68.9431764551739,0.387940730111687,43.06303289271007,6.799030493284047,7.942157953281424
1,1,63000,44.558974812605165,2672.0531895958893,0.05070427142404083,29.893310288426143,57.094482247486056,1712.8344674245818,8.121178432462479,44.554925221906544,45.394264287267816,0.8393390653612691,57.27862004356216,1.3501727042542164,8.542825361512792
1,1,64800,43.60467505044211,2614.8270138581784,0.020638676313518088,30.77742679302429,59.087042642741096,1772.611279282233,6.737076153418566,43.55458022790018,44.11696558418592,0.5623853562857377,59.136178757554106,2.40089573767359,7.6751946607341495
1,1,66600,38.72650226929671,2322.299252748826,0.10314517199095782,21.610414156142188,59.45551587451716,1783.6654762355147,8.738187882156753,38.723858886008095,60.476204842816955,21.75234595680886,59.632904121283275,16.06364207265729,9.043381535038932
1,1,68400,24.731220640427438,1483.0488644042985,0.04336176542168746,4.920365840057325,92.5627447099773,2776.8823412993193,8.504724847137298,24.74376078930043,45.450956557344135,20.707195768043704,92.53818853992388,19.785449876583293,12.480533926585096
1,1,70200,20.594851443563357,1235.0045915656829,0.03721043444446336,6.067124524846546,90.13896274122945,2704.1688822368833,7.971095052807115,20.601003113359976,34.5803788112096,13.97937569784962,88.68556224077767,22.40380678741638,10.945494994438265
1,1,72000,11.93111707239203,715.4693204411087,0.0788924706936032,7.130918594403947,89.90973293573782,2697.2919880721347,7.137298499166203,11.934744875595142,14.626745065104823,2.692000189509681,89.85966872861756,10.068334008140596,8.075639599555062
1,1,73800,12.611101865519469,756.2457418689842,0.1584474946870261,9.343446901438451,92.70065817421377,2781.019745226413,5.853251806559199,12.610354066768625,13.2079784344145,0.5976243676458743,92.6613066945253,2.329923311620874,6.073414905450501
1,1,75600,9.293026231312231,557.2718063376901,0.12402986397000934,6.9260378283682105,99.79874921363447,2993.962476409034,5.46970539188438,9.291443956138052,10.211496772018846,0.9200528158807941,99.94588859659899,2.1541586650467437,5.63959955506118
1,1,77400,10.298825828870058,617.5862555379078,0.07701780782710482,7.874642849042487,92.73428624066996,2782.028587220099,5.336297943301834,10.298977308763622,11.155448648380455,0.8564713396168333,92.74646630156312,5.9032244371024944,5.372636262513905
1,1,79200,8.5548731391115,513.0072259087196,0.052366909759632804,6.958448102845933,102.45241342761827,3073.5724028285476,4.269038354641467,8.558511855440399,9.916297066464688,1.3577852110242894,102.44603469967981,5.511192264450685,5.072302558398221
1,1,81000,15.27250819727794,915.8414082301006,0.04966374931137132,10.261578825891696,89.07484626168394,2672.2453878505185,6.737076153418566,15.277867496459733,18.491849735704637,3.2139822392449044,88.96725344376125,14.714653900674598,6.173526140155729
1,1,82800,9.355791149037337,561.0356092372724,0.048736084917118255,6.9065186599299295,105.98628362742956,3179.5885088228865,4.285714285714286,9.35567360727848,9.447485438183216,0.09181183090473688,105.96194131796034,5.253124861817874,5.005561735261402
1,1,84600,6.192379542529938,371.3363599003786,0.021283867601491157,4.539823785126564,108.27389773236914,3248.2169319710742,3.4018899388549193,6.193463935664203,6.604180786245865,0.4107168505816614,108.21459017686301,1.172820318622371,3.7041156840934373
1,1,86400,8.643051605592605,518.2949946153699,0.029173220170187145,5.247856705361043,101.14205958612796,3034.2617875838387,5.603112840466926,8.646678819865148,9.958311937557179,1.31163311769203,101.14697158754713,5.827655767678991,5.672969966629589
1,1,88200,6.873351419576634,412.17197346061215,0.11436063671359344,4.56946386351906,106.42410762726361,3192.723228817909,3.735408560311284,6.876201289349229,6.883310404049195,0.007109114699966224,106.38318046542199,0.16682811311209633,3.870967741935484
1,1,90000,8.398780654136,503.6468798930222,0.1002234021113803,4.695742752749863,98.15414760214901,2944.6244280644705,5.336297943301834,8.400098148730809,9.466087327555273,1.065989178824465,98.18935951279548,2.5189893769771814,6.140155728587319
1,1,91800,11.045744315431255,662.3764674486943,0.07603951403031045,5.93969696196642,90.67686423019552,2720.305926905866,6.136742634797109,11.049516252691747,12.76860900067648,1.7190927479847335,90.31039998796373,8.028319698490172,6.740823136818688
1,1,93600,5.794376216888517,347.46942713941473,0.10378094573134643,4.459820624195854,110.04132069212083,3301.2396207636257,3.318510283490828,5.793414267219161,6.128987796914031,0.3355735296948703,109.99379078138493,0.5110808335675188,3.3036707452725254
1,1,95400,10.653999282631716,638.8848236484819,0.1054206010389756,5.408326913195322,96.98515365629984,2909.5546096889952,6.236798221234019,10.6584894393072,12.091621212301046,1.4331317729938462,96.98622215787145,3.490448524398552,6.674082313681869
1,1,97200,33.95199287173704,2035.9878392084975,0.10247531045389636,5.954829972383158,89.45172257530326,2683.5516772590977,8.77153974430239,33.96848711342377,62.025163973823844,28.05667686040007,89.07506857467249,16.36106875932844,8.2091212458287
1,1,99000,16.11534448215217,966.3834907797252,0.10895027163718832,9.202716990105415,97.63558806870816,2929.067642061245,6.870483602001111,16.110415535837575,16.48388629280042,0.37347075696284726,97.62146841356584,2.066832844642647,7.575083426028922
1,1,100800,15.96309480914607,957.2535853884593,0.20497297702737208,10.55130323704173,98.88844666853957,2966.6534000561874,5.853251806559199,15.969448130071552,17.698662347673405,1.7292142176018528,98.8087788371061,1.4625806696517927,5.973303670745273
1,1,102600,19.945638815361352,1196.0734742945024,0.037334619631453014,11.541230437002683,95.61590658500873,2868.477197550262,6.2868260144524735,19.953001126197204,21.15657593995726,1.2035748137600564,95.59982167492963,0.9103323891358457,6.473859844271413
1,1,104400,20.72550246562189,1242.839297855126,0.2550739861821667,11.06345334875102,78.27229438205396,2348.1688314616185,7.604224569205114,20.702388044860726,21.26274759402333,0.5603595491626034,78.89157428613632,7.421718551278808,9.076751946607342
1,1,106200,7.686225341284752,460.91731296570896,0.2014786073693509,5.433231082880899,111.5577625275189,3346.732875825568,4.452473596442468,7.683634908011349,9.345283842100335,1.6616489340889857,111.47385782659964,4.312463763386411,5.406006674082314
1,1,108000,12.829534338540906,769.3444091678364,0.032807042615551986,6.307138812487965,100.73974578778503,3022.1923736335507,6.687048360200111,12.833953631177007,20.57184993306573,7.737896301888725,100.61450593321379,12.553430119399195,7.875417130144606
1,1,109800,11.33637477626167,679.8046074164914,0.02407258918274572,5.999999999999318,106.55794579966644,3196.738373989993,5.836575875486381,11.33650398730854,17.033927000128728,5.697423012820189,106.27782371544203,8.886363080784669,8.275862068965518
1,1,111600,11.608472109833523,696.1213775196836,0.09855116822323742,6.067124524844987,101.68064949082441,3050.419484724732,6.303501945525292,11.61207238751942,13.355970113461586,1.7438977259421655,101.65894014539383,2.16029894504166,6.874304783092326
1,1,113400,10.39056630363429,623.0876260079364,0.02652642125697815,8.658521813796243,112.64222378703167,3379.2667136109494,4.552529182879377,10.385105326188192,13.709806541559495,3.3247012153713014,112.67089621369348,2.1600845818855205,3.003337041156841
1,1,115200,10.741835653425087,644.1520780170576,0.06240787395263613,7.003570517957601,103.81251471413177,3114.3754414239534,5.503057254030017,10.746595276721326,12.138079335579542,1.3914840588582162,103.82674045231866,5.326131658975008,6.774193548387097
1,1,117000,18.664448354112462,1119.2447529682772,0.2009652465950055,9.758073580375127,96.70994446306537,2901.2983338919607,7.287381878821567,18.67058166619105,19.86185479334052,1.1912731271494685,96.65815127641442,2.9918134225133173,7.708565072302559
1,1,118800,24.452937567015923,1466.3611561020548,0.08204248749367757,15.660459763366338,77.99709470877825,2339.9128412633477,6.687048360200111,24.443445656286144,27.31319638309061,2.8697507268044653,77.9353297632499,5.6466343291862415,6.273637374860957
1,1,120600,22.383858604039887,1342.2853876222584,0.3071850580174459,16.890825912309456,65.92546396515957,1977.763918954787,6.436909394107838,22.393805132740685,24.024896192294573,1.6310910595538886,65.87721728334334,3.742611123937845,5.973303670745273
1,1,122400,20.84362676779122,1249.9228185085467,0.11675414818786656,13.897481786280329,75.70338065718678,2271.1014197156037,7.053918843802112,20.840336836213144,22.74619506151556,1.905858225302417,75.72655011557144,8.837807128579755,7.308120133481647
1,1,124200,21.022747082935584,1260.664066740037,0.1355314472203058,11.276967677526363,82.75786050667176,2482.7358152001534,7.987770983879933,21.0306898446523,21.340328588646003,0.30963874399370184,82.67110142585727,2.3976617480780362,8.476084538375973
1,1,126000,15.521483959916756,930.7716547963414,0.07156610870619498,9.319334740205969,96.15235885776049,2884.570765732815,6.720400222345748,15.527575183552123,16.21398486544649,0.6864096818943679,96.11344463072135,1.9341392538415434,7.10789766407119
1,1,127800,25.81997788283997,1548.3380070409703,0.10484887614541129,18.919038030514198,61.592456423243604,1847.7736926973082,5.603112840466926,25.8143536010174,26.633960181624285,0.8196065806068837,61.64500146726728,4.917891168099008,6.473859844271413
1,1,129600,16.161662290035437,969.1610153257917,0.05099685119638868,10.435516278553441,80.15373533658143,2404.612060097443,6.536964980544747,16.16796057014726,17.295980177800022,1.128019607652761,80.2372832885589,4.310832248808289,6.540600667408231
1,1,131400,18.562573326588655,1113.1356471510999,0.10248071675499192,10.062305898748292,82.57669129255385,2477.3007387766156,7.120622568093385,18.565553952103556,21.824104195192255,3.258550243088699,82.4649118863813,2.828507655809645,7.10789766407119
1,1,133200,20.79114438574837,1246.7756249987106,0.21746555609698057,12.314625451064146,74.90949420197846,2247.2848260593546,6.853807670928293,20.799755955593675,22.975698717879126,2.17594276228545,74.97274515253952,3.3592121490883144,7.608453837597331
1,1,135000,22.259615631865433,1334.8349507241971,0.31635530539948487,11.669190203266206,79.47856563964025,2384.3569691892076,7.420789327404113,22.25309436716366,27.614902924397533,5.361808557233875,79.15314158807053,9.837952187680749,8.542825361512792
1,1,136800,24.57146608590399,1473.4689162847092,0.0743705092449041,11.16064514264102,61.501875410048875,1845.0562623014664,9.155086158977209,24.561892282374707,24.970587597982195,0.4086953156074884,61.561619288734605,4.641995561769036,9.276974416017799
1,1,138600,19.833211573650686,1189.331587366586,0.1754917207969178,10.920164833921211,85.0059409483811,2550.178228451433,7.1873262923846575,19.843187015796154,27.36563394296857,7.522446927172418,84.1256560872267,17.650799651031456,8.275862068965518
1,1,140400,10.277889741313778,616.3307881541162,0.05114108031001538,8.485281374237786,109.72975715245367,3291.89271457361,4.219010561423013,10.266096897402594,11.300817217963555,1.0347203205609619,109.63902415640656,3.466402688230332,4.838709677419355
1,1,142200,10.289497315139835,617.0268556645519,0.06986710568952847,8.527602242132321,105.47227816632241,3164.1683449896723,3.501945525291829,10.28437339398264,11.907613649031848,1.6232402550492084,105.71083086901166,10.922701066867894,4.605116796440489
1,1,144000,13.292837731012488,797.1271692697155,0.056250483912598556,9.343446901438972,85.95553063057106,2578.6659189171314,6.053362979433018,13.293732187338694,14.536782294683585,1.2430501073448896,85.98473116730776,0.9445787418070424,6.473859844271413
1,1,145800,14.87331496865481,891.9031209536668,0.18857131264505864,11.03086578651087,75.3129000053334,2259.387000160002,6.070038910505836,14.875045745906371,15.52524813537426,0.6502023894678892,75.23951198657227,0.9948968757848533,5.939933259176864
1,1,147600,10.179235399535873,610.4148161255011,0.15934550586806495,7.224956747275603,93.88125942433929,2816.437782730179,6.170094496942745,10.181820220851312,13.720939052780125,3.539118831928812,94.07088778919675,16.242549875003157,5.63959955506118
1,1,149400,9.539424400888292,572.0474832399345,0.04057483156069518,7.130918594400467,100.4221690102668,3012.665070308004,4.886047804335742,9.541055440786636,10.663078013611416,1.12202257282478,100.33646243540221,3.8704979833028688,5.372636262513905
1,1,151200,12.542412474726458,752.1266680677631,0.0671851624723443,8.782368700981554,90.31763439671244,2709.529031901373,6.353529738743746,12.537076178562652,14.270131644094011,1.7330554655313595,90.23442011221597,1.7556248273125874,6.206896551724138
1,1,153000,13.65265121797876,818.7039847047931,0.07060949871251032,9.12414379544604,89.58842771239586,2687.652831371876,5.969983324068927,13.652053401498014,15.855181031056036,2.203127629558022,89.57351112435,9.460956077434489,6.006674082313682
1,1,154800,11.290608852262515,677.0601775073424,0.1750857201796017,7.37902432574698,98.92571450725559,2967.771435217668,5.436353529738744,11.2931388563426,12.018563138621753,0.7254242822791532,98.64434279944197,3.3348894215477145,5.672969966629589
1,1,156600,9.86834905077814,591.7719980783293,0.03130427138868442,7.68960337078607,103.04304934996351,3091.2914804989045,4.635908838243468,9.86639626277936,10.82377064625739,0.9573743834780304,102.94707218525332,5.216324153056185,4.838709677419355
1,1,158400,7.687683962979415,461.0047816466656,0.016388356810399587,6.299999999999812,110.63986197577769,3319.1958592733304,4.035575319622012,7.681886150601902,7.920642547534358,0.2387563969324562,110.62682675247527,0.7719448385103433,5.172413793103448
1,1,160200,8.797317342543968,527.54579664122,0.03549236587310567,7.799999999999202,111.83064484647647,3354.919345394294,3.9355197331851026,8.788637606161672,9.149011353427584,0.3603737472659132,111.78151195723075,0.16841665330186828,5.472747497219133
1,1,162000,7.664230094836633,459.5983313537034,0.0014829087095423097,6.92603782836965,112.03645989267523,3361.0937967802565,2.9016120066703723,7.660193628738914,7.74128512246246,0.08109149372354629,111.97630578756568,0.7570540728662962,3.0700778642936597
1,1,163800,8.121683509547571,487.03028778920265,0.0015535733946974194,7.305477397132051,114.69572221103527,3440.8716663310583,3.168426903835464,8.12017077145513,8.710587677205273,0.5904169057501427,114.6590103260295,0.5641449369431228,3.5706340378198
1,1,165600,7.729309956482412,463.50095372372857,0.004927640020549113,6.661080993352211,114.66253937855096,3439.8761813565293,4.102279043913285,7.729767571219089,8.1518461329154,0.4220785616963112,114.60423308436995,1.3451056711498453,4.037819799777531
1,1,167400,7.512597777221101,450.50544670735866,0.001997756090582078,6.599999999999966,112.01739823158742,3360.521946947623,4.352418010005558,7.51418584472296,7.70001892136306,0.1858330766400993,111.97308357790777,1.3514353793978486,4.471635150166852
1,1,169200,9.121130546143073,546.963795083713,0.0006367542028847988,8.14984662432389,115.54687659351319,3466.4062978053958,4.152306837131739,9.11405646431788,9.184454921001493,0.07039845668361355,115.52036753334738,1.9175163881303021,4.404894327030034
1,1,171000,8.787654015470094,526.96631912769,0.0028448366212469375,7.500000000000323,114.95095064199839,3448.528519259952,3.952195664257921,8.781830405570553,9.087844012773688,0.30601360720313586,114.90863252022623,1.1615988238377568,4.671857619577309
1,1,172800,7.67088136170907,459.9971856571539,0.004945574929253341,6.661080993352096,115.31064529230231,3459.3193587690694,4.002223457476376,7.665302017532981,7.940890135063574,0.2755881175305932,115.26949404687886,0.26810946763181676,5.372636262513905
1,1,174600,6.72372526988077,403.1993920171835,0.007617975574342293,6.067124524848359,110.73472219692475,3322.0416659077423,2.718176764869372,6.720648354608462,6.98356803675465,0.2629196821461872,110.75681953462751,1.538802730818709,2.8031145717463852
1,1,176400,7.421744833625577,445.0572985230805,0.007892991814104338,6.489992295835426,113.9183267566314,3417.549802698942,3.168426903835464,7.424692789404258,8.481748678197668,1.05705588879341,113.9664903275592,0.49939609343208957,3.0367074527252504
1,1,178200,6.839745323225107,410.1567278827322,0.010621271871958084,6.264183905346922,111.56916654651421,3347.074996395426,2.668148971650917,6.841177995195163,7.432954032036783,0.5917760368416198,111.57903989858104,0.6318182193079949,2.969966629588432
1,1,180000,6.833100501253158,409.758260058481,0.0030265681030009965,6.029925372672141,113.74132258404936,3412.239677521481,2.9016120066703723,6.828759262667365,7.416469756028232,0.5877104933608672,113.67243847564006,0.022964763888431605,3.170189098998888
1,1,181800,7.618544993065799,456.8587480841791,0.0020585763225679067,6.606814663663526,113.07122589858109,3392.136776957432,3.802112284602557,7.614797696990304,7.79312279101528,0.17832509402497632,113.19743945596811,0.9846607932529423,4.57174638487208
1,1,183600,6.90147681937874,413.8585599354118,0.0062323746949732375,6.299999999997681,112.42603665204996,3372.7810995614986,2.801556420233463,6.901775771430298,7.121801978293186,0.22002620686288754,112.45139317046215,0.9334377698777203,2.7697441601779755
1,1,185400,8.141112284536538,488.1953666627078,0.005346651971128762,7.224956747276736,114.37123001270416,3431.136900381124,3.335186214563646,8.14325119775431,8.290167038997945,0.14691584124363422,114.50087109498914,1.9799710436407736,4.171301446051168
1,1,187200,7.838668709376397,470.0588336056046,0.007175499144225146,7.061161377564407,112.00152424590314,3360.0457273770935,2.951639799888827,7.840312214677034,8.055855473694464,0.21554325901743043,112.03523327325789,1.6640327806968642,3.403781979977753
1,1,189000,7.939320905850808,476.0946103208535,0.006550962635941691,7.224956747275639,113.58000410709431,3407.4001232128294,3.168426903835464,7.933725422483651,7.947768108593065,0.01404268610941406,113.63860592672367,2.7535146718544183,3.7708565072302562
1,1,190800,7.352273955997466,440.89136156131474,0.002232584412387821,6.606814663663352,113.7793006208777,3413.379018626331,2.9182879377431905,7.352467895618178,7.516785642973115,0.16431774735493798,113.8069341461696,0.46451674229239615,3.2703003337041157
1,1,192600,7.662880331008475,459.5173905161415,0.00603089108582938,7.130918594403373,112.35853820622951,3370.7561461868854,2.1178432462479155,7.656078282482829,7.84888592664118,0.19280764415835083,112.27429389456333,1.417369546276909,2.4694104560622914
1,1,194400,7.777939832800152,466.41712530691586,0.005431442897261946,7.200000000000273,112.96655302547593,3388.996590764278,2.4847137298499167,7.779189117092935,8.105701458131183,0.3265123410382471,112.90768358238917,1.3108784562466127,3.003337041156841
1,1,196200,9.055752145841636,543.0432703456368,0.001156762242135459,8.469356528094833,115.64684302439545,3469.4052907318637,2.317954419121734,9.049634558661332,9.058637378276424,0.009002819615093749,115.59154976642108,0.1563615495519457,2.3025583982202447
1,1,198000,9.292849324284525,387.5118168226646,0.009295198980735208,8.532877591997128,112.89006739716483,3386.7020219149454,2.4700239808153475,9.456646507534852,9.871135960020718,0.41448945248586444,113.25013944572353,0.8610207075312459,2.8205128205128207
2,1,1,95.90310309431442,5750.98941555572,0.007821022804101053,69.00586931558996,24.11474784046243,723.4424352138731,7.287381878821567,95.88256482709883,101.06695989863817,5.184395071539335,24.17872843832211,1.6494229686596622,7.8086763070077865
2,1,1801,120.19274445961604,7207.558242761641,0.01396059434476015,98.1128431959831,20.62899402795042,618.8698208385127,5.403001667593107,120.20182093592433,142.18671240245556,21.984891466531224,20.67182134725884,2.641794628791912,6.874304783092326
2,1,3601,101.84244383148435,6107.151881761344,0.02744412969135832,82.83042919121047,26.21141370656829,786.3424111970487,5.669816564758198,101.78157537300015,107.25677937129382,5.475203998293658,26.19776811932584,3.0803322899137697,6.006674082313682
2,1,5401,127.76850000409328,7661.85105024546,0.013772247666792435,112.86460915628072,21.650658679851016,649.5197603955305,4.05225125069483,127.75584727594023,136.8227570417579,9.066909765817677,21.656785896292607,1.631724609286227,5.005561735261402
2,1,7201,103.7488457290578,6221.472448885832,0.013428766870400184,76.93698720381536,24.71691444832385,741.5074334497154,7.153974430239021,103.7873405267743,133.5936897449445,29.80634921817019,25.049299382461513,4.694348365450736,7.775305895439377
2,1,9001,132.02148121272745,7916.888156723224,0.019980514207506885,111.91568254717383,19.391256282832718,581.7376884849816,4.936075597554197,132.07538352272866,148.42433491420422,16.348951391475573,19.36679870678404,2.0021988083617455,5.839822024471635
2,1,10801,126.31246946508986,7574.537752256555,0.06442328203753972,107.28135905179441,26.241105806819775,787.2331742045934,5.219566425792107,126.36293102763572,140.12037413181451,13.75744310417879,26.230435888814306,4.47263904057011,5.8731924360400445
2,1,12601,112.08182681109267,6721.173547771858,0.016069227605616784,93.3245948290151,25.57855099362453,767.3565298087359,5.853251806559199,112.14416375592643,113.88953329646583,1.7453695405394072,25.832748479468933,4.2726811450441975,6.3070077864293665
2,1,14401,129.72446545151394,7779.143778242453,0.027860755831849625,113.65368449812836,22.51543280277048,675.4629840831145,4.285714285714286,129.72369907928234,131.24892748597838,1.5252284066960442,22.72444432992136,5.597541176200886,4.471635150166852
2,1,16201,107.58719946786003,6451.64572808934,0.062318144685080096,86.81255669544545,19.83691025153135,595.1073075459406,5.8866036687048355,107.57778276435468,122.10214800104315,14.524365236688467,19.856210891751644,1.6804157903460055,6.607341490545051
2,1,18001,116.12894819150843,6963.865926550789,0.05392773970606995,97.88140783621793,18.30766993122052,549.2300979366155,5.319622012229016,116.16247286288564,125.35928457939535,9.196811716509707,18.28281001428328,1.0834209774940327,6.273637374860957
2,1,19801,105.56978643157834,6330.668193013647,0.004923138249131125,84.39443109589664,19.390562004961847,581.7168601488555,6.203446359088383,105.5686460650794,106.41084266793004,0.8421966028506276,19.396986919929937,2.1168118761079793,6.7074527252502785
2,1,21601,95.00150191128013,5696.923397946433,0.05765140517268652,71.81100194259986,16.890147369671535,506.70442109014607,7.2040022234574765,95.03172539110116,104.82261480743463,9.790889416333464,16.878490377109504,1.837091385746576,7.174638487208009
2,1,23401,148.08379032665533,8880.091293255096,0.027393804277898184,131.91986203752654,14.914518760048878,447.43556280146635,3.30183435241801,148.09889350006694,150.07883396293124,1.9799404628643202,14.853305618205809,1.7258752802471022,3.470522803114572
2,1,25201,116.95843475710913,7013.607470934642,0.024741435924899267,94.01494562036659,22.2649928423477,667.9497852704309,6.470261256253474,116.99462577055041,139.64862944083612,22.65400367028571,22.131041768273963,7.155829260530932,7.074527252502781
2,1,27001,88.16134066701261,5286.74172866519,0.05021465676354312,65.48320395338052,25.39193806115331,761.7581418345992,7.420789327404113,88.19902282443473,97.25277770447224,9.053754880037495,25.36664580035266,0.7225527687269171,7.4082313681868746
2,1,28801,103.1352676724465,6184.678218091041,0.00613729131562641,84.95563548111514,19.176881059496615,575.3064317848986,6.120066703724291,103.16830440303355,119.98487517930904,16.816570776275498,19.126865210150555,3.7952925497214363,6.774193548387097
2,1,30601,90.34921679016496,5417.941366850226,0.06725207678390668,70.08773073798143,28.991056774211057,869.7317032263317,7.037242912729294,90.32478770741379,95.28145754706661,4.956669839652818,28.08276159909767,6.836342889398612,7.10789766407119
2,1,32401,88.77703581596217,5323.662914430531,0.09274390630213042,64.94705536050184,31.473215306932943,944.1964592079883,7.837687604224569,88.82260644069262,89.11703061838247,0.29442417768985507,31.38154933444057,0.07616145694799137,8.509454949944383
2,1,34201,74.10092983119388,4443.58575887726,0.12501117848923907,57.85568252125251,37.49746215337584,1124.9238646012755,6.303501945525292,74.12809846145939,78.549155188313,4.421056726853614,37.52780605794938,0.15901594592090262,6.907675194660735
2,1,36001,70.28585029341643,4214.808155928538,0.037848028232919,52.39704190123387,27.501933174725384,825.0579952417615,6.903835464146748,70.2010876222236,84.02891664542058,13.827829023196987,27.552605338854327,5.954805737503392,7.8086763070077865
2,1,37801,68.11964808166249,4084.9082299636934,0.019969202714693938,50.92582841741601,38.13747919756507,1144.124375926952,7.037242912729294,68.14234997252998,70.3609626311388,2.2186126586088193,38.16108365600917,3.1939322177620717,7.608453837597331
2,1,39601,35.17851756575141,2109.538436692893,0.03009017645440593,15.591343752223404,71.47093510674053,2144.128053202216,9.371873262923847,35.17251805419692,50.31304270854296,15.140524654346036,71.10932946297505,12.607372923807386,10.044493882091214
2,1,41401,30.324320518670177,1818.4484204362548,0.04381741934332881,17.28843544106522,72.49096364065876,2174.728909219763,8.237909949972206,30.333640773204745,40.10607402538541,9.772433252180665,72.19667908829763,17.984505010992446,7.241379310344828
2,1,43201,53.74242397514592,3222.7540243762496,0.04787091656944195,35.46857764275219,51.42394022137684,1542.7182066413052,7.6876042245692044,53.71067337392934,53.83440289756438,0.12372952363504197,51.469160233363986,3.9341616673806072,8.075639599555062
2,1,45001,56.271175297509686,3374.394812007331,0.015702978063012345,34.908451698695124,48.44165152174697,1453.249545652409,8.538076709282935,56.211392464208274,59.718380759932494,3.50698829572422,48.49212153909357,0.28943363267082844,8.776418242491658
2,1,46801,55.96054140932158,3355.767133178984,0.031038045221522228,39.368642343875834,48.53021051226416,1455.906315367925,7.404113396331295,55.985787345048514,56.028918590155556,0.04313124510704114,48.5147499637488,1.675733297643994,7.374860956618465
2,1,48601,73.14668479617234,4386.3628649438015,0.005603196362841549,55.68213357981437,38.58456700902208,1157.5370102706624,6.720400222345748,73.07219778300048,78.78201308507666,5.70981530207618,38.61171997885356,3.0591980109008112,6.907675194660735
2,1,50401,67.74832275690045,4062.6410879887967,0.035506652438400656,50.539984170950746,41.178436402695084,1235.3530920808528,7.554196775986659,67.74727097395822,70.43092763710604,2.683656663147815,41.21002807015306,4.0380443145161955,7.374860956618465
2,1,52201,77.84545344406348,4668.132358195674,0.009051547107800711,60.76462786852374,39.39293646119748,1181.7880938359242,8.121178432462479,77.86726653846765,121.4288374983674,43.56157095989975,39.69394228259607,24.4701602097456,10.878754171301447
2,1,54001,13.432432796726664,805.4982200437089,0.05388934178843551,9.261209424260626,70.08509711038644,2102.5529133115933,7.120622568093385,13.431501105304143,14.427431677095784,0.9959305717916402,70.10408501872206,3.125934073836113,7.508342602892102
2,1,55801,11.910176132263338,714.2135620647248,0.047099679789299465,7.782673062644254,75.47884553918604,2264.365366175581,7.837687604224569,11.907121399292002,12.892412696395107,0.9852912971031058,75.56734746391743,7.600117844464556,7.508342602892102
2,1,57601,13.125853110494642,787.113658192662,0.032665284138178395,9.00499861188257,67.82755286428822,2034.8265859286469,7.07059477487493,13.1302014482625,13.477171071212462,0.34696962294996236,67.72658617912704,2.195027938942502,7.10789766407119
2,1,59401,8.273748765657897,496.1491343139519,0.05534538492358729,5.824946351684164,98.56065782303045,2956.8197346909137,5.136186770428015,8.272558451859808,9.004118699689855,0.7315602478300467,98.63944006224938,3.3452374237686726,6.10678531701891
2,1,61201,10.851084136198489,650.7033453673696,0.10323541554240791,7.003570517957893,91.25615148619455,2737.684544585837,7.137298499166203,10.855345560220949,12.881467905172224,2.0261223449512755,91.11491105353733,8.412742465557422,7.374860956618465
2,1,63001,11.046955994428695,662.4491277992406,0.05682810337193765,7.212489168103743,93.0758314248634,2792.2749427459016,6.870483602001111,11.050855254039543,11.393953311889215,0.34309805784967207,93.04018175222154,3.42958959704918,7.174638487208009
2,1,64801,11.099500506522762,665.6000470411483,0.039308865727307844,7.500000000000341,101.42430118016907,3042.729035405072,6.253474152306837,11.101284562498147,13.533014644411983,2.4317300819138357,101.39535427788977,4.734213056526393,6.206896551724138
2,1,66601,37.57000982609191,2252.9482559046455,0.007071313102178942,16.412495239907017,76.92034914668574,2307.6104744005725,10.906058921623124,37.56124781633558,62.754256222687886,25.193008406352305,75.51484943172204,25.42702470112915,6.473859844271413
2,1,68401,68.89966164563285,4131.683043349783,0.0057034050906501115,44.238557842677096,44.81657842522886,1344.497352756866,7.871039466370205,68.92208789588634,83.87439222320086,14.952304327314529,44.801069052045364,5.331504013128889,7.64182424916574
2,1,70201,32.97606690188474,1977.464811883022,0.1370891371539398,23.522754940694412,61.210637874571205,1836.319136237136,7.1873262923846575,32.945444553199415,35.699981889385036,2.7545373361856225,61.14422011495759,1.0870467075001322,7.074527252502781
2,1,72001,29.495522233471696,1768.7481499338528,0.28382079699925566,19.386593305684155,68.51151775465203,2055.345532639561,7.604224569205114,29.508387395430983,31.37358358246911,1.8651961870381264,68.4678644508507,2.3037776879489016,7.975528364849834
2,1,73801,59.89350389040132,3591.613783294399,0.10937593010830499,39.20369880508519,47.17737061592804,1415.3211184778413,7.73763201778766,59.90904082384126,64.51151981258242,4.6024789887411615,47.169484418906585,3.867063645983265,8.509454949944383
2,1,75601,41.64781457018516,2497.480613725437,0.13486776450184115,32.701376117832716,54.70450362025081,1641.1351086075244,5.603112840466926,41.65153918026208,43.352598393142216,1.7010592128801392,54.61484811796525,0.06799713568207011,5.8731924360400445
2,1,77401,54.65898544149213,3277.7171603081442,0.15930162204226408,31.017736861350343,51.234908856967394,1537.047265709022,8.721511951083935,54.67829122858314,65.7277912395302,11.049500010947064,51.229044341831994,1.6568607297981544,9.243604004449388
2,1,79201,46.56381243161943,2792.2766188161117,0.03501106197797587,31.914416804948683,53.784750145920846,1613.5425043776256,8.087826570316842,46.542796367065385,47.34592851072641,0.8031321436610241,53.825702045707146,0.11151098853622088,9.810901001112347
2,1,81001,34.60253149904406,2074.9984722260087,0.01077159682501672,23.52275494069537,61.006232779645075,1830.1869833893522,7.987770983879933,34.561093263987516,35.57665261947857,1.0155593554910602,61.032182474348396,1.4644114911942552,8.70967741935484
2,1,82801,31.715155949352987,1901.8521850962006,0.08071470406844168,16.260996279439087,63.97933481167052,1919.3800443501157,9.505280711506392,31.731851221696985,32.277419182512304,0.5455679608153208,63.99046755593552,1.4294470664129264,9.410456062291436
2,1,84601,28.539542939591374,1711.4212582774958,0.15152572948800372,15.945218719104478,74.67096929451543,2240.1290788354627,7.63757643135075,28.548889423801732,29.563715176215936,1.014825752414204,74.63405681507967,1.3126953219048119,7.5417130144605125
2,1,86401,24.689750003500535,1480.5620085432488,0.13548994169636883,14.773286702691456,81.41219594767884,2442.3658784303652,7.053918843802112,24.703108696275983,25.512933729649475,0.8098250333734942,81.42170258505,1.2344455644397812,7.608453837597331
2,1,88201,22.739543273495546,1363.6146116339496,0.20347212565404585,12.431009613060903,83.57351850594775,2507.2055551784324,7.787659811006114,22.690724951692616,25.748036462806635,3.057311511114019,83.59055583377712,3.785412317849975,9.010011123470523
2,1,90001,23.596031053834302,1414.9753288615968,0.12789391778716305,12.886038956949387,73.90277372186021,2217.0832116558063,8.504724847137298,23.604227459405877,25.36836323941453,1.7641357800086528,73.88536873379445,5.045303850218552,8.67630700778643
2,1,91801,33.9610368011031,2036.530173506149,0.1512848921327742,19.388914358469247,56.06489488931227,1681.946846679368,9.121734296831573,33.97187106958904,41.571555446408915,7.599684376819873,56.06642963516568,8.472533494251444,9.911012235817577
2,1,93601,43.24921544470929,2593.511286167734,0.10727929098259953,25.101593574910773,51.23792436135422,1537.1377308406265,8.071150639244024,43.17541892524196,48.72758418348769,5.55216525824574,51.29036810583456,4.443517573013029,8.309232480533927
2,1,95401,33.66890016625554,2019.0117133031238,0.07197998978621313,16.445364088397998,61.58534974469934,1847.5604923409805,9.038354641467482,33.66822367000094,40.7979063164095,7.129682646408564,61.71751939482327,5.873401130705684,8.943270300333705
2,1,97201,30.48721159736533,1828.216455455341,0.1244174189370407,5.316013544000878,99.60834369913314,2988.250310973994,7.92106725958866,30.50416777734162,45.365440426316454,14.861272648974834,99.6538958645929,7.789420293614519,7.4082313681868746
2,1,99001,5.944226292843331,356.4554366941718,0.12075041890462591,4.295346318982334,108.42908455499168,3252.87253664975,3.7020566981656473,5.942659205620272,6.33677925104899,0.3941200454287186,108.39410292779695,1.3216274873071612,4.338153503893215
2,1,100801,5.775950090146526,346.36447373911994,0.01830450876563641,4.500000000000682,108.27770481575126,3248.3311444725373,3.7187326292384655,5.77302744515411,5.858559623467028,0.08553217831291793,108.21668280365571,1.0196218660037957,3.971078976640712
2,1,102601,5.924127498387444,355.2501789866337,0.0673564681197357,4.429446918070611,106.74348883086108,3202.304664925833,4.385769872151195,5.924019213672249,6.615002672213869,0.6909834585416204,106.65355688635799,1.9319841843393064,5.038932146829811
2,1,104401,6.3639869678391525,381.6270851714211,0.07520865616189952,4.80936586256345,106.0632392345452,3181.897177036356,3.685380767092829,6.361536018520592,6.494341210046992,0.1328051915263999,106.04677602479174,2.266099525229116,3.971078976640712
2,1,106201,5.649802938833188,338.79984956536356,0.1022172565533095,4.080441152622,105.87657791915899,3176.2973375747697,4.085603112840467,5.652444653482151,7.112969922047773,1.4605252685656218,105.89118258931846,4.844398710678959,4.6384872080088995
2,1,108001,4.77188439003611,286.15400058916543,0.11854594610426572,3.6496575181789765,108.1496725255676,3244.4901757670277,3.6353529738743746,4.77359452803121,6.2492383590501905,1.4756438310189803,108.09049579147526,0.5295674158622745,3.470522803114572
2,1,109801,5.191773676506281,311.33336146782665,0.12092336169042817,4.080441152621686,108.82546106415951,3264.7638319247853,3.035019455252918,5.185304090191006,5.323307212342795,0.13800312215178856,108.84937098066595,0.15434433059940744,3.0700778642936597
2,1,111601,5.7320990266149305,343.734871629342,0.10608740821486064,4.3680659335676175,109.50072576510908,3285.021772953272,3.5853251806559197,5.734072367026404,6.32346818934953,0.5893958223231257,109.51712702580059,0.3698511559214168,4.3715239154616246
2,1,113401,4.7886318741585985,287.1582913870439,0.11891882148163191,3.6249137920788854,111.33989170714112,3340.1967512142337,3.4685936631461924,4.790127220028541,6.0204050019986886,1.2302777819701471,111.36613278787183,1.8054149603264804,4.137931034482759
2,1,115201,4.1486244621000425,248.7791802439326,0.029224941795511654,3.649657518179117,110.87729867122945,3326.318960136884,2.518065591995553,4.148075770015232,4.452957533778932,0.3048817637636989,110.87505701189038,1.167170288231432,2.7363737486095663
2,1,117001,5.735455077062144,343.93612278782655,0.05305198147199303,4.6957427527491005,111.40015081712465,3342.00452451374,3.385214007782101,5.732962209018487,5.9071240677637356,0.17416185874524848,111.39370741605079,0.8331254598593745,3.0367074527252504
2,1,118801,4.621522014526575,277.13727013777697,0.04074408654732996,3.9458839313895537,113.2812976047254,3398.438928141762,3.4018899388549193,4.622912560505978,5.534806513098624,0.9118939525926457,113.23348289633056,0.9843763895726738,3.170189098998888
2,1,120601,3.7824219873042817,226.81923850534676,0.00026452782574961297,3.4205262752975933,114.35704423512617,3430.711327053785,2.884936075597554,3.7830147606334608,3.8424482799671895,0.05943351933372898,114.38272087300717,1.55697506896756,3.0700778642936597
2,1,122401,3.7530524125606317,225.0580430065525,0.0014903275268202839,3.511409973215098,112.29628319974327,3368.888495992299,2.1178432462479155,3.7537945566585567,3.8676695704373745,0.11387501377881759,112.27791074861352,0.22324388554905994,2.235817575083426
2,1,124201,3.805848013487784,228.22401920881748,0.0007252937449189647,3.5114099732161907,113.84233660388816,3415.270098116645,2.234574763757643,3.803475195682025,3.9599299719773144,0.15645477629528948,113.78559285757979,0.5496097309558792,2.235817575083426
2,1,126001,5.710694501397392,342.45131360046366,0.09405118670889258,4.45982062419574,110.2508467540055,3307.525402620165,3.0183435241801,5.7133987096087235,6.025919762842973,0.31252105323424884,110.28626920796856,2.5278744410412983,3.2369299221357064
2,1,127801,5.515568297850869,330.7502455944571,0.0323453955440308,4.695742752749863,111.07098022543089,3332.1294067629265,2.951639799888827,5.516525380779483,5.753253666545068,0.2367282857655848,111.09353658353695,2.0795495096251244,3.003337041156841
2,1,129601,4.641588915663522,278.3406153092892,0.058962047318441,3.6124783736379436,110.21262599639779,3306.3787798919343,3.6020011117287383,4.643002480132745,5.1319900875944535,0.4889876074617079,110.23999676585345,1.0457995281277022,3.403781979977753
2,1,131401,5.2571371869750125,315.2529933122683,0.022238733618229697,4.5000000000001705,114.46522788142185,3433.9568364426564,3.2518065591995553,5.258715863205539,5.319903276640587,0.0611874134350483,114.50992400214442,1.319473387893055,3.7041156840934373
2,1,133201,5.372077133524031,322.1455587736577,0.03292997995187154,4.589117562234182,112.8231735748571,3384.6952072457125,2.4346859366314617,5.3726355379733945,5.615829751685092,0.2431942137116967,112.88454752950518,0.794254683890955,2.8364849833147945
2,1,135001,5.206925570148875,312.2419700232608,0.034417521797980355,4.429446918068995,113.44348926541313,3403.304677962394,3.2017787659811003,5.207757678328569,5.543434559266688,0.33567688093811787,113.47828957816837,1.1557144131731292,3.2369299221357064
2,1,136801,5.418529581552749,324.93115724044657,0.020017513889100943,4.837354648978961,113.47481120801952,3404.244336240585,2.534741523068371,5.419225241388522,5.6256993290853945,0.20647408769687292,113.54899274323522,1.4110489202849976,2.5695216907675196
2,1,138601,5.411642775198939,324.5181784194298,0.08930656188929255,4.242640687119045,109.95891020010676,3298.7673060032025,3.385214007782101,5.409512569244962,5.438258847144875,0.028746277899913686,109.97885975003335,1.5545262010207352,3.937708565072303
2,1,140401,4.896477739918093,293.62544847042165,0.024762268316052854,4.429446918069803,114.30139186380366,3429.04175591411,2.4180100055586435,4.897626952042844,4.977104852998796,0.07947790095595142,114.2908208855111,2.775004459847729,3.103448275862069
2,1,142201,4.356127054705785,261.2224190471903,0.0991192883871208,3.4205262752975933,110.03063988080962,3300.919196424288,3.218454697053919,4.357494552179981,4.541327630905243,0.18383307872526133,110.05334045971355,0.6837469114564101,3.7041156840934373
2,1,144001,6.502852436174895,389.9543844226213,0.08068151915167787,4.6861498055445345,108.04574588293303,3241.372376487991,4.319066147859922,6.504378500251833,6.5744173559013195,0.07003885564948664,108.0399348418795,1.5235410602874708,4.538375973303671
2,1,145801,4.399924897950375,263.8488297137575,0.0366822318430031,3.624913792078815,112.03984807367834,3361.195442210351,3.185102834908282,4.400598357991605,4.788999032629374,0.3884006746377695,112.00128518732609,3.232827224141417,3.870967741935484
2,1,147601,4.158535545010298,249.37351484911753,0.011554300372239852,3.710795063055828,113.46588947799117,3403.976684339735,2.7015008337965534,4.160514708272261,4.303170339888996,0.14265563161673445,113.46776734600284,0.8218625485269797,2.703003337041157
2,1,149401,5.962782702502822,357.56820272675253,0.056123752088929404,4.429446918070611,111.4444369327671,3343.333107983013,3.9021678710394663,5.959487827669012,6.096905578506046,0.13741775083703445,111.46949840984911,1.1430388569111898,4.204671857619577
2,1,151201,5.273806453802851,316.2525936797109,0.01955006348625692,4.326661530557109,114.09580525669251,3422.8741577007754,4.235686492495831,5.270954865905067,5.770474024615899,0.4995191587108314,114.08965559415724,0.7649547549883806,3.971078976640712
2,1,153001,3.7272188007038047,223.50888741553814,4.4740950195093386e-05,3.313608305156561,112.2045116909371,3366.1353507281137,3.685380767092829,3.7271550322156193,3.8986465745486143,0.17149154233299502,112.22841334677383,1.4495018905518862,4.137931034482759
2,1,154801,3.9367661175478923,236.0747415156219,0.005242486651609007,3.6124783736378014,113.93517589222931,3418.055276766879,2.317954419121734,3.9384550864675525,3.9708190674144053,0.032363980946853,113.88298371268385,0.918106633994654,2.9365962180200222
2,1,156601,4.221211619008354,253.1319900865343,0.0006246301897850132,3.9458839313895537,114.36158981687875,3430.8476945063626,2.2679266259032795,4.220969104664713,4.257314927951143,0.036345823286430434,114.35245435951319,0.059676215884159944,2.3692992213570636
2,1,158401,4.250615605690625,254.8952491545811,0.00044731136766204094,3.9115214431214325,115.24377890558402,3457.313367167521,2.501389660922735,4.250427339863848,4.27998478145247,0.02955744158862128,115.21607086497174,0.37261518010963357,2.5361512791991103
2,1,160201,4.035635994227689,242.00363845385377,0.00022252412573360838,3.7107950630560347,115.1897447059581,3455.692341178743,2.4180100055586435,4.032643904738447,4.10110562983121,0.06846172509276305,115.1904567894801,1.5306323712087107,2.8364849833147945
2,1,162001,4.175134494669413,250.36889853034245,0.0008868355231624224,3.8418745424610083,114.20643124420026,3426.1929373260073,2.1845469705391882,4.173490565804155,4.204404729388795,0.03091416358463972,114.2071504903538,1.054808839744254,2.2691879866518354
2,1,163801,4.258883371750774,255.3910395259881,0.0002740894908841426,3.9115214431218246,115.4819659489359,3464.458978468077,1.9010561423012784,4.254898512859203,4.329355898493895,0.07445738563469195,115.47141867798193,0.49694800580567744,1.935483870967742
2,1,165601,4.18419949417088,250.91249633378044,0.0003759868986159676,3.8418745424604763,116.04975396580636,3481.4926189741905,2.4680377987770985,4.183450035227496,4.309491389230355,0.12604135400285932,116.07556063387786,0.4369782326110965,2.703003337041157
2,1,167401,4.228539457221312,253.57141611803797,0.001382533442554755,3.911521443121498,115.64454010841719,3469.336203252516,2.2846025569760977,4.228621825577597,4.232069838249587,0.0034480126719902415,115.63408010781828,0.797204945284463,2.502780867630701
2,1,169201,4.303506127698617,258.0669174576604,0.0006260195836241798,4.002499219239181,112.29035391933182,3368.7106175799545,2.001111728738188,4.303890459041254,4.317399386714847,0.013508927673592908,112.33077531950073,0.1334519278736579,2.7363737486095663
2,1,171001,4.433648186263234,265.87110290291855,0.0004947113956483019,4.080441152621686,115.72979093632793,3471.8937280898376,2.518065591995553,4.435215538178765,4.561198361141976,0.1259828229632114,115.72576653607149,0.3319549935320296,3.170189098998888
2,1,172801,4.411787526618753,264.5601920129046,0.0008920785573540091,4.036087214122688,114.87541834287981,3446.2625502863943,2.518065591995553,4.4128960417478575,4.48643570085028,0.07353965910242266,114.87804659677909,0.2944673842069889,2.502780867630701
2,1,174601,4.303231854208954,258.05047019073027,0.0003894538775183076,4.002499219237775,114.60402295612664,3438.120688683799,2.4013340744858254,4.302521570161616,4.335307998498939,0.03278642833732315,114.64576258930907,1.1506650214443255,2.636262513904338
2,1,176401,4.389520530485602,263.22491447811996,0.0002893256939966124,4.080441152620997,114.7410945280973,3442.232835842919,2.1178432462479155,4.391127605307895,4.450201860461935,0.05907425515403952,114.75572803552257,0.23064186402577036,2.1690767519466077
2,1,178201,4.450759012440598,266.8971821126878,0.005071985497758219,4.080441152620182,115.0281025841398,3450.843077524194,2.718176764869372,4.449198793886078,4.627966600453587,0.1787678065675098,115.00164209948235,1.2236771018164347,2.7363737486095663
2,1,180001,5.023345039081624,301.2332575102614,0.0078107928939295385,4.5694638635181075,115.6376451100093,3469.129353300279,2.651473040578099,5.025392705517987,5.0575566038252,0.032163898307212335,115.65720694467697,0.20353811102454955,3.3036707452725254
2,1,181801,4.310644480436619,258.4949806768493,0.001547418827834332,3.9458839313895537,114.27756900853493,3428.327070256048,2.818232351306281,4.310185899596712,4.516635917456933,0.20645001786022021,114.2633167988829,1.027419840574332,3.203559510567297
2,1,183601,4.06011322809374,243.47145657802122,0.005280981478925818,3.75898922584296,111.43668059432056,3343.100417829617,2.684824902723735,4.0606535085085325,4.099224111703848,0.03857060319531591,111.48458491359548,0.024187737452159297,3.5038932146829813
2,1,185401,4.293368733138318,257.45901169719446,0.00012282645067741705,4.024922359499774,115.4124742454208,3462.3742273626235,2.0344635908838242,4.293719902242,4.69223719336558,0.39851729112358014,115.42480842303738,2.0010842402737907,2.03559510567297
2,1,187201,4.462899651202166,267.6252157504232,0.005186836495428175,4.1677331968349565,112.9719089705987,3389.157269117961,2.1345191773207337,4.464201975622434,4.513432796214217,0.049230820591783075,113.03033490017486,0.0054399167102943125,2.636262513904338
2,1,189001,4.4742677829952795,268.30692472028363,0.0011607908754967926,4.178516483154619,115.31006519488162,3459.301955846448,2.1011673151750974,4.475173354679843,4.57990461008597,0.10473125540612704,115.2645150329945,1.024678139784939,2.3692992213570636
2,1,190801,4.5308079446078775,271.6974497449857,0.0009383635213320257,4.26380112106583,114.50834651016842,3435.2503953050527,2.017787659811006,4.530306040748992,4.553554300013723,0.023248259264731175,114.49711070958995,0.4270253358946192,2.235817575083426
2,1,192601,4.759963643629765,285.43915316299825,0.0005649020226523116,4.5000000000001705,114.98347623159151,3449.504286947745,1.7843246247915507,4.757683927171195,4.91034070451113,0.15265677733993543,114.96169548403115,1.657882155647087,2.1690767519466077
2,1,194401,4.503225105870045,270.0433988486737,0.0005505066522899239,4.242640687118803,112.51920011969098,3375.5760035907297,1.7509727626459144,4.503713599370485,4.544273305815798,0.040559706445312926,112.51460757254378,0.8542233767707685,1.8687430478309233
2,1,196201,4.592778470141224,275.413615592802,0.0013687106052764695,4.295346318982334,115.22795693523658,3456.8387080570965,1.9844357976653695,4.591658316529698,4.682232115602178,0.09057379907247931,115.2299138098352,0.6446982995297077,1.9688542825361515
2,1,198001,4.760726942326413,198.3636225969339,0.00483250258273446,4.295346318982423,113.50067968071313,3405.0203904213936,2.976,4.925658773296719,5.297706300848492,0.37204752755177184,113.50779950481214,0.05698143294284108,3.085714285714286
