track_id,label,window_start_frame,avg_speed,total_distance,straightness,median_speed,mean_turning_angle,angular_velocity,jump_frequency
0,0,0,30.140111325701547,149.69588625098433,0.344819856853416,22.849288829195174,38.215790302892856,1146.473709086786,4.429530201342282
0,0,0,107.46516770841572,533.7436662851313,0.43415751790921964,85.52105004032816,23.380945792611367,701.4283737783409,5.8389261744966445
0,0,0,117.82842524986653,585.2145120743371,0.27134559659555746,96.0004687488554,13.971291334318003,419.1387400295402,5.8389261744966445
0,0,0,63.4019537337255,314.8963702108366,0.5361499043256273,41.72589124272733,31.903805714365383,957.1141714309615,7.651006711409396
0,0,150,53.184674965418466,264.150552328245,0.9094986242383442,41.83897704294324,32.431566875433276,972.9470062629983,5.033557046979865
0,0,150,127.15006467114647,631.5119878666942,0.7951531620996011,102.25556219590058,20.8285617133181,624.8568513995428,6.040268456375839
0,0,150,110.47783355174697,548.7065733070101,0.45245114816764903,80.79362598621304,19.152376972456715,574.5713091737015,7.651006711409396
0,0,150,42.52645563958283,211.21472967659474,0.3798618856402532,28.260573242595424,58.40472553076789,1752.1417659230372,7.046979865771812
0,0,300,55.00371920842175,273.18513873516144,0.25560234755412137,22.7070473642004,28.881234136220407,866.437024086612,9.865771812080537
0,0,300,141.2463544250948,701.5235603113042,0.7129596481648871,129.51802963294386,11.476472343443893,344.2941703033167,2.61744966442953
0,0,300,94.75542195696815,470.6185957196085,0.09423843914355629,68.83676343350287,19.312526461704437,579.375793851133,7.449664429530201
0,0,300,72.35963394449585,359.3861819243293,0.8198834689864973,48.466483264210794,30.03876850559261,901.1630551677782,6.845637583892617
0,0,450,28.925146500785832,143.66156095390298,0.10110289576368167,20.580087463372163,37.2300956013616,1116.902868040848,6.442953020134228
0,0,450,100.87242391343082,500.9997054367064,0.5105433761760082,82.7831504594966,22.27584202522977,668.275260756893,5.6375838926174495
0,0,450,93.88363630253002,466.2887269692325,0.32324917165985534,67.19598202273752,24.84051759540722,745.2155278622167,7.248322147651007
0,0,450,93.31905655341816,463.48464754864347,0.7212160813838125,67.54864913527116,23.017826423995974,690.5347927198793,7.651006711409396
0,0,600,39.96260310941756,198.4809287767739,0.11985322387975952,20.795432190747434,36.6978155494998,1100.9344664849943,7.85234899328859
0,0,600,93.99057854898325,466.81987345995014,0.38471562614556115,74.59631358183697,32.58480688579984,977.5442065739954,6.241610738255034
0,0,600,106.74256000355774,530.1547146843368,0.08868964272689187,82.91513733933036,26.26244392684393,787.8733178053179,6.442953020134228
0,0,600,69.44480659873075,344.90920610702943,0.5671905022223314,50.09191551538113,23.63599953478518,709.0799860435554,7.449664429530201
0,0,750,46.6458649565314,231.67446261743927,0.16728485665047135,29.99549966245132,42.43608132835483,1273.0824398506452,6.442953020134228
0,0,750,62.14947970759122,308.6757492143697,0.4257665731397243,41.62222963753965,30.24075799816406,907.2227399449218,7.651006711409396
0,0,750,107.5047085863149,533.9400526453641,0.3037672966800682,86.59405291358136,23.479795811839434,704.3938743551829,5.033557046979865
0,0,750,64.2134667536147,318.9268848762863,0.5123190422914247,47.28403536078657,20.148731236008494,604.4619370802549,5.8389261744966445
0,0,900,67.70376617328955,336.26203866067135,0.23259122128765336,51.85836480260642,25.07236477705269,752.1709433115805,5.8389261744966445
0,0,900,108.65658655547905,539.6610465588792,0.034576018085527724,90.80638744053374,20.437117908006513,613.1135372401955,5.23489932885906
0,0,900,90.25757196920945,448.2792741137402,0.10107224339115262,66.87376167077885,21.23396543031778,637.0189629095335,6.241610738255034
0,0,900,74.60114581063988,370.51902419284465,0.40129899896846966,50.256939819291375,20.79234151782853,623.7702455348558,7.651006711409396
0,0,1050,38.59092250777914,191.668248455303,0.7486389997442295,17.88463027294718,37.16815506646204,1115.044651993861,9.060402684563758
0,0,1050,76.63013648339441,380.5963445341922,0.3095915858324572,56.412764513007005,26.767720745094515,803.0316223528355,7.651006711409396
0,0,1050,92.39837112591015,458.91190992535377,0.13839873677659714,60.811265403707026,29.6009043617178,888.027130851534,7.248322147651007
0,0,1050,81.09223440424176,402.7580975410674,0.5117834185535355,52.554828512706514,26.78243857148648,803.4731571445944,8.456375838926174
0,0,1200,31.52603072650617,156.5792859416473,0.5659205924366248,17.44133022449693,45.19240735568309,1355.7722206704927,7.248322147651007
0,0,1200,69.3738539270362,344.55680783761306,0.30382096763523875,54.29999999999882,18.637534331535942,559.1260299460783,5.6375838926174495
0,0,1200,107.75421047174227,535.1792453429865,0.26988586856877955,82.67000665295657,19.09079762834564,572.7239288503692,6.241610738255034
0,0,1200,64.19027934528575,318.8117207482525,0.4794305793528299,44.88485267882776,28.87094044467921,866.1282133403763,6.040268456375839
0,0,1350,25.83967007635117,128.33702804587747,0.38997279094724324,17.710166571775463,45.591114158222844,1367.7334247466852,5.8389261744966445
0,0,1350,108.08539065894291,536.8241069394164,0.2093281504292539,89.50715055234359,21.51999879403527,645.5999638210583,6.040268456375839
0,0,1350,87.87973600414755,436.46935548726617,0.3015427806594947,60.77869692581464,18.694355486392052,560.8306645917617,7.248322147651007
0,0,1350,52.45668314622395,260.53485962624563,0.2405039852579033,33.35940646954129,36.3944028114699,1091.8320843440972,7.449664429530201
0,0,1500,30.083249969278384,149.41347484741596,0.25686666370642897,21.652020690919233,38.57041435511386,1157.1124306534157,6.845637583892617
0,0,1500,87.82341491113729,436.1896273919819,0.24161054924162828,61.179408300505166,33.298974933590635,998.969248007719,8.25503355704698
0,0,1500,87.85785495947133,436.3606796320409,0.2372606112549172,60.989343331437695,20.515399150737366,615.4619745221211,8.657718120805368
0,0,1500,31.776886252635705,157.82520172142398,0.8517050982476798,23.378836583542302,35.656807323720955,1069.7042197116286,4.429530201342282
0,0,1650,58.23416453401687,289.22968385228387,0.8954999636524984,52.32829062753538,27.584457762038156,827.5337328611446,3.6241610738255035
0,0,1650,138.71510484271153,688.9516873854672,0.45686365558398895,119.24537726889048,14.318552015036847,429.5565604511054,4.832214765100671
0,0,1650,77.93265718229135,387.0655306720471,0.3169071866706996,52.92343526265185,28.93463047242721,868.0389141728162,8.053691275167784
0,0,1650,47.217337489613946,234.5127761984159,0.49757017488295563,30.605881787655946,25.172965037520985,755.1889511256296,6.845637583892617
0,0,1800,39.292465740448606,195.1525798442281,0.5611425584467333,21.560380330595898,32.2496834021681,967.4905020650432,8.25503355704698
0,0,1800,133.9037019270299,665.0550529042487,0.4938900402273461,115.9079807433462,21.525843580593143,645.7753074177944,5.8389261744966445
0,0,1800,87.48308703314619,434.49933226462616,0.4018025399392411,60.6897849724329,21.28190261379994,638.4570784139983,8.053691275167784
0,0,1800,68.00147373200124,337.74065286893955,0.43460860437308557,52.49314240927011,22.962627478679018,688.8788243603705,6.644295302013423
0,0,1950,52.250297251945355,259.5098096846619,0.3472333563080388,33.70830758136629,32.65629206198137,979.6887618594408,7.248322147651007
0,0,1950,108.61171148656551,539.438167049942,0.08692634917584431,96.8224147602213,18.364772294364208,550.9431688309263,5.23489932885906
0,0,1950,78.51076470311128,389.9367980254527,0.1591275107966638,55.1885857764095,22.13691506993121,664.1074520979364,7.248322147651007
0,0,1950,61.65377394082117,306.21374390607843,0.31116768331990674,46.69218350002366,19.756659361911957,592.6997808573586,5.8389261744966445
0,0,2100,86.39104514334875,429.07552421196556,0.07196059099144178,62.31340144784405,16.280982604308164,488.4294781292449,7.248322147651007
0,0,2100,111.93267469559625,555.9322843214611,0.6101024845512311,76.05162720152607,23.979837451833358,719.3951235550006,6.845637583892617
0,0,2100,116.21665671289628,577.2093950073848,0.6914832870706376,86.62055183384584,25.661441245979905,769.843237379397,7.449664429530201
0,0,2100,45.03497528114544,223.67371056302238,0.12776582009138612,28.899826989101566,28.483750544799115,854.5125163439736,6.442953020134228
0,0,2250,67.34239467892363,334.46722690532073,0.7064804610353466,48.682337659565064,21.656944621592366,649.7083386477711,7.248322147651007
0,0,2250,64.09298028611938,318.32846875439293,0.03712397527492761,30.74670714076841,28.899706751079204,866.9912025323763,10.46979865771812
0,0,2250,109.72347404066616,544.959921068642,0.13906694061442734,57.64529469089288,41.89672706236849,1256.9018118710549,9.664429530201343
0,0,2250,56.404642850701386,280.1430594918169,0.2506468846740586,39.90112780360757,30.55033413281496,916.5100239844489,7.248322147651007
0,0,2400,62.10902685730898,308.4748333913012,0.17079719987349387,44.09591817844502,24.523937460010515,735.7181238003157,7.248322147651007
0,0,2400,133.8537098904945,664.8067591227893,0.26958611185232895,121.82364302548012,21.42142880486646,642.6428641459937,4.026845637583892
0,0,2400,118.67453824558604,589.4168732864107,0.4612905793893752,64.33234023413044,20.850594152472272,625.5178245741682,9.261744966442953
0,0,2400,65.8501442879327,327.0557166300656,0.1818510799265409,45.8911756223348,24.439982405877526,733.1994721763257,6.644295302013423
0,0,2550,73.42541720128605,364.67957209972064,0.5718028901171434,50.63960900323069,17.44700735741119,523.4102207223357,7.248322147651007
0,0,2550,106.1193436162232,527.059406627242,0.294850046647483,89.27961693465959,28.709936709318747,861.2981012795622,6.644295302013423
0,0,2550,134.15847674728872,666.3204345115337,0.12663939367868007,112.39475076710632,17.809701997225623,534.2910599167687,5.033557046979865
0,0,2550,87.5482333146875,434.8228921296145,0.7610621201698375,63.011427535012054,18.824223203350414,564.7266961005125,7.449664429530201
0,0,2700,75.74041861473532,376.17741245318535,0.13674631462504927,57.08283454770004,21.011940084392844,630.3582025317852,6.845637583892617
0,0,2700,62.79049974127582,311.85948204833664,0.15265664323440922,35.216473417991615,58.28884402777783,1748.665320833335,8.456375838926174
0,0,2700,73.67944724116502,365.9412546311196,0.7619899131705966,49.544525429153154,31.996957428997554,959.9087228699264,7.046979865771812
0,0,2700,97.73364274417331,485.4104256293941,0.26908990736619276,65.1248800382766,15.444265198795572,463.3279559638673,9.060402684563758
0,0,2850,132.22135781961316,656.6994105040787,0.19564867925364712,111.44666886004009,16.39415376894041,491.8246130682124,5.8389261744966445
0,0,2850,57.688647280333136,286.5202814923212,0.7519382855060732,0.0,35.18267289186597,1055.480186755979,14.899328859060402
0,0,2850,115.14592769096951,571.8914408651488,0.6459462670993733,79.46546419671998,33.951672523385504,1018.5501757015652,7.449664429530201
0,0,2850,59.075539674698746,293.4085137176704,0.42916437042096106,29.138634147812137,28.00011120533816,840.0033361601448,7.85234899328859
0,0,3000,102.14175258144287,507.3040378211663,0.28626195192653625,75.6434399006283,16.351452459382948,490.5435737814883,7.248322147651007
0,0,3000,93.4275752752597,464.02362386712315,0.7224379710631557,67.46732542497557,23.573405947844844,707.2021784353452,8.053691275167784
0,0,3000,146.196599558341,726.109777806427,0.38845479589115334,105.60767017598626,30.097460769281835,902.9238230784549,7.85234899328859
0,0,3000,51.2594928128186,254.58881430366574,0.39135807109344817,28.712366673614603,51.898385354723395,1556.951560641702,7.85234899328859
0,0,3150,133.0200038437803,660.6660190907753,0.12268836408414016,123.91743218772723,16.66836212853426,500.0508638560277,3.4228187919463084
0,0,3150,61.653391127967346,306.21184260223777,0.6327762187938784,42.547150315853635,29.219020889029142,876.5706266708744,7.248322147651007
0,0,3150,110.34348740170869,548.0393207618199,0.061881684048618296,62.00790272215336,29.16874506855118,875.0623520565354,8.456375838926174
0,0,3150,26.064550805079612,129.4539356652287,0.8098589223844687,19.223423212321833,35.68068478275585,1070.4205434826754,4.630872483221476
0,0,3300,123.95412656957234,615.6388286288759,0.16135677416541508,105.74308488028892,19.239173232114016,577.1751969634206,4.429530201342282
0,0,3300,94.90949212102372,471.3838108677511,0.32961431971350535,79.48188472853425,25.78710909382692,773.6132728148077,5.6375838926174495
0,0,3300,131.86692179529686,654.9390449166411,0.523791473277022,93.19334740205625,33.66572220201731,1009.9716660605189,6.040268456375839
0,0,3300,51.33488640268197,254.96326913332047,0.3453237717753314,36.235479850555855,25.988020588098873,779.6406176429664,6.442953020134228
0,0,3450,89.71236144572872,445.57139518045267,0.5057084240288063,67.9120755094406,14.290487686781212,428.7146306034363,6.442953020134228
0,0,3450,93.88679719289924,466.3044260580662,0.22861747383299255,54.6502516005178,33.08168654677306,992.4505964031916,7.651006711409396
0,0,3450,125.88650216618512,625.2362940920527,0.648253901826077,97.54844950075032,25.555232696246904,766.656980887407,7.651006711409396
0,0,3450,71.80636413313901,356.63827519459045,0.511021245345831,52.46913378358564,18.889904201910262,566.6971260573079,6.442953020134228
0,0,3600,59.53456184388925,295.68832382464996,0.2734938532065935,39.44629260146228,17.354468168981295,520.6340450694388,7.046979865771812
0,0,3600,55.2105989154048,274.21264127984387,0.7283355232818499,34.35884165684249,32.581824019739436,977.4547205921832,7.651006711409396
0,0,3600,85.61231058656638,425.20780924661307,0.21548710437702417,0.0,53.447451306395266,1603.4235391918583,14.697986577181208
0,0,3600,72.35470524747417,359.3617027291217,0.16707360478443634,60.171504883956764,29.391358445810134,881.7407533743041,5.033557046979865
0,0,3750,75.09480626114059,372.9708710969983,0.5283201855637918,37.297855166215875,24.443710225173128,733.311306755194,10.46979865771812
0,0,3750,51.97015109349786,258.1184170977061,0.3665917246547905,37.78094757943462,32.79548769274433,983.8646307823298,6.040268456375839
0,0,3750,125.27714915219993,622.2098407892595,0.17139465267723522,76.15274125072567,33.00296489725769,990.0889469177309,8.859060402684564
0,0,3750,94.4179010295463,468.94224178007994,0.2033235884096998,73.99729724794106,25.96826740626376,779.0480221879127,5.4362416107382545
0,0,3900,41.91131476979964,208.15953002333822,0.13913090762733346,27.601630386626294,33.102270040543765,993.0681012163129,6.644295302013423
0,0,3900,97.97779939683807,486.6230703376291,0.4874905626042389,73.0208874227112,22.806038360949376,684.1811508284812,7.046979865771812
0,0,3900,164.39294963305198,816.4849831774916,0.5337583661987673,109.9151036027354,29.141730581431435,874.251917442943,6.845637583892617
0,0,3900,92.95152181545866,461.659225016778,0.6479416374631457,71.15124735379004,23.01332812567904,690.399843770371,6.040268456375839
0,0,4050,45.02588409498692,223.62855767176836,0.34051191206744175,27.796582523756467,22.84354988409109,685.3064965227327,6.040268456375839
0,0,4050,64.2292015187164,319.0050342096248,0.5611526939391877,36.45339490362913,25.72435167701216,771.7305503103646,8.657718120805368
0,0,4050,166.7737771036612,828.3097596148505,0.4357289156501381,127.37323109664813,34.261776610523484,1027.8532983157045,8.25503355704698
0,0,4050,105.09632477502504,521.978413049291,0.594225904103356,66.01090818947996,18.541621322784927,556.2486396835478,8.456375838926174
0,0,4200,57.339446139971784,284.7859158285265,0.19370830083351595,41.54864618733026,29.52616962607141,885.7850887821423,6.241610738255034
0,0,4200,47.96172975264447,238.20992443813424,0.01566385888481405,26.56313234541503,30.42708090718647,912.812427215594,8.657718120805368
0,0,4200,173.9709912275568,864.0559230968654,0.4416471084475329,158.03623002336948,11.562455912480111,346.8736773744033,1.006711409395973
0,0,4200,129.7049390550315,644.2011973066562,0.08032329075990725,92.64124351497117,23.64751484941883,709.4254454825648,7.248322147651007
0,0,4350,112.0931457114261,556.7292903667494,0.164952409688464,94.50523795007412,40.443814610978826,1213.3144383293647,4.630872483221476
0,0,4350,93.89737138993064,466.35694456998885,0.5222252221372354,17.04728717421019,24.300824822981102,729.0247446894332,12.281879194630871
0,0,4350,136.9722776338207,680.2956455813096,0.5144089380364958,120.49771782071352,16.37916928847674,491.3750786543021,4.832214765100671
0,0,4350,104.0730670293334,447.5141882261336,0.4775512352798753,61.53511192806998,28.124640640813425,843.7392192244026,9.534883720930234
0,0,4500,101.5909300954162,504.568286140567,0.587833873121815,79.50679216268314,22.015823411525428,660.4747023457628,6.644295302013423
0,0,4500,95.23973622596161,473.0240232556092,0.19848292532490538,50.28289967772408,35.829804424312016,1074.8941327293603,7.651006711409396
0,0,4500,145.14607458475578,720.8921704376205,0.40499097343540047,126.962396007637,11.016620541146215,330.4986162343865,6.442953020134228
0,0,4650,64.76153279337365,321.64894620708907,0.7581569417269396,45.91568359504248,23.490713056069207,704.7213916820763,5.6375838926174495
0,0,4650,134.77794733076823,669.3971384094823,0.20260620977463098,101.56229615364288,35.33775030580273,1060.1325091740819,7.449664429530201
0,0,4650,163.14741411100576,810.2988234179953,0.51431252226642,147.73439003833755,9.016377972658164,270.4913391797449,4.026845637583892
0,0,4800,69.02449816803666,342.821674234582,0.8264281324107955,51.73412800076834,23.59835165352835,707.9505496058506,5.8389261744966445
0,0,4800,98.9652741612349,491.5275283341334,0.3067446715752351,44.736226930757304,41.94467833665935,1258.3403500997804,9.463087248322147
0,0,4800,195.5243618947045,971.1043307436992,0.24869762419289854,178.56654221885913,9.94443288836338,298.33298665090143,2.214765100671141
0,0,4950,94.59341549447244,469.8139636225464,0.08140597784481131,77.63974497639785,19.570830685548458,587.1249205664539,5.23489932885906
0,0,4950,122.5597980560156,608.7136636782108,0.3127217975337227,78.76357025934976,34.636617742755924,1039.0985322826778,8.25503355704698
0,0,4950,212.8184884980351,1056.9984928735744,0.4448142635135442,180.5374476389879,10.396221742437133,311.8866522731139,3.0201342281879193
0,0,5100,98.81932366709592,490.80264087990963,0.15005405530028304,75.4146537484595,13.256072646013969,397.68217938041903,6.040268456375839
0,0,5100,107.22981043456426,532.5747251583359,0.04946294504487966,77.86141534803947,38.76483426505707,1162.945027951712,7.449664429530201
0,0,5100,150.30306728022376,746.5052341584446,0.5585263525628161,139.62639435293065,20.182396357421297,605.4718907226389,3.825503355704698
0,0,5250,70.29818175844912,349.14763606696397,0.49751109383045844,52.87239355278108,24.038261924138745,721.1478577241623,7.248322147651007
0,0,5250,91.21933599814888,453.0560354574727,0.08834509449190422,67.20535692933734,32.87958895793523,986.3876687380568,6.845637583892617
0,0,5250,116.01613161375178,576.2134536816337,0.715042074661666,80.99388865834467,12.02846043658212,360.8538130974636,8.053691275167784
0,0,5400,79.77223485179448,396.20209976391254,0.5911203972205676,56.97868022339562,19.549784661383168,586.4935398414951,7.046979865771812
0,0,5400,91.5655912616511,454.77576993286715,0.5208845902490986,55.23422851819378,40.25059720896253,1207.5179162688758,8.053691275167784
0,0,5400,110.40147520063844,548.3273268298376,0.7362327735770213,87.57790817323723,18.834124563572857,565.0237369071858,7.046979865771812
0,0,5550,69.64206468364061,345.88892126208157,0.36532638615033985,51.25436566771509,19.111157393601662,573.3347218080498,5.8389261744966445
0,0,5550,114.95832987789068,570.9597050601903,0.4341950976205051,64.9699161150752,38.00167889550728,1140.0503668652182,8.456375838926174
0,0,5550,117.54356054101004,583.7996840203499,0.05287085381916174,87.92508174576828,16.928254245437266,507.8476273631181,6.845637583892617
0,0,5700,60.893180163356675,302.43612814467144,0.34560151700479863,44.64661241348599,27.179851912074515,815.3955573622354,6.442953020134228
0,0,5700,115.06790217821322,571.5039141517921,0.11564170322706932,89.7000000000008,40.33258312790747,1209.977493837224,6.442953020134228
0,0,5700,110.03052306489825,546.484931222328,0.6023263616909664,88.80050675531105,18.42063823955372,552.6191471866117,4.630872483221476
0,0,5850,76.38903625714333,379.39888007714524,0.17042721790470944,56.46459067415606,22.740526396289443,682.2157918886833,6.442953020134228
0,0,5850,126.44207364246472,627.9956324242414,0.3448653580734031,107.1046217490147,33.7187102177313,1011.5613065319388,5.23489932885906
0,0,5850,100.57731973845215,499.53402136764566,0.2998643482270687,70.59631718439724,20.62599223628219,618.7797670884657,6.845637583892617
0,0,6000,85.64868325335318,425.38846015832087,0.37737764776089816,66.10083206738014,18.040115165838195,541.2034549751457,6.644295302013423
0,0,6000,141.63372864938452,703.4475189586096,0.20576922150146226,104.72750355088222,28.8129464722467,864.388394167401,7.85234899328859
0,0,6000,95.71714967031065,475.3951766958762,0.5740565296816579,65.97408582163222,27.411794317180597,822.3538295154178,8.053691275167784
0,0,6150,65.97390866694865,327.67041304584495,0.24935142835006507,48.8668599359527,21.514114943369542,645.4234483010864,6.241610738255034
0,0,6150,156.01889656650633,774.8938529469815,0.3230136327842333,122.77662644005059,19.937768878655408,598.1330663596623,6.040268456375839
0,0,6150,116.25470295995196,577.398358034428,0.2857993668408277,86.35519671681682,24.924479621063696,747.7343886319105,6.442953020134228
0,0,6300,65.34502725061876,324.5469686780732,0.1627559026444407,46.31479245338521,18.06445987427268,541.9337962281803,7.248322147651007
0,0,6300,157.43939159108413,781.948978235718,0.3762474949695451,139.17704552116226,24.88000590053776,746.400177016133,5.23489932885906
0,0,6300,119.31743775945577,592.6099408719637,0.09245394462649914,98.81118357756851,27.722837244669915,831.6851173400975,4.832214765100671
0,0,6450,56.24688845568214,279.35954599655463,0.5001927252438417,38.81262681138685,19.166941269072463,575.0082380721738,5.8389261744966445
0,0,6450,116.08506120504484,576.5558039850562,0.39649177987638773,88.0846184075284,26.516017978291966,795.4805393487588,6.241610738255034
0,0,6450,109.61122004602952,544.40239289528,0.15563161534411768,85.56734190098395,30.469240285858397,914.0772085757518,6.040268456375839
0,0,6600,70.24330185086637,348.875065859303,0.5795046918689738,46.46127419690497,15.875040127205187,476.2512038161556,7.85234899328859
0,0,6600,92.00273955229518,456.9469397763994,0.4583075032686985,59.70075376408603,19.33926666971523,580.1780000914569,8.657718120805368
0,0,6600,126.72986253176404,629.4249839077613,0.22645261955473733,92.0662804722794,33.664229673228114,1009.9268901968433,6.845637583892617
0,0,6750,58.99714350444362,293.01914607207,0.6723192080790887,42.385020939005585,23.406032934149476,702.1809880244843,6.241610738255034
0,0,6750,82.05084791405946,407.5192113064954,0.669981750084435,51.8661739479599,24.047296885935015,721.4189065780505,8.657718120805368
0,0,6750,165.13460262340823,820.1685263629274,0.27823915800739135,150.58954146951945,13.165504055116033,394.965121653481,3.825503355704698
0,0,6900,105.65635495627306,524.7598962828229,0.39157456658760914,80.9899993826402,20.397579527548753,611.9273858264626,6.442953020134228
0,0,6900,123.48743098506985,613.3209072258469,0.4209863281201542,97.77699115845333,16.646017278405193,499.3805183521558,7.046979865771812
0,0,6900,137.4732770458364,682.7839426609876,0.45512315472303266,67.3023773725717,19.912739551115994,597.3821865334797,8.657718120805368
0,0,7050,59.141067366816195,293.73396792185383,0.5320645806354094,44.64661241348599,22.293144022226404,668.794320666792,6.442953020134228
0,0,7050,66.24959532602898,329.039656785944,0.17175177852485488,42.80023364422129,36.020514508822636,1080.615435264679,7.651006711409396
0,0,7050,64.28502193526664,319.2822756118243,0.5547822610074484,44.16525783916672,32.553525748898814,976.6057724669644,8.25503355704698
0,0,7200,71.09834855744595,353.12179783531485,0.19025713491922577,54.14148132439867,25.296667418254984,758.9000225476494,6.040268456375839
0,0,7200,63.474686534899014,315.2576097899984,0.40845257854984296,43.36011992603291,33.3476621646927,1000.4298649407809,6.644295302013423
0,0,7200,125.41947803989541,622.9167409314806,0.17407378156130188,107.66782249121576,21.1074156014322,633.2224680429662,4.429530201342282
0,0,7350,95.40759977930834,473.85774557056476,0.2242817350568964,77.61365859177114,35.36960533115119,1061.0881599345357,6.845637583892617
0,0,7350,109.14835253565248,542.1034842604072,0.22237770199225873,81.36196900272344,13.237854767207367,397.13564301622097,7.449664429530201
0,0,7350,127.22151794267823,631.8668724486353,0.3269234675320814,104.1142641524213,21.096354061748606,632.8906218524583,5.4362416107382545
0,0,7500,132.0083932950076,655.6416866985378,0.4501561225503782,121.94658666809755,14.755622472206625,442.6686741661988,2.013422818791946
0,0,7500,131.13529777728067,651.3053122938275,0.21006524123486525,112.99292013219265,12.552938473396372,376.5881542018911,5.033557046979865
0,0,7500,144.44524183412318,717.4113677761452,0.41351322524625755,134.61210941070786,16.13144517778707,483.94335533361226,4.630872483221476
0,0,7650,71.74917418086014,356.35423176493873,0.2242054984272145,54.173886698298325,16.85232349171543,505.5697047514629,6.241610738255034
0,0,7650,124.28489336350941,617.2816370387634,0.19410352731854244,98.66899208971435,13.92450063623394,417.7350190870182,6.241610738255034
0,0,7650,60.69626254783375,301.4581039875743,0.6838527459411623,41.88197703069924,29.583834807599523,887.5150442279858,6.644295302013423
0,0,7800,100.52454547630407,499.27190919897686,0.43995205763806067,76.53940161772783,18.90600301072967,567.18009032189,7.248322147651007
0,0,7800,112.70135937950779,559.750084918222,0.3386884229513762,92.05063823787522,17.709739132359843,531.2921739707955,5.6375838926174495
0,0,7800,117.5111677692452,583.6387999205845,0.025192579662878183,87.09098690450074,16.817103274956274,504.51309824868827,8.25503355704698
0,0,7950,104.09216857727495,516.9911039337987,0.17110661325665585,77.22305355267923,21.77559539044444,653.2678617133333,6.241610738255034
0,0,7950,134.73408287759895,669.1792782920747,0.3768533106305902,122.61231585774686,16.367266712931478,491.0180013879443,4.026845637583892
0,0,7950,120.13765287150699,596.6836759284847,0.16015181438723355,94.07284411561231,19.01162208361537,570.3486625084612,7.449664429530201
0,0,8100,86.71810023118672,430.6998978148941,0.07011985080513838,71.46299741824473,23.75536545878386,712.6609637635156,4.228187919463087
0,0,8100,142.50153805102264,707.7576389867456,0.1907284116705705,121.04730480270922,14.391998258277686,431.75994774833066,4.429530201342282
0,0,8100,81.80441051227035,406.29523887760934,0.6530557884251392,51.68539445529974,25.424996995929952,762.7499098778986,8.25503355704698
0,0,8250,102.50497303630418,509.10803274697747,0.25031356185074877,88.6315970746333,21.06979288417336,632.0937865252009,5.033557046979865
0,0,8250,108.88009634374616,540.7711451739392,0.23461063634714555,84.95563548111386,20.040325280000406,601.2097584000122,5.8389261744966445
0,0,8250,119.40829320113977,593.0611895656609,0.3538490606308896,95.48298277703634,13.257040351203576,397.7112105361073,5.4362416107382545
0,0,8400,105.6259446021054,524.6088581904569,0.1580119507350108,84.69143994524936,23.64449234561397,709.3347703684192,6.241610738255034
0,0,8400,131.7784577395522,654.4996734397762,0.18090568466997345,123.9798773995208,13.800176678226663,414.0053003467999,3.221476510067114
0,0,8400,187.40916363194754,930.7988460386729,0.2638165117025879,177.64712212698427,10.076121601951915,302.28364805855745,1.4093959731543624
0,0,8550,131.8812140216207,655.0100296407161,0.3019598257538333,118.7746185007553,15.98109391473272,479.4328174419815,3.825503355704698
0,0,8550,151.4579258714821,752.2410318283612,0.11028380786762197,138.9204088678122,13.629959332950504,408.8987799885151,1.610738255033557
0,0,8550,197.71523122714572,981.9856484281569,0.3830610648472011,185.92474283967815,10.68532396020096,320.55971880602885,0.6040268456375839
0,0,8700,122.63103539201124,609.0674757803226,0.08057688219810577,101.37070582766897,15.685037098616046,470.5511129584813,5.23489932885906
0,0,8700,105.35037491450954,523.2401954087306,0.18162552573117288,75.8573002419672,14.191474664480742,425.74423993442235,8.25503355704698
0,0,8700,88.3679144177884,438.8939749416824,0.2075933591736527,54.20295194913308,52.01886950141024,1560.566085042307,8.25503355704698
0,0,8850,120.67895324432932,599.3721344468354,0.2153439926198968,99.94143284944595,15.393356819530586,461.8007045859177,4.228187919463087
0,0,8850,84.54714974565972,419.9175104034433,0.5448543623599391,59.65852830903525,23.580187598931914,707.4056279679572,7.248322147651007
0,0,8850,98.8896322630415,491.1518402397729,0.1205773706934003,73.79999999999929,39.246409375824214,1177.3922812747262,6.241610738255034
0,0,9000,129.1568984461162,641.479262282377,0.072071321610928,103.79523110432287,13.575480083767033,407.26440251301096,5.8389261744966445
0,0,9000,137.8890713203758,684.8490542245329,0.6745369219112042,115.45479634904699,12.109578232653663,363.2873469796098,5.4362416107382545
0,0,9000,161.91905133815789,804.1979549795174,0.09860919784311627,137.94553272940811,27.229653266469107,816.8895979940734,5.6375838926174495
0,0,9150,124.41522944189188,617.9289728947296,0.08968491356140301,100.1177806386036,11.877151923275589,356.3145576982676,6.442953020134228
0,0,9150,139.99084249089137,695.2878510380938,0.234703032797552,110.93105967221116,14.204043141570006,426.1212942471002,5.23489932885906
0,0,9150,140.1248401805525,695.953372896744,0.5075468722105761,116.30872710162349,17.483407137550625,524.5022141265187,4.832214765100671
0,0,9300,98.62260255457707,489.82559268773275,0.138808542770239,79.22045190479494,17.975897492124112,539.2769247637234,5.8389261744966445
0,0,9300,150.4113396489939,747.0429869233362,0.18312900310632174,131.8744857809865,11.018586478501929,330.5575943550579,4.228187919463087
0,0,9300,193.6025251149382,961.55920807086,0.3082407640686496,163.9246778249086,14.524187848176766,435.725635445303,4.630872483221476
0,0,9450,87.13739789311222,432.78240953579075,0.3046629693148498,66.47352856588842,22.56098919537737,676.8296758613211,5.8389261744966445
0,0,9450,86.5615965337963,429.92259611785494,0.6561542833701373,47.79424651566436,17.636106975804662,529.08320927414,10.46979865771812
0,0,9450,175.8937682600662,873.6057156916621,0.10552845309191802,129.5336635782361,14.555558216642837,436.66674649928507,6.845637583892617
0,0,9600,76.1369583752326,378.1468932636551,0.07334445531632114,33.08307724502181,29.70917099162644,891.2751297487931,11.476510067114093
0,0,9600,122.40612334405884,607.9504126088256,0.5803655409223375,96.46481223741637,16.36965633136204,491.0896899408613,7.248322147651007
0,0,9600,125.07522038765313,621.206927925344,0.11103767287694864,106.09359075834924,15.666427940335565,469.9928382100669,5.4362416107382545
0,0,9750,149.49906166539287,742.5120062714514,0.36578854944162814,143.1251550217482,16.368252502459868,491.0475750737959,2.8187919463087248
0,0,9750,201.7912676575301,1002.2299626990662,0.17549702471575146,196.11947888978267,12.456723882878238,373.7017164863472,0.6040268456375839
0,0,9750,92.41761218161129,459.007473835336,0.22084989301421404,73.44794074716904,21.016013017215098,630.480390516453,6.040268456375839
0,0,9900,31.093588243489446,154.43148827599754,0.7462971754460054,19.432961688841992,27.076953687631313,812.3086106289394,6.040268456375839
0,0,9900,133.66429301401934,663.8659886362962,0.1477375839963869,111.00648629697413,15.633587189400608,469.00761568201824,6.040268456375839
0,0,9900,117.48923836141545,583.5298838616968,0.7086813931458663,89.6011160644782,17.930839118793187,537.9251735637957,7.248322147651007
0,0,10050,45.28349763287489,224.90803824327864,0.21964668333239246,18.022485955050666,30.09843549333524,902.9530648000571,9.261744966442953
0,0,10050,126.07203033517878,626.1577506647212,0.33588338925973177,105.78563229475012,16.00709662874961,480.2128988624884,5.033557046979865
0,0,10050,105.6415293639736,524.6862625077356,0.7269004165669732,76.33983232887024,16.233331130174893,486.99993390524673,7.651006711409396
0,0,10200,68.04330205937946,337.94840022825133,0.1537711107421149,51.44803203233359,24.83048636983234,744.9145910949702,5.23489932885906
0,0,10200,101.69120772099556,505.06633168094464,0.2740148929855648,79.85637106706007,18.606447293613755,558.1934188084128,5.8389261744966445
0,0,10200,99.9163289908772,496.25110065469005,0.293044982721155,69.14918654619234,27.181564745671388,815.4469423701415,8.657718120805368
0,0,10350,88.90292360564743,441.5511872413823,0.6517005644927195,66.28574507388629,18.218217971038325,546.5465391311498,6.241610738255034
0,0,10350,98.86661592553797,491.0375257635053,0.14112521480175957,69.35776813018198,14.70584028268332,441.1752084804996,8.053691275167784
0,0,10500,139.41706405556164,692.4380848092895,0.406845999139104,122.48012083599609,14.693153080434454,440.79459241303357,3.6241610738255035
0,0,10500,126.71039530152638,629.3282966642478,0.31672062069721846,105.30042734955997,14.110740309810096,423.322209294303,5.033557046979865
0,0,10650,82.19706200357253,408.2454079510769,0.5999564762031537,63.96475592074087,17.34847351027442,520.4542053082326,5.23489932885906
0,0,10650,143.42437106115645,712.341042937077,0.37177461527766026,132.64105699216844,20.139355919161446,604.1806775748433,3.6241610738255035
0,0,10800,97.20460538165354,482.78287339554595,0.2677313476848827,77.79203044014332,26.10918898030822,783.2756694092466,5.23489932885906
0,0,10800,107.02473523614135,531.5561850061687,0.4078733355177598,83.70483856982234,25.577969194320964,767.339075829629,5.6375838926174495
0,0,10950,113.63214621475191,564.3729928666011,0.2978691759296232,90.88613755683477,18.30733843199949,549.2201529599848,6.442953020134228
0,0,10950,140.60181960715846,698.3223707155535,0.4445398621650614,137.76632389666227,17.862025664852176,535.8607699455653,2.214765100671141
0,0,11100,115.03901705094391,571.3604513530213,0.32262746252235935,98.89357916467686,16.93036826892067,507.9110480676201,3.825503355704698
0,0,11100,129.77589998362114,644.5536365853184,0.6428356546509741,111.66207950777245,16.46268563795478,493.88056913864347,5.6375838926174495
0,0,11250,124.97159229175685,620.6922417157257,0.15614755497842958,104.84474235744828,22.53809626421856,676.1428879265569,5.8389261744966445
0,0,11250,81.46056857606197,404.5874905944411,0.13882304876984525,66.33257118490087,26.142475012376728,784.2742503713017,6.040268456375839
0,0,11400,91.43780109665461,454.1410787800513,0.8703984533109137,66.82529461214588,23.78010325320058,713.4030975960172,7.248322147651007
0,0,11400,129.19665652278968,641.676727396522,0.5314543937747616,107.22135981230564,11.278388288215414,338.3516486464624,5.6375838926174495
0,0,11550,78.78250010496251,391.2864171879804,0.5395881777098814,55.090652564658,22.393300223721848,671.7990067116555,7.248322147651007
0,0,11550,79.88924755235958,396.78326284338584,0.34750032425929916,46.44868135910744,30.27541762096586,908.2625286289758,8.25503355704698
0,0,11700,26.285959641525643,130.55359955291067,0.668010385836342,21.00214274782422,29.357105022943212,880.7131506882963,3.0201342281879193
0,0,11700,72.52614550848902,360.21318935882886,0.7296773238302205,58.07925619358378,16.9964531750132,509.893595250396,6.241610738255034
0,0,11850,42.30887004927335,210.13405457805763,0.4848814263471114,28.056015397772104,36.96825935485017,1109.047780645505,6.442953020134228
0,0,11850,75.80740437898856,376.5101084156432,0.6851494771483657,55.96829459613586,18.43385920395081,553.0157761185243,6.644295302013423
0,0,12000,50.24007470674998,249.52570437685827,0.14973864721126,28.53944638566026,17.801884061035476,534.0565218310644,9.261744966442953
0,0,12000,76.11514961341605,378.0385764132998,0.5127898756946307,60.62153082857649,18.19669607049867,545.9008821149602,5.033557046979865
0,0,12150,36.46064358593639,181.08786314348404,0.266077218944363,22.629626598776593,31.740250070945677,952.2075021283704,7.046979865771812
0,0,12150,97.05763725940447,482.0529317217089,0.5797731628104409,80.31319941329716,15.993692304096015,479.8107691228805,5.033557046979865
0,0,12300,60.78017027274315,301.87484568795753,0.2698457352881698,47.015848391792325,37.13085860073439,1113.9257580220315,5.033557046979865
0,0,12300,80.52965070777589,399.9639318486203,0.4557938843426384,58.42302628245372,27.031599691927738,810.947990757832,7.449664429530201
0,0,12450,70.6361869100367,350.82639498651565,0.4317712300280822,51.13482179493789,25.662137716121485,769.8641314836447,6.644295302013423
0,0,12450,72.8611080439676,361.87683661837247,0.4734351709835618,52.48285434310705,17.542835875391972,526.2850762617592,7.651006711409396
0,0,12600,103.99079255710403,516.4876030336168,0.06625059773561759,83.27904898592348,26.891563110345082,806.7468933103524,5.8389261744966445
0,0,12600,81.79630259601731,406.2549695602193,0.6888282861334609,63.64102450463732,18.42546314008251,552.7638942024754,6.442953020134228
0,0,12750,115.30149026462921,572.664068314325,0.26648828624437454,93.56634010155393,15.979448475661439,479.38345426984324,5.8389261744966445
0,0,12750,83.75343005573161,415.9753692768004,0.26284918172741556,63.81614215854722,16.88036924315862,506.41107729475857,6.040268456375839
0,0,12900,117.3758138395754,582.9665420698911,0.10138149039601889,83.14709856633645,22.91831597913485,687.5494793740455,8.053691275167784
0,0,12900,89.13633652907505,442.7104714277395,0.32627501755001653,67.9299639334519,16.58612577698074,497.58377330942216,6.845637583892617
0,0,13050,64.94747167706221,322.57244266274233,0.2200525856068803,34.78059803970943,22.73230874598295,681.9692623794887,8.657718120805368
0,0,13050,70.30262107781088,349.1696846864607,0.3238737391327088,55.06941074680416,19.78790625916247,593.6371877748742,7.046979865771812
0,0,13200,59.53892323894149,295.709985420076,0.12669447323237182,39.958603579202936,19.828734303476434,594.8620291042931,7.651006711409396
0,0,13200,98.34915165071173,488.4674531985348,0.7674938053419572,70.20064102271185,12.699676998993409,380.9903099698023,7.651006711409396
0,0,13350,84.3757464776149,419.0662075054874,0.3627457203694907,56.42632364419876,16.765589584380333,502.96768753141,8.25503355704698
0,0,13350,91.37001325846872,453.8043991837279,0.7764675676682838,69.53402045042249,18.58220917710768,557.4662753132302,6.241610738255034
0,0,13500,63.353515453782265,314.6557934204519,0.14158279355239925,46.39536614792406,20.622577611005774,618.6773283301732,6.442953020134228
0,0,13500,35.8346870419458,177.97894564166415,0.5843699331332154,13.148764200487012,51.03555834297238,1531.0667502891713,10.268456375838927
0,0,13650,43.30959334409369,215.10431360899867,0.3318494222261416,27.888707392060255,18.554873527178323,556.6462058153497,6.442953020134228
0,0,13650,56.56208618103656,280.92502803248163,0.38429326192482927,37.192741227285694,37.35578090969675,1120.6734272909025,7.449664429530201
0,0,13800,63.65779876768853,316.167067212853,0.16661687879666703,48.49340161300355,23.62443981554963,708.7331944664888,6.040268456375839
0,0,13800,84.43053081593189,419.3383030524617,0.4295361909230764,65.15596672600303,13.349291592526791,400.4787477758038,6.241610738255034
0,0,13950,81.82425823053451,406.39381587832145,0.29867013449085045,61.78106506042133,22.950218870860912,688.5065661258272,7.651006711409396
0,0,13950,99.66607564089023,495.0081756830881,0.3899979851107579,76.23778590698996,19.66563999883492,589.9691999650477,6.442953020134228
0,0,14100,105.28507627993582,522.9158788570146,0.05680958475419119,88.45931268102781,19.695300854763463,590.8590256429039,5.033557046979865
0,0,14100,109.26798332689634,542.6976505235853,0.45497563764452675,65.45914756548308,21.119727531609218,633.5918259482766,8.053691275167784
0,0,14250,94.94187940234636,471.54466769832027,0.2902391968898685,68.4111832962999,16.712379339270267,501.37138017810804,8.053691275167784
0,0,14250,102.23410526966869,507.76272283935447,0.7550781377258063,84.1979809734178,15.845947462217282,475.37842386651846,5.6375838926174495
0,0,14400,84.77439644791353,421.0461690246372,0.1718629713426597,59.05810697948209,13.996783153673741,419.90349461021225,8.053691275167784
0,0,14400,66.63034240256279,330.93070059939515,0.287004514199478,0.0,16.105451309653052,483.1635392895917,14.295302013422818
0,0,14550,84.06173437519809,417.50661406348377,0.05774724541670993,61.424587910705405,14.197121513137324,425.9136453941196,6.040268456375839
0,0,14550,101.41978037868566,503.71824254747213,0.6264374335103087,75.94208319502384,15.005764387557466,450.17293162672394,6.644295302013423
0,0,14700,65.70278776481139,326.32384589856326,0.2202711475788056,51.25085365142695,23.419246147582577,702.5773844274773,5.6375838926174495
0,0,14700,47.40114484995704,235.42568608812,0.5149813984793576,32.18400223713452,31.729383209607008,951.88149628821,6.644295302013423
0,0,14850,106.74532858721885,530.1684653165203,0.14141393938053226,83.57032966310531,23.282105602352395,698.4631680705719,6.040268456375839
0,0,14850,41.925484413662005,208.22990592118796,0.24352573720945564,29.887288267756297,46.2534266406505,1387.602799219515,6.241610738255034
0,0,15000,116.30782920603197,577.6622183899588,0.2241150968265616,91.19407875514793,15.150990845075977,454.5297253522793,6.845637583892617
0,0,15000,86.84574140072874,431.3338489569527,0.3629815205129965,69.87360016487085,19.730955508417708,591.9286652525312,4.832214765100671
0,0,15150,161.6552656359102,802.8878193250207,0.2429541502729752,146.4888050330125,20.31683715283698,609.5051145851095,4.429530201342282
0,0,15150,119.3144717848558,592.5952098647838,0.36999756438572107,89.581527113573,22.35628084574216,670.6884253722648,7.248322147651007
0,0,15300,44.534950671357485,221.1902550010755,0.5652387815953265,25.973832986292937,31.196317321226992,935.8895196368096,7.651006711409396
0,0,15300,83.39855667554822,414.2128314885562,0.1851132556609164,55.938537699872256,26.732983116730193,801.9894935019058,7.85234899328859
0,0,15450,48.84775696564136,242.61052626268543,0.7887507968851855,26.139625092949853,30.366118755167776,910.9835626550333,9.261744966442953
0,0,15450,96.45325700710131,479.0511764686031,0.1499716203714277,76.39698946948155,19.06552720807178,571.9658162421536,6.241610738255034
0,0,15600,79.75124446071236,396.0978474882047,0.5378787103363439,58.89252923758662,20.10797213586827,603.239164076048,7.046979865771812
0,0,15600,136.51932709992676,678.0459912629697,0.3404078789031498,120.56454702772199,13.46112717269952,403.8338151809856,3.825503355704698
0,0,15750,97.94805103344086,486.47532013275634,0.10628937379745809,73.93645920653722,23.1709005801095,695.127017403285,6.241610738255034
0,0,15750,117.2451489678497,582.3175732069868,0.2350757480560293,72.30995782048522,24.639107286816788,739.1732186045036,9.060402684563758
0,0,15900,100.7583869510967,500.4333218571136,0.2918195162371644,86.60496521562705,18.912354301730836,567.3706290519251,4.630872483221476
0,0,15900,92.71906591369631,460.50469403802504,0.45769816673258407,67.75285971824607,23.761442898596744,712.8432869579023,8.657718120805368
0,0,16050,98.29375718147158,488.1923273346421,0.31761303727404405,67.9246641508092,19.949343358099345,598.4803007429805,8.456375838926174
0,0,16050,83.95280294322444,416.9655879513481,0.5590880781742124,54.336451853245805,31.02002956210622,930.6008868631868,9.060402684563758
0,0,16200,68.36012794663094,339.5219688016004,0.7574705273094232,42.926215766124464,29.558107603906144,886.7432281171842,8.053691275167784
0,0,16200,129.1091930984152,641.2423257221288,0.30985384023531937,111.9679418405113,15.121036186647933,453.631085599438,6.442953020134228
0,0,16350,41.92853771425356,208.24507064745933,0.5352298293138901,27.006665843823864,26.46654767010801,793.9964301032402,6.241610738255034
0,0,16350,134.9149987613995,670.0778271816175,0.07009664024086963,94.87307310296302,20.173028709646477,605.1908612893945,7.046979865771812
0,0,16500,37.524225432654084,186.37031964884864,0.20516700141100647,26.483391021544033,39.93976425697168,1198.1929277091506,6.241610738255034
0,0,16500,78.87088055846623,391.7253734403822,0.23121078798355274,54.66013172322065,28.44122770675437,853.2368312026312,7.046979865771812
0,0,16650,28.861834812896504,143.34711290405264,0.7175563902238704,18.161773041198643,33.77379070525995,1013.2137211577983,6.040268456375839
0,0,16650,156.82212949496423,778.8832431583224,0.18788977857149056,149.3352269225182,12.666119821497588,379.98359464492745,2.214765100671141
0,0,16800,38.07039178443699,189.0829458627037,0.5534372598609734,24.19607406171502,37.531538867955575,1125.9461660386673,6.845637583892617
0,0,16800,84.4323723457936,419.34744931744154,0.4264058715954317,33.2039154317669,34.31785042829333,1029.5355128488004,11.476510067114093
0,0,16950,67.7503461622138,336.4933859389952,0.42849770810058063,47.96342356421362,20.612896921238825,618.3869076371648,7.046979865771812
0,0,16950,124.3321962750771,617.5165748328828,0.30838994296012834,106.88128928863233,16.604609181336283,498.1382754400885,5.6375838926174495
0,0,17100,87.16042894619848,432.89679709945244,0.46701948399650905,61.60819750650104,21.684501385754686,650.5350415726406,7.046979865771812
0,0,17100,107.66911737532111,534.7566162974281,0.17755919081973123,58.309690446787904,24.262544569767844,727.8763370930352,10.671140939597315
0,0,17250,91.58371649389315,454.8657919196693,0.11765083006666814,68.95172224099917,26.621025808115423,798.6307742434626,6.442953020134228
0,0,17250,111.63500265015186,554.4538464957543,0.3070155751672618,94.40471386535788,19.64301294809379,589.2903884428137,6.442953020134228
0,0,17400,90.98491581301438,451.89174853797135,0.8107784803029054,71.5649355480749,27.25203370820918,817.5610112462754,6.644295302013423
0,0,17400,150.8592033748359,749.2673767616848,0.1569741669122209,145.62334977605684,17.45273686668956,523.5821060006868,2.8187919463087248
0,0,17550,91.31840895682724,453.5480978189086,0.4781138488515483,63.84293226348635,17.12992512634159,513.8977537902476,7.651006711409396
0,0,17550,146.64751662969283,728.3493325941411,0.5441038924218379,90.55528697983416,24.15638624745105,724.6915874235314,8.053691275167784
0,0,17700,52.57830788825938,261.13892917835494,0.8516116670478151,31.89043743820621,27.431726419421903,822.951792582657,7.449664429530201
0,0,17700,125.29859010286854,622.316330844247,0.2980393372402236,104.08313984502814,23.738146295402128,712.1443888620638,6.442953020134228
0,0,17850,62.21531352530266,309.0027238423365,0.5687887782937204,44.62745791550357,18.835655782169297,565.0696734650788,6.644295302013423
0,0,17850,115.02875652429195,571.3094907373167,0.05591271666826935,60.051727702039656,30.157661268137886,904.7298380441368,9.664429530201343
0,0,18000,67.25736334276615,334.04490460240527,0.13749941731940424,42.60422514258295,32.498800298829956,974.9640089648987,7.046979865771812
0,0,18000,130.5710029046094,648.50264775956,0.6076325179996996,117.15912256414379,21.298651221107544,638.9595366332263,4.429530201342282
0,0,18150,82.86293600716202,411.5525821689047,0.2527277768634701,59.718087712183,27.735978554888934,832.0793566466681,7.85234899328859
0,0,18150,159.00671626693116,789.7333574590915,0.5467373780365744,144.01999861130355,22.157478763975064,664.7243629192518,3.0201342281879193
0,0,18300,29.706708393028077,147.54331835203948,0.5173653009531914,17.173526137633687,37.672054301450494,1130.1616290435147,7.248322147651007
0,0,18300,90.12261988371014,447.6090120890937,0.26521407568212235,70.64792990597894,29.48662269429776,884.5986808289331,5.4362416107382545
0,0,18450,48.477760147604684,240.77287539976987,0.3649667886341668,28.42885857715707,44.63570659073038,1339.0711977219114,6.442953020134228
0,0,18450,99.01844999391272,491.7916349697665,0.4443525665542909,74.06598409526454,18.607405343071317,558.2221602921396,6.241610738255034
0,0,18600,67.68255027896332,336.15666638551784,0.1381260458882532,48.21700944687393,13.82934674303989,414.8804022911967,6.442953020134228
0,0,18600,114.58703112496562,569.1155879206625,0.28998640610333826,90.19977827023754,12.865210112174529,385.95630336523584,6.040268456375839
0,0,18750,34.04871084323073,169.10859718804596,0.1965515798434416,20.577900767570902,38.755239515648974,1162.6571854694691,7.046979865771812
0,0,18750,135.502461549618,672.9955590297693,0.5517796252354917,104.01523926809831,19.465807399027625,583.9742219708288,7.248322147651007
0,0,18900,61.75060220193399,306.6946576029388,0.2943026439933456,47.5857121413551,26.77177450263232,803.1532350789695,6.040268456375839
0,0,18900,112.15776772806434,557.0502463827196,0.43924933710134473,85.57102313283387,17.812146837845628,534.364405135369,7.046979865771812
0,0,19050,44.48614791970015,220.94786800117743,0.611377923655824,27.743107252072644,24.694929717583832,740.847891527515,6.845637583892617
0,0,19050,112.99108417244578,561.189051389814,0.36211185206231694,90.3244153039473,19.85669070237055,595.7007210711164,6.442953020134228
0,0,19200,28.80901404057042,143.08476973483312,0.35563947603257684,19.34941859591944,45.10139344889042,1353.0418034667127,7.046979865771812
0,0,19200,139.69996749174015,693.8431718756427,0.48159363790531273,114.01302557164189,20.11426776417293,603.4280329251877,6.442953020134228
0,0,19350,46.75072786729883,232.1952817409175,0.5022639846597101,27.247201691181264,31.982481805207513,959.4744541562254,8.25503355704698
0,0,19350,55.30292908921222,274.67121447642074,0.38880753610830887,0.0,35.874852076832326,1076.24556230497,12.483221476510067
0,0,19500,77.45526138713375,384.69446488943095,0.449021260037281,52.694212205896314,18.530199364287544,555.9059809286266,8.456375838926174
0,0,19500,68.71834090436745,341.30109315835836,0.5736811707903824,16.524527224703984,40.90147582305783,1227.044274691735,12.281879194630871
0,0,19650,55.95949943959275,277.9321805499773,0.2888053590981798,39.82210441450804,16.89354712483045,506.8064137449136,5.8389261744966445
0,0,19650,60.16352828504888,298.8121904824094,0.6468421893335646,40.602093542081775,27.67733362154218,830.3200086462653,6.845637583892617
0,0,19800,33.74300339612496,167.59025020075393,0.2077610153196808,21.610414156142188,17.47285251135678,524.1855753407034,6.040268456375839
0,0,19800,70.56069889889882,350.4514711978643,0.6239519504201364,54.74568476144931,14.62681710702628,438.8045132107885,5.4362416107382545
0,0,19950,34.10188284180158,169.37268478094785,0.5857944908127114,21.637467504309743,28.433374808668667,853.0012442600599,6.040268456375839
0,0,19950,63.760435054122865,316.6768274354769,0.327807381351977,45.869597774560226,23.20423096277657,696.1269288832973,5.6375838926174495
0,0,20100,37.42732504919637,185.88904774434195,0.17277286281109452,23.472963170422755,21.181525664939404,635.4457699481823,6.241610738255034
0,0,20100,74.50919831103076,370.06235161145275,0.5312417081990727,53.71424392095576,17.987662722698417,539.6298816809523,7.248322147651007
0,0,20250,45.35067867336191,225.24170407769748,0.11925210469621986,30.394900888142516,19.996767882720334,599.9030364816099,6.644295302013423
0,0,20250,86.00167115267304,427.14163339160945,0.7603222873423842,57.17735565763645,21.902618231593316,657.0785469477994,7.85234899328859
0,0,20400,49.97703984085139,248.21929787622855,0.33948672577460814,35.16276439644678,21.309054408836733,639.271632265102,6.644295302013423
0,0,20400,29.917021399210334,148.58787294941135,0.04863624263918656,18.754199529705193,48.429516767949366,1452.885503038481,7.85234899328859
0,0,20550,37.27923148332019,185.15351636715695,0.16269748805233866,25.90617686961905,29.1105036475322,873.3151094259662,5.4362416107382545
0,0,20550,17.553339942804943,87.18158838259785,0.11702877544800688,10.84158659975649,49.86508904232997,1495.9526712698994,9.060402684563758
0,0,20700,63.86665625175559,317.2043927170529,0.2543939479817326,44.55580770225059,17.64499032388942,529.3497097166825,6.644295302013423
0,0,20700,25.03549034829851,124.34293539654928,0.048521647860265964,19.43296168884168,45.73251050091724,1371.9753150275174,6.442953020134228
0,0,20850,47.51396311755104,235.9860168171702,0.14445124158140338,34.56255198911027,23.020393325913417,690.6117997774026,6.241610738255034
0,0,20850,32.061229454579475,159.23743962441142,0.016560569965116248,25.30335946074918,50.267621550059914,1508.0286465017973,4.832214765100671
0,0,21000,41.505734442494855,206.14514773105776,0.351372714323752,27.626074639733343,22.941749794838564,688.252493845157,6.644295302013423
0,0,21000,57.79687899510727,287.05783234236617,0.09489088640580208,45.777286944510415,34.341303382946684,1030.2391014884008,4.630872483221476
0,0,21150,52.121413752894206,258.8696883060412,0.4114630756663908,37.9947364775712,22.47899450971824,674.3698352915472,6.040268456375839
0,0,21150,49.92343356205406,247.95305335820177,0.1911996762764276,35.46857764275164,38.952750717287245,1168.5825215186173,7.046979865771812
0,0,21300,54.43015753425494,270.3364490867996,0.90911166302845,36.00999861149849,27.945178989201708,838.3553696760513,7.449664429530201
0,0,21300,56.0991081662575,278.6255705590789,0.32845514196513925,38.70813867909261,36.8020531148939,1104.061593446817,6.442953020134228
0,0,21450,31.263979999027782,155.27776732850467,0.7626179588636925,19.465353837011353,23.361825743594054,700.8547723078217,6.644295302013423
0,0,21450,73.01005816015685,362.61662219544564,0.44853498690262716,54.17056396235866,28.641478500557305,859.2443550167189,6.644295302013423
0,0,21600,39.27979160539084,195.08963164010788,0.6855426053696194,26.701685340067563,27.886842736701265,836.6052821010379,6.442953020134228
0,0,21600,71.53340610087405,355.28258363434105,0.5937800822939753,47.2488095088133,30.47582749948318,914.2748249844952,7.449664429530201
0,0,21750,30.248242354329722,150.23293702650432,0.7551459220536084,18.95943037118998,26.231681491665018,786.9504447499505,6.644295302013423
0,0,21750,63.24811604185447,314.1323096745438,0.18133766718333694,46.36431817680392,37.149801747573484,1114.4940524272045,6.845637583892617
0,0,21900,26.369931763255146,130.9706610908339,0.45066134282730747,22.080081521589364,28.899728212664165,866.991846379925,3.4228187919463084
0,0,21900,54.79208571456159,272.13402571565587,0.515556141023736,30.536699232234966,35.6480479930326,1069.4414397909784,9.060402684563758
0,0,22050,35.50524131587602,176.34269853551754,0.35290126806967254,21.01927686672536,31.946348605118388,958.3904581535514,8.859060402684564
0,0,22050,80.95875272088952,402.0951385137512,0.1844821403955659,51.317540860802545,27.450829782293308,823.5248934687993,7.651006711409396
0,0,22200,58.5770135440023,290.93250060187813,0.3585016595262791,41.01560678571061,20.033456949305982,601.0037084791795,5.6375838926174495
0,0,22200,108.7498632919187,540.1243210165295,0.7501645992925506,93.59086493883831,27.503798658951382,825.1139597685415,4.228187919463087
0,0,22350,58.356675231658336,289.8381536505697,0.33832745179149515,41.18859065323861,20.59263502173764,617.7790506521291,7.046979865771812
0,0,22350,106.37876355354412,528.3478589826025,0.21626613229656091,93.13200309238469,20.16941251258779,605.0823753776336,4.630872483221476
0,0,22500,37.11050959709816,184.31553099892085,0.45758677374645057,22.329352879113653,28.885339090339553,866.5601727101865,6.845637583892617
0,0,22500,55.216300512700535,274.24095921307935,0.5247024301846468,29.947453981931936,30.94359973316773,928.3079919950318,9.463087248322147
0,0,22650,66.24607002075169,329.02214776973335,0.3164421085350533,36.74846935587985,29.743542060678735,892.3062618203622,9.060402684563758
0,0,22650,52.759248958652414,262.03760316130695,0.5665333779537448,29.31569545482235,35.585472736585636,1067.564182097569,8.859060402684564
0,0,22800,117.99826733863819,586.0580611152363,0.6531169841351637,84.91907912830722,22.299502489658295,668.9850746897488,7.85234899328859
0,0,22800,65.0547301408295,323.10515969945317,0.285530682077717,36.28015986734263,37.32079256410267,1119.6237769230802,8.456375838926174
0,0,22950,102.8307049681993,510.7258346753898,0.7835236669123824,80.43861013219967,16.088278568370352,482.6483570511105,6.644295302013423
0,0,22950,85.26855029502272,423.50046646527954,0.29733502173350895,58.562274545992196,30.65164838135814,919.5494514407441,7.85234899328859
0,0,23100,85.12673011652913,422.79609291209465,0.33950535070451093,47.89864298703948,32.349498729634234,970.4849618890266,9.261744966442953
0,0,23100,151.4006391567353,751.9565078117854,0.2233318706372639,134.23918950887486,18.56957934086023,557.0873802258068,4.026845637583892
0,0,23250,121.12961315234864,601.6104119899983,0.12887626440131422,75.65771606386241,29.964595681209957,898.9378704362987,8.053691275167784
0,0,23250,104.02526539760241,516.6588181414252,0.10554184211432513,79.22783601740115,28.08262777479357,842.4788332438073,7.85234899328859
0,0,23400,113.13638054281012,561.9106900292902,0.24953603216964423,57.281148731495605,40.06327340433233,1201.8982021299698,9.664429530201343
0,0,23400,130.9888042436588,650.5777277435054,0.09018819041639155,106.86486794077885,15.86405164099684,475.92154922990517,4.832214765100671
0,0,23550,58.72573266580737,291.6711389068432,0.23376341798076863,35.15508498069973,34.12367350452075,1023.7102051356228,8.859060402684564
0,0,23550,111.01223561505729,551.3607702214512,0.15632929878723165,87.07341729827856,21.701002516642852,651.0300754992855,6.845637583892617
0,0,23700,97.64942003002722,484.9921194824685,0.46958320038140233,63.231716725072715,30.060200792904595,901.8060237871377,9.463087248322147
0,0,23700,116.99339498778538,581.0671951060008,0.3032477980984756,78.61602889996314,21.310061647111485,639.3018494133447,8.053691275167784
0,0,23850,99.61536545550743,494.7563150956869,0.286127050295956,66.60608080347961,25.22361206859295,756.7083620577885,8.25503355704698
0,0,23850,76.15191380920962,378.22117191907444,0.47145224171184585,61.49341428153158,27.366777912328413,821.0033373698523,4.832214765100671
0,0,24000,122.10220597164536,606.4409563258384,0.5309147331769885,105.59190309867274,19.700065046064555,591.0019513819367,5.23489932885906
0,0,24000,84.08606619285781,417.6274620911937,0.6531663597430146,59.97374425529775,33.567171534755076,1007.0151460426523,6.845637583892617
0,0,24150,64.48990660630977,320.2998694780052,0.7627478069026761,26.077576574518663,40.911242153050424,1227.3372645915126,10.46979865771812
0,0,24150,91.58593288189448,454.87679998007593,0.6123446444029116,58.401455461315344,24.19485544337263,725.8456633011789,9.261744966442953
0,0,24300,91.12140610736732,452.56965033325764,0.2919170174206866,65.10069124057026,28.750224720120002,862.5067416036001,8.456375838926174
0,0,24300,71.78239504579366,356.5192287274418,0.3202874367097081,54.16391787897082,25.22296822792027,756.6890468376082,7.046979865771812
0,0,24450,32.13520568820125,159.60485491806622,0.6532321836950495,23.88158286211328,33.26756514842948,998.0269544528845,5.033557046979865
0,0,24450,113.87578748726698,565.5830778534262,0.07114642619221923,90.04998611882247,14.703458832204836,441.10376496614504,7.248322147651007
0,0,24600,40.257746703226026,199.94680862602257,0.42281247649741804,26.961639416029648,28.60805448428903,858.241634528671,6.040268456375839
0,0,24600,143.14715379697654,710.9641971916501,0.1446727589391616,121.1465228555896,11.604472535456631,348.13417606369893,5.6375838926174495
0,0,24750,31.072983657276264,154.32915216447213,0.2001715033077004,19.237463450257202,37.74694892887112,1132.4084678661336,8.053691275167784
0,0,24750,136.17570670274011,676.339343290276,0.16431087008086478,121.1829195885299,16.456858254519137,493.7057476355742,5.033557046979865
0,0,24900,56.20553457885297,279.1541550749698,0.19266476028751583,38.942264957241235,34.715101361762066,1041.453040852862,7.651006711409396
0,0,24900,75.79034947991583,376.4254024169153,0.4108332757197905,53.9666563722461,29.39536596090216,881.8609788270647,6.442953020134228
0,0,25050,61.20256719018415,303.97275037791456,0.5389044881509885,41.56164096856727,34.41260141150453,1032.3780423451358,7.449664429530201
0,0,25050,77.90497365715457,386.92803583053444,0.3539205849133634,52.752251136798684,27.12816054377685,813.8448163133057,6.442953020134228
0,0,25200,48.54335607899036,241.09866852565207,0.8407342417315283,26.422149798985327,27.737644462995938,832.1293338898781,8.053691275167784
0,0,25200,98.162602501763,487.5409257587563,0.46369760333865456,73.5532460194647,26.052218153887303,781.5665446166191,6.644295302013423
0,0,25350,47.09140779290257,233.8873253714161,0.31401179792552125,24.97758995579817,27.369040459249693,821.071213777491,8.657718120805368
0,0,25350,166.80398078451964,828.4597712297809,0.24816536860548402,150.87972030727266,15.679981310034119,470.3994393010236,2.61744966442953
0,0,25500,67.15671770475534,333.5450312669515,0.33420533900644755,52.5,18.58920741078549,557.6762223235648,4.832214765100671
0,0,25500,186.21906015009594,924.8879987454767,0.1124292174536626,171.59082143285008,12.203578557060801,366.10735671182397,1.2080536912751678
0,0,25650,45.56744744509808,226.3183223106538,0.46951706445152785,32.16022387981768,18.286656357743222,548.5996907322967,6.241610738255034
0,0,25650,220.47011015874656,1095.0015471217746,0.1182185154519191,219.51904245418055,12.863379269096864,385.9013780729059,0.0
0,0,25800,73.18319438692744,363.4765321217396,0.3311449019302476,54.010832246875125,15.531552033030543,465.94656099091634,6.644295302013423
0,0,25800,148.8045140043206,739.0624195547922,0.18555300169954608,124.92829943611653,19.926334704916282,597.7900411474886,5.8389261744966445
0,0,25950,51.196204460199375,254.27448215232357,0.3699725033546463,34.8749193547468,17.35233963274341,520.5701889823023,6.040268456375839
0,0,25950,171.11165830020883,849.8545695577038,0.11930697072884132,158.1079694386096,13.999654549874345,419.98963649623045,2.013422818791946
0,0,26100,52.328632880685404,259.89887664073757,0.7540462929525893,38.1011810840551,31.878466343907867,956.3539903172361,6.040268456375839
0,0,26100,180.43551619578164,896.163063772382,0.05613279772647458,170.14893476010747,16.872764715669145,506.1829414700744,1.4093959731543624
0,0,26250,45.242511823020855,224.70447538767024,0.5054403959777752,24.06366555618588,33.42932964153226,1002.879889245968,9.261744966442953
0,0,26250,180.83796833940664,898.161909419053,0.03779395682762765,166.30529155742417,14.558332875980698,436.7499862794209,2.8187919463087248
0,0,26400,47.41306184230314,235.48487381677228,0.7906440333849192,26.129293905498624,26.109853171774198,783.295595153226,8.25503355704698
0,0,26400,86.64815801096897,430.3525181211459,0.361623784853259,65.44814741457513,29.161762207327513,874.8528662198254,6.241610738255034
0,0,26550,46.61632680882923,231.52775648385182,0.2090054463932827,30.923292192132287,25.79008713075425,773.7026139226275,5.4362416107382545
0,0,26550,156.22069901493919,775.8961384408647,0.18060616313296574,134.81353789586598,17.392338578576148,521.7701573572845,4.429530201342282
0,0,26700,62.602115959873764,310.9238426007064,0.15721703777591545,45.475487902825186,28.72446343276152,861.7339029828456,6.241610738255034
0,0,26700,160.8600505354812,798.93825099289,0.13183638675022397,150.2122498333607,15.247344104760213,457.42032314280635,2.61744966442953
0,0,26850,56.57527667863685,280.9905408372297,0.18062992463949423,38.83464947698046,21.230342901276288,636.9102870382887,6.644295302013423
0,0,26850,193.53052652139073,961.2016150562406,0.14571659210465798,181.8596436816039,16.924683522510197,507.74050567530605,1.2080536912751678
0,0,27000,47.23474700635694,234.59924346490612,0.523314889204934,30.600000000002865,19.59452160959582,587.8356482878747,6.644295302013423
0,0,27000,149.02755604209173,740.1701950090558,0.1769193135685289,134.3762255758057,23.743437976435544,712.3031392930664,4.026845637583892
0,0,27150,38.65151303464667,191.96918140541175,0.4421196413814562,24.2165232847336,27.283328773888222,818.4998632166466,6.845637583892617
0,0,27150,162.32072275063933,806.192922994842,0.27530492664835643,138.6937994288133,22.172665622502986,665.1799686750898,4.026845637583892
0,0,27300,40.46021165619855,200.95238455911948,0.10449452389647981,24.196074061714615,22.69132676459714,680.7398029379143,7.85234899328859
0,0,27300,140.236191613298,696.5064183460465,0.22368314676642254,113.77754611521789,19.19307791925112,575.7923375775337,4.832214765100671
0,0,27450,52.57170063114953,261.10611313470935,0.25663058750856704,40.138385617760164,25.332551281266277,759.9765384379884,6.040268456375839
0,0,27450,141.87833738484227,704.6624090113833,0.13515065152906822,122.01299111160301,15.392260118721767,461.76780356165307,4.429530201342282
0,0,27600,41.57304439612484,206.4794538340867,0.6395045290984105,28.60244744772899,30.29653117660897,908.8959352982691,6.845637583892617
0,0,27600,117.72956919066606,584.7235269803082,0.13964068336614988,89.44076251911173,21.677442787670547,650.3232836301164,7.651006711409396
0,0,27750,25.51756899816275,126.73725935754163,0.7167526049219861,17.181385275931717,31.490415937795245,944.7124781338571,5.23489932885906
0,0,27750,142.06527198017332,705.5908508348609,0.16802931134015867,120.57947586550725,12.519455013238726,375.58365039716176,4.429530201342282
0,0,27900,53.72357008881889,266.8270647744671,0.4408364163357164,33.95305582712738,20.957307144316854,628.7192143295057,7.046979865771812
0,0,27900,139.1582187779908,691.1524865973543,0.021864735339162028,109.72825524904783,17.580155594082765,527.4046678224829,6.040268456375839
0,0,28050,55.46247848672198,275.4636431507192,0.09764696118744744,37.29785516621557,22.733139814716008,681.9941944414803,7.651006711409396
0,0,28050,125.31415528688234,622.3936379248491,0.26982810020467496,108.55731205220813,22.12152505880639,663.6457517641915,5.033557046979865
0,0,28200,53.45687604472833,265.502484355484,0.26338821691111053,34.36800837988784,22.021796485846544,660.6538945753963,6.845637583892617
0,0,28200,149.8686256532078,744.347507410932,0.27703952867122045,123.99112871492028,19.589518101058488,587.6855430317546,5.033557046979865
0,0,28350,53.42574171176901,265.34785050178607,0.15799828745865852,36.67492331280349,26.14961351008182,784.4884053024546,7.85234899328859
0,0,28350,93.96292019211863,466.68250362085587,0.12943128145997038,69.56960543225718,33.69306258815978,1010.7918776447935,6.442953020134228
0,0,28500,69.71923203350067,346.27218576638666,0.5505995104132891,44.421278684883944,22.84631931558171,685.3895794674513,9.664429530201343
0,0,28500,155.83559476392784,773.9834539941751,0.1523119332129984,144.55922661663573,17.267599882040006,518.0279964612002,3.4228187919463084
0,0,28650,66.67099790101786,331.13262290838867,0.36994265240423263,47.64241807465345,22.60657727010648,678.1973181031946,6.644295302013423
0,0,28650,142.1748371251151,706.1350243880718,0.2769226527154782,123.47360041725541,15.136087070635162,454.0826121190549,4.630872483221476
0,0,28800,67.49661647541895,335.2331951612475,0.6090138139297504,45.40418482915398,21.720695199791084,651.6208559937324,6.644295302013423
0,0,28800,109.03172969791102,541.5242574996247,0.15347405373367745,87.22935285785377,23.44021170705297,703.2063512115891,6.845637583892617
0,0,28950,39.63431589759072,196.8504356247006,0.8720297037667973,24.478970566590284,30.644269248526758,919.3280774558028,7.651006711409396
0,0,28950,149.60796663289253,743.0529009433661,0.11994549662805042,129.9124705330474,21.819878190290254,654.5963457087078,4.026845637583892
0,0,29100,44.86832038370661,222.84599123907617,0.8752576289852386,21.883555469804232,29.54811040866097,886.443312259829,8.657718120805368
0,0,29100,161.53054641107545,802.2683805083414,0.08634368601685814,138.81314779227608,16.066736271601936,482.00208814805814,3.4228187919463084
0,0,29250,78.07851338706541,387.7899498224249,0.5265043095023955,60.06970950487333,19.921990273263624,597.6597081979086,6.241610738255034
0,0,29250,167.96559174199692,834.229105651918,0.31666356805844126,157.02643089620352,16.90736969562095,507.22109086862866,2.214765100671141
0,0,29400,57.87426708585309,287.44219319307035,0.2041159625779127,40.23133107417552,24.856695348027287,745.7008604408187,7.651006711409396
0,0,29400,156.2672537702092,776.127360392039,0.3557267291883576,138.26876002915532,14.311765445168593,429.3529633550578,3.221476510067114
0,0,29550,49.534011269454965,246.01892263829296,0.26738093981163485,28.003035549740268,28.97548329483142,869.2644988449428,8.25503355704698
0,0,29550,144.80516097976846,719.1989661995167,0.06846995294054985,122.82426470368122,15.11237581252435,453.3712743757305,5.033557046979865
0,0,29700,62.62372051614526,311.03114523018814,0.32047018384891757,42.15613834306988,21.140709508962928,634.221285268888,7.248322147651007
0,0,29700,133.6643455804978,663.8662497164723,0.29140641347030366,114.02723358917348,15.955689342303277,478.6706802690982,4.832214765100671
0,0,29850,63.122506768932084,313.508450285696,0.10301968964724952,46.77403125667188,21.54922184673763,646.4766554021289,6.644295302013423
0,0,29850,141.6685853558419,703.6206406006816,0.16315790432006327,124.17717181511188,17.599379158864334,527.98137476593,3.221476510067114
0,0,30000,71.91762008440428,357.19084641920796,0.22092639001516506,56.90834736661963,21.15309291403225,634.5927874209675,6.644295302013423
0,0,30000,129.0677941199247,641.036710795626,0.27678435324887285,113.13818983879813,19.92574827832004,597.7724483496012,5.4362416107382545
0,0,30150,44.429552806328026,220.66677893809594,0.16212075234616424,27.679776010653903,25.69911253172319,770.9733759516957,6.442953020134228
0,0,30150,45.8587683512219,227.76521614440205,0.3958353733046795,27.01499583564714,36.35329505852226,1090.5988517556677,8.859060402684564
0,0,30300,72.55483415821804,360.35567631914967,0.8455613471796002,53.53298048866633,21.587986781411622,647.6396034423489,6.644295302013423
0,0,30300,26.803723495709992,133.125160028693,0.5574413359206442,15.840454538934193,40.16032939978586,1204.8098819935758,8.25503355704698
0,0,30450,59.63842637362885,296.2041843223566,0.7761164695349541,39.6567774787615,19.26864963009089,578.0594889027267,7.449664429530201
0,0,30450,37.732891472048344,187.4066943111734,0.6254213295091172,28.999310336626568,36.38152841206467,1091.44585236194,5.6375838926174495
0,0,30600,22.075444297612812,109.6413733448103,0.8257738189795224,17.821616088335816,30.748132968120075,922.4439890436023,3.0201342281879193
0,0,30600,29.37127935510332,145.87735413034648,0.3794438049677514,17.899720668210996,46.16434192759872,1384.930257827962,8.456375838926174
0,0,30750,35.59677724972926,176.79732700698867,0.39428594027932934,23.037577997697376,36.250324811505514,1087.509744345166,7.85234899328859
0,0,30750,33.71139803129459,167.43327688876312,0.6495482940765764,24.181191037663808,34.77840864251241,1043.3522592753725,5.6375838926174495
0,0,30900,52.27761927792485,259.64550908036006,0.5821600073226728,32.91397879321084,29.070913465996085,872.1274039798827,7.449664429530201
0,0,30900,33.59999284499781,166.87996446348907,0.6124520763972823,19.665451939887344,35.36627587703072,1060.9882763109217,6.442953020134228
0,0,31050,48.8272463278106,242.5086567614593,0.498956880212587,32.5358264072072,30.890210595547185,926.7063178664156,7.449664429530201
0,0,31050,42.15343142605709,209.36204274941687,0.5924529919275593,24.01686907155083,28.958613881911035,868.7584164573309,6.845637583892617
0,0,31200,44.47110188966254,220.87313938532395,0.12807031347757894,26.299239532732233,24.16625569118874,724.9876707356623,6.644295302013423
0,0,31200,36.86545989061328,183.09845079004594,0.2052211482393543,24.82035455024797,32.02112515303066,960.6337545909198,6.040268456375839
0,0,31350,58.296336078354095,289.5384691891587,0.3810591155669877,27.70739973364598,30.373430137090658,911.2029041127196,10.268456375838927
0,0,31350,35.60852848794654,176.85569149013452,0.6859111596664608,21.84032966784226,21.01420233133623,630.4260699400868,7.449664429530201
0,0,31500,92.70629185269534,460.44124953505354,0.49444853048832166,65.42476595296326,14.82915226140142,444.87456784204255,8.657718120805368
0,0,31500,40.017069413877394,198.75144475559108,0.7600801761218461,22.291029585913,32.75244992449324,982.5734977347972,9.060402684563758
0,0,31650,44.11456632365689,219.10234607416254,0.6859387594912837,24.907227866624975,28.840223627597965,865.2067088279389,7.046979865771812
0,0,31650,42.256132238409336,209.87212345076642,0.3736648686029267,22.945587811167197,34.032220342344466,1020.9666102703341,8.657718120805368
0,0,31800,36.501433942284315,181.2904552466788,0.53508539339473,21.31900560532897,25.820218693955074,774.6065608186523,6.644295302013423
0,0,31800,102.9349264410341,511.2434679904693,0.4895506586279869,81.4343907695032,30.216713858260334,906.5014157478099,6.442953020134228
0,0,31950,69.09487798506537,343.1712273258246,0.15869989455675365,49.50818114210954,15.59661322722845,467.89839681685356,6.644295302013423
0,0,31950,103.99069032881962,516.4870952998041,0.6802497690067398,75.14745504672919,23.964857276470326,718.9457182941098,6.442953020134228
0,0,32100,46.47462830953987,230.8239872707147,0.29939401437140795,27.30659261057839,21.525088233382164,645.752647001465,8.25503355704698
0,0,32100,143.02141625818638,710.3397007489923,0.15173242935423165,126.94006459743245,11.53753543679433,346.12606310382995,4.832214765100671
0,0,32250,50.29771372052086,249.81197814525365,0.5675022291987655,33.10619277416058,16.13979294961282,484.1937884883845,6.241610738255034
0,0,32250,91.8963346305507,456.41846199840177,0.4033816739967877,57.047348755224256,26.904929389916223,807.1478816974866,8.657718120805368
0,0,32400,53.04888653352729,263.47613644985216,0.519905009120235,34.13151036798716,37.96344827471616,1138.903448241485,8.053691275167784
0,0,32400,96.90122226874985,481.27607060145766,0.3728737757297054,72.45419242528308,19.124686545213436,573.7405963564032,7.046979865771812
0,0,32550,40.566504010860704,201.4803032539415,0.7886726953758242,26.170594185075974,24.941143174393154,748.2342952317947,6.644295302013423
0,0,32550,110.3620274187846,548.1314028466302,0.30278452930384403,86.787671935592,20.045923814274936,601.377714428248,7.046979865771812
0,0,32700,34.56326689484462,171.66422557772827,0.13587301814622213,23.430749027719262,23.947259511606692,718.4177853482008,5.4362416107382545
0,0,32700,92.34079686731903,458.62595777435115,0.5869745905887069,67.3351319891773,24.29540120782504,728.8620362347514,7.248322147651007
0,0,32850,43.19999689551597,214.55998458106268,0.4970705480384579,17.93237296065213,38.997527748820325,1169.9258324646096,11.677852348993289
0,0,32850,109.0117937554642,541.4252423188054,0.6351951861798981,85.7055424112121,19.61351930743526,588.4055792230578,5.4362416107382545
0,0,33000,32.283346710250456,160.34062199424392,0.7961106219650999,20.13578903345709,35.85903996765325,1075.7711990295975,7.046979865771812
0,0,33000,137.39986676124258,682.4193382475048,0.1281779290383171,118.78825699537778,12.524549915985647,375.7364974795694,4.630872483221476
0,0,33150,39.43962077091242,195.88344982886503,0.32090928832994114,27.503636123246803,29.09314667901185,872.7944003703557,6.442953020134228
0,0,33150,120.75656388678654,599.7576006377064,0.15432165218379304,93.07980446906697,15.246183532958545,457.38550598875634,7.449664429530201
0,0,33300,26.720791542804594,132.71326466259615,0.8607118082484913,17.361163555474434,37.75483401423141,1132.645020426942,6.442953020134228
0,0,33300,32.608636906553656,161.95622996921645,0.6397962172809822,21.30844902849679,29.057646643921494,871.7293993176447,6.442953020134228
0,0,33450,51.55165494618326,256.0398862327102,0.2779895710492818,35.855961847367766,22.810908987768563,684.3272696330569,6.644295302013423
0,0,33450,29.226598660297626,145.15877334614487,0.09954702863518614,19.305180651837137,52.653018170803776,1579.5905451241133,7.651006711409396
0,0,33600,52.545862912104134,260.9777857967839,0.5023877439149278,38.52401848198027,21.241795779084253,637.2538733725277,5.8389261744966445
0,0,33600,54.71347686718592,271.74360177369,0.34815901091847706,37.192741227289055,45.41540354980462,1362.462106494139,7.248322147651007
0,0,33750,42.018439660903326,208.69158364915322,0.44817280559346306,28.09448344426193,24.283673933118017,728.5102179935407,7.248322147651007
0,0,33750,34.90492352031876,173.36112015091652,0.17020225472529435,24.640211038054144,45.005283289777964,1350.158498693339,7.248322147651007
0,0,33900,57.445529508107654,285.3127965569347,0.060792752666884414,44.869811677784774,31.50658084756658,945.1974254269971,5.8389261744966445
0,0,33900,64.85339964813721,322.10521825241483,0.017608664537757886,46.7172345071896,45.030708377579316,1350.9212513273794,6.040268456375839
0,0,34050,100.32417705710148,498.2767460502707,0.7993935460753814,74.63430846467257,14.835043999381607,445.0513199814482,7.046979865771812
0,0,34050,31.48204555768547,156.3608262698378,0.29609935025018436,18.9214164374656,46.64157544139684,1399.2472632419053,8.657718120805368
0,0,34200,73.79105161735212,366.49555636618226,0.8510635395125086,45.851935618902075,21.895233069974047,656.8569920992215,8.657718120805368
0,0,34200,50.362619063308514,250.13434134776566,0.17132836225515807,38.22734623276849,41.26182126669022,1237.8546380007067,6.040268456375839
0,0,34350,72.20631385406436,358.624692141853,0.5354462930644557,42.664387959983,18.543462136253403,556.303864087602,9.060402684563758
0,0,34350,66.07295541243353,328.1623452150865,0.5030188825095002,41.43042360391742,36.22628419818222,1086.7885259454667,7.85234899328859
0,0,34500,59.641850525270634,296.22119094217754,0.028392150756930187,34.916185358656655,25.44380563946917,763.3141691840751,8.859060402684564
0,0,34500,106.1408867156156,527.1664040208907,0.40081085871709277,72.85615965723244,27.09928610579203,812.9785831737609,8.657718120805368
0,0,34650,61.31778926936791,304.5450200378606,0.22985541084574063,41.047411611452766,27.564699516467165,826.940985494015,7.85234899328859
0,0,34650,88.9125192514316,441.59884561544357,0.5828053110811453,68.79425848135767,19.91323403493187,597.3970210479563,5.8389261744966445
0,0,34800,55.900030889234884,277.6368200831999,0.45245266762226605,36.611063901503684,21.401278561656124,642.0383568496836,6.845637583892617
0,0,34800,87.03194841252692,432.2586771155504,0.7711126499057621,56.93443597683103,31.0471303865789,931.4139115973671,7.046979865771812
0,0,34950,57.38831352081763,285.0286238200609,0.5140033870403522,29.409182239565602,28.182260768549103,845.4678230564732,9.865771812080537
0,0,34950,89.02594872188381,442.16221198535624,0.2678765331344004,48.38935833424682,25.89725362909781,776.9176088729345,8.25503355704698
0,0,35100,58.44212237541543,290.26254113122997,0.1918404096610689,37.143101647547205,28.484966930065927,854.5490079019779,7.449664429530201
0,0,35100,73.46965319896105,364.89927755483984,0.8273833601247748,49.753894319941516,28.891588013176822,866.7476403953046,7.248322147651007
0,0,35250,72.86417935354501,361.8920907892736,0.16477251288682485,46.97658991455213,22.768020895673533,683.040626870206,7.046979865771812
0,0,35250,104.50496099546056,519.041306277454,0.25884186628133016,79.2505520485516,14.377141018499824,431.31423055499477,6.241610738255034
0,0,35400,79.87017396832437,396.6885307093444,0.32160020099628034,57.6070308208977,30.13769093928782,904.1307281786346,6.845637583892617
0,0,35400,148.69253415068655,738.5062529484098,0.160663426666407,129.9346374143549,12.802769804117693,384.0830941235309,4.228187919463087
0,0,35550,58.508227542701185,290.59086346208255,0.40418242643489166,39.53858874568032,26.14878109090745,784.4634327272233,8.25503355704698
0,0,35550,134.8567456619346,669.7885034542752,0.14949321686988226,105.45416065760489,12.890827930268443,386.7248379080532,7.248322147651007
0,0,35700,50.05745855421236,248.61871081925474,0.4318185513992118,31.402706889694013,23.788549244370888,713.6564773311264,7.85234899328859
0,0,35700,105.12131205865882,522.1025165580055,0.027836294604541865,85.20475338852859,16.440630064886825,493.2189019466049,6.644295302013423
0,0,35850,75.47770218073717,374.87258749766136,0.5787181992918154,56.0285641436592,18.59870314283839,557.9610942851517,6.644295302013423
0,0,35850,109.68231265005629,544.7554861619461,0.20197222561941838,85.818879041851,16.297100859295274,488.9130257788581,6.845637583892617
0,0,36000,70.05752538465833,347.95237607713636,0.22841525349575562,46.28271815699523,31.737801760926086,952.1340528277826,7.651006711409396
0,0,36000,49.64120962142493,246.55134111974377,0.31988862884623626,34.55083211732884,42.983333165101875,1289.4999949530563,7.85234899328859
0,0,36150,93.13802548494631,462.58552657523336,0.289136296931259,64.45254067916805,28.391557933866427,851.7467380159928,7.85234899328859
0,0,36150,86.31867034040897,428.7160626906979,0.4353360953052538,67.27295147382704,33.70030651460292,1011.0091954380878,6.241610738255034
0,0,36300,92.21640469480532,458.00814331753304,0.19420000490923986,63.90281683932236,25.794497828273666,773.8349348482099,7.449664429530201
0,0,36300,99.4337940074751,493.85451023712636,0.554891065465225,80.50962675357715,17.78043933075682,533.4131799227047,6.241610738255034
0,0,36450,117.3949361186217,583.0615160558211,0.20589636186212637,99.98464882170664,13.946092527518779,418.3827758255634,4.832214765100671
0,0,36450,124.6188758684239,618.940416813172,0.6867014994549365,102.10582745367628,18.414517842416814,552.4355352725045,6.845637583892617
0,0,36600,72.75014812167548,361.32573567098814,0.30136243031375926,54.87704438105003,24.803705879294252,744.1111763788274,6.442953020134228
0,0,36600,173.70916978526006,862.7555432667916,0.0924785914308036,157.62652061122222,11.584457895652909,347.5337368695873,3.6241610738255035
0,0,36750,86.09403185643225,427.6003582202802,0.31821797255422063,62.482157453149725,23.901686779947454,717.0506033984236,6.442953020134228
0,0,36750,36.979255160317436,183.66363396290993,0.6828104379945644,15.703502793962997,33.65013449708757,1009.5040349126269,6.644295302013423
0,0,36900,93.76287915111746,465.6889664505501,0.5680160723653035,67.96969913130451,20.39713060463965,611.9139181391895,6.644295302013423
0,0,36900,39.81326643615376,197.73922329956366,0.20130022145728066,24.550560075079893,34.47662311196213,1034.2986933588638,8.25503355704698
0,0,37050,95.40453090580174,473.8425034988154,0.8357486992848233,68.15020176052143,22.03822012349269,661.1466037047808,8.053691275167784
0,0,37050,39.58395486059227,196.60030914094162,0.4068398921380739,25.65306999171926,35.24338631465966,1057.30158943979,7.046979865771812
0,0,37200,106.65161098434682,529.7030012222558,0.6113172430224691,73.47060636744469,22.414787434468867,672.4436230340659,7.85234899328859
0,0,37200,115.3427214140478,572.8688496897706,0.6867859006755916,98.83804935347543,17.076505694385247,512.2951708315574,5.4362416107382545
0,0,37350,55.47095548731051,275.50574558697554,0.4720722080005261,37.47238983571875,30.939902002580258,928.1970600774077,7.449664429530201
0,0,37350,49.82897646922878,247.4839164638363,0.5960941330835391,30.357865537617414,31.961280957731663,958.8384287319499,8.053691275167784
0,0,37500,52.95062929619474,262.98812550443387,0.24456491532533156,31.287857069476313,27.75566126337688,832.6698379013064,6.845637583892617
0,0,37500,56.011754833077426,278.19171567095117,0.29116682118036696,35.39745753581743,30.807111881495963,924.213356444879,7.449664429530201
0,0,37650,87.43704529387938,434.27065829293423,0.8024114767709795,57.187586065509166,19.22283014393292,576.6849043179877,8.25503355704698
0,0,37650,43.22000437286042,214.6593550518734,0.26765403636023044,21.510230124291674,35.61844176370035,1068.5532529110108,7.85234899328859
0,0,37800,47.06063904613175,233.73450726245431,0.8096635489584405,23.068810112357912,38.67228061651157,1160.1684184953472,8.859060402684564
0,0,37800,57.10618149636184,283.6273680985971,0.2450770685894524,36.714166203252425,28.239247954614125,847.1774386384237,9.060402684563758
0,0,37950,50.931166786959984,252.9581283752346,0.38650012667902506,26.049952015312023,34.576524655502595,1037.2957396650781,9.261744966442953
0,0,37950,40.81481971093912,202.71360456433098,0.267014340518849,21.102606474082584,34.59761740413979,1037.9285221241937,8.859060402684564
0,0,38100,64.03804393860261,318.055618228393,0.42270773618630314,44.18970468332921,25.699704056757042,770.9911217027112,6.845637583892617
0,0,38100,42.35396037691227,210.35800320533087,0.4290463552096919,27.212497129076624,40.43611709812047,1213.0835129436143,7.248322147651007
0,0,38250,77.76679365953336,386.24174184234903,0.5200326369317986,50.38303285829538,23.084304044434255,692.5291213330277,8.053691275167784
0,0,38250,35.47319166111466,176.1835185835361,0.2957688082721389,20.806249061280585,39.65394142573451,1189.6182427720353,7.046979865771812
0,0,38400,38.49616941946959,191.19764145003228,0.44943339515015973,28.878019322664382,36.00164950537309,1080.049485161193,6.442953020134228
0,0,38400,70.16536268663438,348.4879680102841,0.281310174836137,43.46998964803228,28.84298444525564,865.2895333576693,9.060402684563758
0,0,38550,45.76566040914846,227.30278003210404,0.4180086112600627,32.705504123925515,27.085018146337173,812.5505443901152,6.040268456375839
0,0,38550,97.44970703454362,484.0002116048999,0.8999930706769534,73.35720823477268,25.082371460597248,752.4711438179174,7.046979865771812
0,0,38700,47.47491853332612,235.7920953821864,0.7127781192593453,34.52086325687633,22.63488851119388,679.0466553358165,6.040268456375839
0,0,38700,68.77253744304376,341.57026930045066,0.7227058174584048,48.21047603996663,38.10457577597023,1143.1372732791071,6.644295302013423
0,0,38850,31.497812342493805,156.43913463438588,0.4045931176639658,19.983242980057327,29.36342615094999,880.9027845284998,7.046979865771812
0,0,38850,49.103699548515124,243.88170775762507,0.7747836082999416,29.29573347776079,31.1127180365175,933.3815410955251,8.456375838926174
0,0,39000,41.70156317002188,207.11776374444196,0.32875308768069283,28.46049894151509,34.73102095853168,1041.9306287559505,6.644295302013423
0,0,39000,106.07378577809331,526.8331360311967,0.06211909205380619,80.80921977101536,17.424849896923945,522.7454969077183,6.040268456375839
0,0,39150,53.023175297198705,263.3484373094202,0.22594137636391176,35.809495947302544,23.647336466589753,709.4200939976926,6.241610738255034
0,0,39150,99.44194349298881,493.89498601517766,0.1858428106944674,81.90054944870694,17.027956535465115,510.8386960639535,6.040268456375839
0,0,39300,63.42052086978265,314.98858698658717,0.6694110651148967,47.687734272029836,19.116948972711146,573.5084691813345,5.8389261744966445
0,0,39300,143.30731164254124,711.7596478246214,0.09178758763873114,119.42411816714126,15.011014342755338,450.3304302826602,4.228187919463087
0,0,39450,58.028673847495,288.2090801092251,0.6166936096801356,39.98449699571249,32.87678161163951,986.3034483491851,7.046979865771812
0,0,39450,148.65877234305253,738.3385693038276,0.13189371739661748,144.79437143756726,17.456280678362873,523.6884203508863,1.8120805369127517
0,0,39600,79.71199096793524,395.90288847407834,0.7575231149915508,58.74027579097578,20.03110995083426,600.9332985250277,6.442953020134228
0,0,39600,189.67637642960565,942.0593362670412,0.07463981763642102,183.38050605230737,15.669396896233346,470.0819068870004,0.6040268456375839
0,0,39750,59.23436044365474,294.1973235368185,0.1284759354793088,34.86330449053817,26.60601201797896,798.1803605393688,7.449664429530201
0,0,39750,158.1453973792625,785.4554736503371,0.1584619754147571,149.32287165735605,21.35173664064313,640.552099219294,2.214765100671141
0,0,39900,46.589833793749,231.39617450895332,0.7316633965745113,25.710892633279684,35.87572608018065,1076.2717824054198,8.859060402684564
0,0,39900,165.05280147248692,819.7622473133516,0.043304945147764125,150.59940238925367,21.8058565349624,654.1756960488718,2.4161073825503356
0,0,40050,48.71344653663363,241.94345113194703,0.5250765094566517,30.53080411649668,29.00900528781523,870.2701586344568,7.85234899328859
0,0,40050,121.9288428987812,605.5799197306133,0.14422424408644732,114.05130424506494,26.917339770304153,807.5201931091245,4.228187919463087
0,0,40200,54.126817499530524,268.8298602476683,0.35250412590157376,37.98170612281675,31.165501649724515,934.9650494917354,5.23489932885906
0,0,40200,99.88482402810578,496.09462600625864,0.18124429416134974,85.29396227166457,30.33383300135476,910.0149900406428,5.8389261744966445
0,0,40350,39.77328251907911,197.54063651142621,0.18381995679553917,28.499999999997954,42.717676206900386,1281.5302862070118,6.040268456375839
0,0,40350,56.901544073641226,282.6110022324181,0.5555110398171216,39.203698805085544,27.264212875447868,817.926386263436,6.644295302013423
0,0,40500,44.85413727953718,222.77554848836797,0.12567197273592715,31.567071451116952,41.18672130543682,1235.6016391631047,6.442953020134228
0,0,40500,70.99408220986321,352.6039416423206,0.7477082730236088,48.45719760778285,26.497562265316184,794.9268679594854,7.85234899328859
0,0,40650,47.934746205203595,238.0759061525112,0.3050262244755696,32.89756829919346,37.04795258748155,1111.4385776244462,7.248322147651007
0,0,40650,96.36835586235992,478.62950078305425,0.5897898570771674,79.704077687407,22.53188732456268,675.9566197368804,5.8389261744966445
0,0,40800,57.97136724672936,287.92445732542245,0.10056364151663598,38.89023013559923,28.33219748571288,849.9659245713863,6.442953020134228
0,0,40800,35.24330393564024,175.04174288034653,0.6555385778983082,19.612750954416686,38.206992666334074,1146.2097799900225,7.85234899328859
0,0,40950,56.440965242737406,280.32346070559583,0.07399387898575122,41.7258912427272,35.21495254744055,1056.4485764232165,5.23489932885906
0,0,40950,120.19927240172488,596.9897195952335,0.6442861185304224,103.9109233911441,23.943310477797844,718.2993143339354,6.040268456375839
0,0,41100,50.454631020608375,250.59133406902157,0.31098598164622604,34.06420408581556,37.662196561336366,1129.8658968400912,6.442953020134228
0,0,41100,104.8014654457831,520.5139450473894,0.6670402626553991,82.32034985348398,14.389947964992968,431.6984389497891,6.644295302013423
0,0,41250,46.95928569674263,233.23111896048835,0.37426454991488944,27.128029784707838,23.767882907507126,713.0364872252136,8.456375838926174
0,0,41250,92.99005806401506,461.8506217179415,0.7183694572679414,66.99947760990446,20.249535978484687,607.4860793545406,7.449664429530201
0,0,41400,32.89514239386645,163.37920722287004,0.6114156202827534,24.725897354797183,39.908129138715964,1197.243874161479,6.644295302013423
0,0,41400,87.97073162751893,436.92130041667735,0.2649861106935979,60.246244696247054,19.16463154760321,574.9389464280965,7.248322147651007
0,0,41550,49.12398665374287,243.98246704692286,0.2753297839104291,31.705046916853053,29.30034369598542,879.0103108795629,7.449664429530201
0,0,41550,80.39139822948366,399.2772778731022,0.31753561647991974,66.5161634491943,26.226682366878777,786.8004710063633,4.832214765100671
0,0,41700,48.83333842484926,242.5389141767513,0.24817913370830383,34.21184005574644,32.23103728572327,966.9311185716982,6.040268456375839
0,0,41700,103.64796546220802,514.7848951289665,0.4451510884893866,80.82926450240662,20.265631503982622,607.9689451194786,6.040268456375839
0,0,41850,48.5429052261455,241.09642928985593,0.2500974662547792,38.52401848197814,35.01720355252866,1050.5161065758596,5.23489932885906
0,0,41850,80.0323718856704,397.4941136988296,0.6548757235661091,58.02111684550737,15.90669900565641,477.2009701696923,6.442953020134228
0,0,42000,52.99937505625762,263.23022944607953,0.40227732672712796,40.51777387764358,40.97064371432316,1229.1193114296946,5.033557046979865
0,0,42000,118.57837897183842,588.9392822267976,0.35869926362331794,94.81708706767917,19.101267458583642,573.0380237575093,6.241610738255034
0,0,42150,39.84993718908933,197.92135470581036,0.36582366211152634,24.186773244897765,45.65244298455035,1369.5732895365109,8.657718120805368
0,0,42150,133.8950916929729,665.0122887417654,0.40589116973022604,120.0,21.270496619813223,638.1148985943967,3.6241610738255035
0,0,42300,40.40213634062934,200.66394382512567,0.31471461420082125,22.998478210524116,38.83957934816253,1165.1873804448758,7.449664429530201
0,0,42300,151.11031114852207,750.5145453709928,0.30436863772305806,128.23622733065795,14.499546684166436,434.98640052499303,4.026845637583892
0,0,42450,59.60970695362564,296.06154453634065,0.8298764515104955,34.76118525021726,32.27893535239116,968.3680605717349,7.651006711409396
0,0,42450,102.17487022288367,507.4685221069889,0.30501242388745387,80.87379056282786,18.631215665934484,558.9364699780346,6.241610738255034
0,0,42600,49.482748509315606,245.76431759626752,0.055748160933163614,36.67860411738769,30.27775873311531,908.3327619934595,6.845637583892617
0,0,42600,137.31406210729952,681.9931751329211,0.07960358416427414,123.14844700604299,15.062243745438302,451.86731236314915,3.4228187919463084
0,0,42750,52.07000965714488,258.61438129715293,0.5179009418834756,35.3656613115031,40.48044630821464,1214.4133892464395,6.845637583892617
0,0,42750,108.96479646748874,541.191822455194,0.13711477945319914,87.7155060408368,23.216707452192463,696.5012235657739,4.832214765100671
0,0,42900,55.302496972573046,274.66906829711274,0.45488959013601815,34.60939178893723,34.07243890962835,1022.1731672888507,6.644295302013423
0,0,42900,124.71831496971055,619.4342976828957,0.4998750314762271,101.64733149473128,16.221741920089116,486.6522576026735,5.4362416107382545
0,0,43050,61.33768794055494,304.64385010475615,0.4973529851169049,48.24033581972761,21.321341378163208,639.6402413448961,6.241610738255034
0,0,43050,121.50481027376414,603.4738910263619,0.46205085184338146,99.3629709700749,18.988106837312564,569.643205119377,4.832214765100671
0,0,43200,82.66318369556551,410.56047902130865,0.8762946665222864,63.20395557241774,23.514952156271622,705.4485646881486,6.845637583892617
0,0,43200,122.05867826991339,606.2247687405697,0.19503679748925645,97.27450847986763,18.321102607997492,549.6330782399248,6.442953020134228
0,0,43350,47.39118611342053,235.37622436332194,0.6769471009118474,30.923292192132447,31.89464394411238,956.8393183233713,6.241610738255034
0,0,43350,108.64927475882956,539.6247313021868,0.10562974995504588,87.07755164219965,17.09510167099278,512.8530501297835,5.6375838926174495
0,0,43500,53.686812848906165,266.6445038162339,0.5241779525257685,37.5299880095897,32.23162535820028,966.9487607460086,7.651006711409396
0,0,43500,109.98837731220522,546.2756073172859,0.24446918102209655,90.13989128016348,25.40253362214328,762.0760086642985,5.23489932885906
0,0,43650,61.83358152355619,307.1067882336623,0.7642598952767685,46.16492174801198,16.772847593308654,503.18542779925986,5.8389261744966445
0,0,43650,128.56185671711518,638.523888361672,0.21870348933821035,113.71543430862828,19.42226338118915,582.6679014356745,3.6241610738255035
0,0,43800,83.77016399171605,416.05848115885635,0.7628042109232301,62.38629657224535,17.91112039744916,537.3336119234749,5.8389261744966445
0,0,43800,136.81717044435663,679.5252798736378,0.3834962761596698,116.95576086709171,18.76502547642392,562.9507642927176,4.832214765100671
0,0,43950,58.94259700330108,292.748231783062,0.31619213604785473,44.87582868315532,25.381310395476486,761.4393118642945,5.8389261744966445
0,0,43950,59.87935941203097,297.4008184130872,0.41383036974666576,46.770182809135086,28.417138708446178,852.5141612533853,6.040268456375839
0,0,44100,74.45167436568119,369.77664934955,0.7652487069226385,60.48404748361391,30.25816903915509,907.7450711746527,5.4362416107382545
0,0,44100,80.18504815926825,398.25240585769905,0.3248199229491705,56.15131343076494,20.708780861129426,621.2634258338827,6.644295302013423
0,0,44250,57.37647165182158,284.96980920404724,0.688277036546973,36.783963897328924,40.61977079045462,1218.5931237136385,8.25503355704698
0,0,44250,60.72064079340155,301.5791826072277,0.667929472326132,41.47059198998631,27.299994699947078,818.9998409984125,7.449664429530201
0,0,44400,77.07030547378474,382.78251718646425,0.2333230784191863,51.23768144637283,23.563027594577502,706.890827837325,7.85234899328859
0,0,44400,64.74918010642281,321.5875945285667,0.624813137667785,44.56590625130433,18.965506583976392,568.9651975192918,7.046979865771812
0,0,44550,62.433151808074165,310.08465398010173,0.5854928811589084,43.70228826960857,21.307073200778294,639.2121960233488,6.442953020134228
0,0,44550,67.31276691022306,334.3200756541079,0.5417839407278727,51.798455575431774,21.136789450119995,634.1036835036,5.8389261744966445
0,0,44700,61.27431206204299,304.3290832414802,0.74135921854469,41.49337296484794,27.033677257038864,811.010317711166,8.053691275167784
0,0,44700,90.45094474950288,449.23969225586427,0.5368256200926459,66.10083206738014,13.62760953461956,408.8282860385869,7.248322147651007
0,0,44850,73.4389967534287,364.7470172086959,0.1842940747914008,51.117218234173116,28.43905262056937,853.171578617081,7.449664429530201
0,0,44850,103.85139216109872,515.795247733457,0.08066957962718227,80.48614787651414,18.464829957534963,553.9448987260489,6.845637583892617
0,0,45000,94.06306594440342,467.17989419053697,0.010457622684933547,72.59380138827258,15.775245540013893,473.25736620041687,6.040268456375839
0,0,45000,93.07985866617419,462.2966313753318,0.1440364256918686,58.20077319074278,33.54918441797275,1006.4755325391825,9.261744966442953
0,0,45150,120.07977777505758,596.3962296161193,0.9201683671232717,93.47684205192054,12.587942317922511,377.6382695376753,7.85234899328859
0,0,45150,73.58624694726483,365.47835983808193,0.07897226550814726,36.5815527281173,37.011858987656026,1110.3557696296807,9.664429530201343
0,0,45300,57.7150159249962,286.6512457608145,0.07094167037249034,36.57786215731895,32.133463519661255,964.0039055898375,6.845637583892617
0,0,45300,122.77196624436338,609.7674323470048,0.18987135016043463,113.46863002609982,29.913438683702626,897.4031605110788,3.4228187919463084
0,0,45450,38.776728380710615,192.59108429086268,0.17897340894273855,26.706740722144833,42.01046532546982,1260.3139597640952,7.651006711409396
0,0,45450,98.01003215689163,486.7831597125617,0.28307143385900574,78.55246654307004,23.469451111373274,704.0835333411983,6.644295302013423
0,0,45600,37.326878103992314,185.39016124982845,0.5320196601192433,23.747420912594787,39.15612921035597,1174.6838763106791,7.449664429530201
0,0,45600,105.1843179322433,522.4154457301418,0.5868257631650354,80.57108662541434,17.40537318001989,522.1611954005966,6.845637583892617
0,0,45750,77.1008548408958,382.9342457097825,0.7523654541174567,59.62834896255222,36.493093614917804,1094.7928084475343,6.040268456375839
0,0,45750,124.63422742722764,619.0166628885639,0.13080472811161784,109.1888730594852,20.338129847101726,610.1438954130518,3.0201342281879193
0,0,45900,57.487276650821364,285.5201406990795,0.8107327754463963,34.785772953897435,24.01292377751306,720.3877133253918,7.85234899328859
0,0,45900,135.26945023189566,671.8382694850817,0.1758278722262343,112.94113511028536,16.205269308633124,486.15807925899367,4.832214765100671
0,0,46050,60.01921156144772,298.09541742185706,0.3970365297819853,44.238557842677096,42.54252682377942,1276.2758047133827,6.442953020134228
0,0,46050,131.58580312123627,653.5428221688067,0.3806678324145455,112.24330715013647,14.15960147795517,424.78804433865514,3.825503355704698
0,0,46200,84.24269713253219,418.40539575824323,0.5462261106720763,57.491303690211,25.08716896651456,752.6150689954368,7.449664429530201
0,0,46200,101.41310984133727,503.6851122119752,0.6070167526843908,80.10056179578281,30.47214656804695,914.1643970414084,6.845637583892617
0,0,46350,70.62467541246856,350.76922121526053,0.7589158549419834,52.75992797569123,22.68947965900118,680.6843897700354,6.442953020134228
0,0,46350,79.99025718656937,397.2849440266278,0.3224086343370451,57.531208921766265,22.621577568519104,678.6473270555731,6.845637583892617
0,0,46500,61.28305496887736,304.3725063454242,0.3988992692660046,45.06994564008358,35.743225373661154,1072.2967612098346,7.046979865771812
0,0,46500,78.91527384809025,391.9458601121816,0.31346124585876084,59.020759059840316,18.205049176688217,546.1514753006464,6.040268456375839
0,0,46650,99.32084674327137,493.29353882491444,0.8653547441854191,83.04149565127206,17.79760284297131,533.9280852891393,5.23489932885906
0,0,46650,57.706623043695664,286.60956111702177,0.25552031832690075,42.56195484232232,25.552345215166277,766.5703564549881,5.8389261744966445
0,0,46800,52.83527850408122,262.41521657027005,0.5350516434969299,33.96498196672542,33.916962433786516,1017.5088730135952,8.25503355704698
0,0,46800,66.64438546556886,331.0004478123254,0.3443081756584938,50.06495780483523,24.232538703369467,726.976161101084,5.033557046979865
0,0,46950,34.04369001855293,169.08366042547956,0.5953224390998629,21.602083232873735,32.54573731603989,976.3721194811967,7.046979865771812
0,0,46950,63.815934822071476,316.952476282955,0.05238153632399676,48.89539855651184,29.207939706207533,876.238191186226,6.040268456375839
0,0,47100,39.411421933598724,195.7433956035403,0.6157930574996315,29.70151511286951,28.64864981130926,859.4594943392779,5.6375838926174495
0,0,47100,89.30981497574878,443.572081046219,0.1980349820724616,69.93346838245772,17.83793292717863,535.137987815359,6.442953020134228
0,0,47250,45.87222808566823,227.83206615881883,0.5331128265666183,37.61980861195341,21.58409925620076,647.5229776860227,4.429530201342282
0,0,47250,76.04269490611424,377.67871803370065,0.753916277532261,54.146468028856276,18.781758102879216,563.4527430863765,7.85234899328859
0,0,47400,36.32565003032809,180.41739515062943,0.6689476129169496,25.717892604177155,29.996568328933172,899.8970498679952,6.241610738255034
0,0,47400,108.9531415274415,541.1339362529595,0.47352284846918063,87.77653444970399,25.93459383596037,778.037815078811,5.23489932885906
0,0,47550,31.63073970554958,157.0993405375629,0.19187762569336464,23.488294957277567,32.54640667661388,976.3922002984162,4.630872483221476
0,0,47550,116.64096778374407,579.3168066592623,0.11975656059397313,101.06260435987222,24.478150201618877,734.3445060485664,3.825503355704698
0,0,47700,35.75508084389285,177.58356819133448,0.7052472132827338,23.97185850116869,35.483742472933166,1064.512274187995,6.040268456375839
0,0,47700,153.70100248374817,763.3816456692825,0.13983531679970343,134.57967900095412,22.22265859390457,666.6797578171368,5.033557046979865
0,0,47850,49.04485080702261,243.58942567487895,0.5773471287506607,33.926538284947235,24.359795624574744,730.7938687372423,6.442953020134228
0,0,47850,100.98679451437519,501.5677460880635,0.11769607403662027,57.92408825350701,40.21722316236905,1206.5166948710714,10.06711409395973
0,0,48000,49.7227864521978,246.95650604591575,0.31170260728593874,36.10609366852105,23.4593334093742,703.7800022812258,6.241610738255034
0,0,48000,164.74788852693234,818.2478463504307,0.10513117897510624,164.28280494318346,14.663808948235696,439.91426844707087,1.2080536912751678
0,0,48150,50.95963306195076,253.09951087435545,0.20199176089410908,36.2801598673439,23.270489821024402,698.1146946307321,6.845637583892617
0,0,48150,154.97134300675123,769.6910036001977,0.6343340950141826,132.05044490648305,15.439759627193297,463.19278881579874,4.026845637583892
0,0,48300,41.54930905547949,206.36156830888143,0.2391510198003288,27.85480209945727,25.88578654872737,776.5735964618211,7.449664429530201
0,0,48300,140.18801169158894,696.2671247348917,0.33336112024217607,109.06516400757846,19.818423974746768,594.552719242403,7.046979865771812
0,0,48450,33.353238557904525,165.6544181709258,0.6455773809736824,22.36358647444585,28.896153600916122,866.8846080274839,5.6375838926174495
0,0,48450,45.387987961487354,225.42700687538724,0.49869068353774515,28.158480072616765,24.786379261358913,743.5913778407673,5.6375838926174495
0,0,48600,36.33626724872481,180.47012733533322,0.4411887907730514,25.96170256358183,42.68101801238459,1280.4305403715377,6.644295302013423
0,0,48600,37.14457423302458,184.48471869068874,0.5663982908028351,17.28843544106735,23.681804793826696,710.454143814801,7.85234899328859
0,0,48750,25.433191929810704,126.3181865847265,0.4678935804362114,16.22498073958833,39.0030397800045,1170.091193400135,7.449664429530201
0,0,48750,61.81284647158268,307.003804142194,0.34400947989922376,37.19032132154669,30.61052327481902,918.3156982445709,7.248322147651007
0,0,48900,32.088803754423004,159.3743919803009,0.08868615635822595,24.08422720371035,34.31731123497438,1029.5193370492316,5.6375838926174495
0,0,48900,59.09104559291384,293.4855264448054,0.37490785462521403,32.93174760015243,34.88333759981756,1046.5001279945268,7.248322147651007
0,0,49050,40.81829309045529,202.7308556825946,0.32793394848253876,28.02231253840334,26.839199222135637,805.1759766640691,6.442953020134228
0,0,49050,43.657490814272165,216.83220437755182,0.3744029244719602,27.341177736153647,40.671336834016934,1220.140105020508,8.25503355704698
0,0,49200,38.80372717959134,192.72517832530366,0.30807083875033137,29.42600890368848,26.378867701950863,791.3660310585261,6.040268456375839
0,0,49200,33.27860541424139,165.28374022406555,0.3020905616551684,16.791962362989807,39.94324394764884,1198.2973184294653,8.456375838926174
0,0,49350,28.33518277052737,140.73140776028595,0.5055416448016171,23.430749027719262,30.768129027930872,923.043870837926,4.026845637583892
0,0,49350,104.5215151224999,519.1235251084161,0.6509039618619735,80.14942295487808,19.486165017785503,584.584950533565,7.449664429530201
0,0,49500,43.97435185123717,218.4059475278113,0.39796711703905535,27.679776010653054,28.678685722075627,860.3605716622687,9.060402684563758
0,0,49500,106.79388077245856,530.4096078365442,0.04889651749211554,80.40055969954248,16.947099238672727,508.4129771601817,7.651006711409396
0,0,49650,41.69276760748238,207.07407911716246,0.42081095598398827,31.467125702866735,34.99879204010586,1049.9637612031759,5.4362416107382545
0,0,49650,107.14169115614636,532.1370660755271,0.6987106685852235,84.62446454779058,11.771449829821439,353.1434948946432,6.442953020134228
0,0,49800,47.633045987150396,236.5774617361803,0.19101245634715097,34.28148188162252,27.045968256646436,811.379047699393,6.040268456375839
0,0,49800,130.1750218619205,646.5359419142051,0.4820803110307973,115.4123043700292,17.675003263794107,530.2500979138232,4.228187919463087
0,0,49950,37.37041853348445,185.6064120496394,0.2067409915298929,29.822474746405963,36.50634032512968,1095.1902097538905,6.040268456375839
0,0,49950,110.69575537396494,549.7889183573591,0.652485629209111,88.25610460472431,16.963996332151478,508.91988996454427,6.644295302013423
0,0,50100,37.57152128445188,186.6052223794444,0.4651120792523051,26.706740722150272,40.15023350357226,1204.5070051071675,5.6375838926174495
0,0,50100,106.90473503667378,530.9601840154797,0.3556467979030658,88.52491174804942,23.431862025334635,702.9558607600391,6.241610738255034
0,0,50250,22.76641040565785,113.07317168143399,0.10780198082322623,12.913945950017006,40.39807843543422,1211.9423530630268,8.859060402684564
0,0,50250,141.74737865578564,704.0119806570686,0.04758567253240533,119.97187170332937,18.421680851721092,552.6504255516326,4.630872483221476
0,0,50400,20.079420742114056,99.72778968583313,0.09736550237856195,10.606601717799178,44.9927195915126,1349.7815877453784,8.657718120805368
0,0,50400,110.92228197933616,550.9140004973694,0.5566393723085098,86.58002079001629,14.814194993416177,444.42584980248523,6.644295302013423
0,0,50550,20.946677501082963,104.03516492204538,0.3834224434861617,14.252368224262886,39.907737291005304,1197.232118730159,6.644295302013423
0,0,50550,98.58464156996699,489.637053130836,0.20295328761993803,74.91114736806578,19.804511092941837,594.1353327882553,7.046979865771812
0,0,50700,30.93376801922955,153.63771449550677,0.37013623316576405,25.612692166191305,40.36440747685692,1210.9322243057075,4.429530201342282
0,0,50700,131.58684086535982,653.5479762979539,0.11141314360666044,111.51327275261934,12.190733414310865,365.722002429326,5.033557046979865
0,0,50850,51.07262001558478,253.6606794107378,0.4305443339968381,30.013496963866086,28.670642343776272,860.1192703132883,7.651006711409396
0,0,50850,112.76947955690306,560.0884151326186,0.05629570548785601,88.47762428998547,13.766612393889138,412.99837181667414,6.040268456375839
0,0,51000,92.7057535364281,460.43857589759295,0.7859608036524477,70.14741620330543,21.268170777094262,638.0451233128279,7.449664429530201
0,0,51000,93.57047740620516,464.7333711174856,0.15578296562154725,70.57719178318233,13.842132614088124,415.26397842264373,6.040268456375839
0,0,51150,99.74710022211978,495.4105977698616,0.379323254840278,81.99006037319418,12.987820782399268,389.63462347197805,5.4362416107382545
0,0,51150,106.74463770951564,530.1650339572609,0.22221869841867206,80.00781211856687,14.750647724637162,442.51943173911485,7.046979865771812
0,0,51300,72.75109316848182,361.33042940345973,0.8210359591894986,56.60388679233883,22.150010671350877,664.5003201405262,5.6375838926174495
0,0,51300,126.93286068131684,630.4332080505402,0.2060958152323608,109.70856848943053,15.060053117674224,451.80159353022674,5.23489932885906
0,0,51450,102.76198001221793,510.38450072734906,0.7467978374909252,84.90583018850757,23.353356956161928,700.6007086848579,5.4362416107382545
0,0,51450,123.6316774811664,614.0373314897932,0.2202254233057473,100.53626211472219,15.747170010954045,472.4151003286213,5.23489932885906
0,0,51600,128.30199727538871,637.2332531344307,0.06293216777606227,112.96902230257506,13.479163361508462,404.3749008452539,4.832214765100671
0,0,51600,141.88956660837715,704.7181808216064,0.16539348651789473,120.39684381245235,12.765361906593993,382.9608571978199,4.630872483221476
0,0,51750,171.0724080277179,849.6596265376656,0.14895593136085009,160.23398515920317,9.680198086246147,290.40594258738446,1.610738255033557
0,0,51750,131.83788437522136,654.794825730266,0.09628615791249548,114.22399047485675,17.23702385795198,517.1107157385593,3.825503355704698
0,0,51900,102.99847777773898,511.55910629610355,0.2647870087317608,74.98379825002188,25.105368197986092,753.1610459395827,6.845637583892617
0,0,51900,122.60309292483494,608.9286948600136,0.08680361562961487,102.52190009944198,29.97993332426175,899.3979997278524,5.23489932885906
0,0,52050,115.10051638608228,571.6658980508753,0.10845891891154878,96.11477513889335,16.94972491020028,508.49174730600856,5.033557046979865
0,0,52050,113.64965631423098,564.4599596940141,0.10142088058448004,91.21677477306366,36.652152862584316,1099.5645858775292,6.644295302013423
0,0,52200,109.62692738086086,544.480405991609,0.1742327056888737,92.71213512803985,14.268833319192783,428.0649995757835,5.23489932885906
0,0,52200,159.27803767542167,791.0809204545942,0.4017528154022148,148.35963062774186,20.333233658404385,609.9970097521315,3.4228187919463084
0,0,52350,103.34444399358485,513.2774051681381,0.1483027139800436,77.22305355268149,19.883476656704424,596.5042997011328,7.248322147651007
0,0,52350,106.48235553562206,528.8623658269228,0.4391429390906705,83.1411450486457,21.338440426900668,640.1532128070199,6.442953020134228
0,0,52500,160.42093627295918,796.7573168223637,0.14946206623059463,146.3080653962728,11.919020495518993,357.5706148655698,1.8120805369127517
0,0,52500,100.44350994381595,498.8694327209525,0.24010880068587334,77.12801047608933,22.85207814661578,685.5623443984734,6.241610738255034
0,0,52650,64.28122102799425,319.2633977723714,0.3193292434873978,29.409182239566142,26.900101188730368,807.003035661911,10.46979865771812
0,0,52650,115.93615846468617,575.8162537079415,0.157002056814193,91.29123725747172,23.000799467910234,690.0239840373071,6.241610738255034
0,0,52800,63.06336179407831,313.2146969105889,0.2144681585245671,40.89364253768552,25.869345985927875,776.0803795778361,8.859060402684564
0,0,52800,107.37825855095758,533.312017469756,0.2774578651609594,82.08002192982337,14.738561250672944,442.1568375201884,6.644295302013423
0,0,52950,51.192449936381266,254.25583468402698,0.29661359203512766,33.685605234283784,30.092899888425464,902.7869966527638,7.651006711409396
0,0,52950,113.76872034965419,565.0513110699491,0.4648038207281862,82.11729415902725,15.773134505639787,473.1940351691937,8.657718120805368
0,0,53100,77.33643944450043,384.1043159076854,0.10038751153934136,43.475165324585255,25.763608802757975,772.9082640827394,9.060402684563758
0,0,53100,95.01366291393956,471.9011924725664,0.3248325329934505,69.51007121273832,23.091260249755365,692.7378074926611,7.449664429530201
0,0,53250,62.039854210737474,308.1312759133295,0.35358594532278925,45.90882268148553,26.85750784312665,805.7252352937996,7.046979865771812
0,0,53250,36.037316634434966,178.98533928436035,0.7770952098348576,24.067405344158367,25.007674476588875,750.2302342976662,6.040268456375839
0,0,53400,106.75892084051351,530.2359735078837,0.2527908636444079,82.82662615367086,15.867399158301753,476.0219747490526,6.845637583892617
0,0,53400,26.619564204517904,132.21050221577224,0.07373458914930701,21.064187617851132,27.36558372670341,820.9675118011024,3.4228187919463084
0,0,53550,112.49735819629967,558.7368790416218,0.33774473479648237,92.58001944264068,14.931492182940977,447.9447654882292,5.8389261744966445
0,0,53550,27.03019578223603,134.24997238510562,0.22251368107911595,20.082081565414583,36.379278343620875,1091.3783503086265,5.4362416107382545
1,0,0,90.33177434835662,448.6478125968378,0.4311140760104105,69.1251039782224,25.346572933542156,760.3971880062647,7.248322147651007
1,0,0,104.75990987366659,520.307552372544,0.026256270719014343,76.63223864666739,22.074756539290515,662.2426961787154,7.449664429530201
1,0,0,84.52347580285988,419.79992982087066,0.6942274369322173,52.24566967701711,25.468464595192728,764.0539378557818,8.657718120805368
1,0,0,44.82314543391537,222.62162232177974,0.13497602800619005,26.100000000000136,41.768214692624326,1253.04644077873,7.046979865771812
1,0,150,156.62279967828016,777.8932384021248,0.14801910343019004,119.41733542497172,17.19508832715456,515.8526498146368,5.6375838926174495
1,0,150,82.20501880248241,408.28492671899596,0.6649660605485274,47.2630934239389,40.45300027493132,1213.5900082479393,7.046979865771812
1,0,150,76.36687552903173,379.28881512752434,0.44085166944294185,45.34765705083411,40.891714781707364,1226.751443451221,8.25503355704698
1,0,150,34.363165342199764,170.6703878662588,0.5520676469567689,22.212158832492925,54.19724886764174,1625.917466029252,6.241610738255034
1,0,300,148.3202153797557,736.6570697194534,0.18573188681835479,139.31923772401274,17.012363878821816,510.3709163646545,2.013422818791946
1,0,300,91.49685152254378,454.4343625619673,0.3834178344680709,67.45198292118633,32.310732962737085,969.3219888821122,7.85234899328859
1,0,300,62.82207821054864,312.0163217790582,0.2637933712765304,29.84660784745913,36.46809786732173,1094.0429360196522,9.261744966442953
1,0,300,31.290192574653126,155.40795645411055,0.6863156274530144,22.722895942198782,62.196980632387195,1865.9094189716157,4.429530201342282
1,0,450,150.19934215544563,745.9900660387136,0.10046112822129442,134.84991657394605,16.618156521230688,498.5446956369206,2.214765100671141
1,0,450,61.81562983199232,307.01762816556186,0.6268167996504665,41.57138438878409,22.525817881054202,675.774536431626,7.248322147651007
1,0,450,51.09541127703241,253.77387600926102,0.31086406465243543,34.48042923166681,44.788631198550746,1343.6589359565226,7.046979865771812
1,0,450,57.44726280929213,285.32140528615093,0.08987929493477602,42.0877654431782,41.34754371374295,1240.4263114122884,6.845637583892617
1,0,600,139.39254012676906,692.3162826296196,0.07329190972153064,128.5754642223785,15.372934320822012,461.1880296246604,2.8187919463087248
1,0,600,75.19755446949131,373.48118719847355,0.5826921767361568,60.54428131541445,13.70869177512861,411.2607532538583,6.040268456375839
1,0,600,115.48324448163622,573.5667809254599,0.17982996439834822,86.4400948634372,30.713830699139905,921.414920974197,8.657718120805368
1,0,600,38.77000758471165,192.5577043374012,0.25151408920127577,22.7070473642004,66.79780941464048,2003.9342824392143,9.463087248322147
1,0,750,146.16195631382095,725.9377163586441,0.023068279144088176,134.08254920011044,21.478843038222273,644.3652911466681,3.6241610738255035
1,0,750,120.46073904096012,598.2883372367686,0.7594407812076039,95.27775186264661,12.54096626736326,376.2289880208978,7.248322147651007
1,0,750,84.65189135503257,420.43772706332845,0.041995417170260806,48.66014796525001,33.87329006807069,1016.1987020421208,8.859060402684564
1,0,750,62.74339620592711,311.62553448943805,0.19770186916602803,45.53877468707279,29.556375733527165,886.691272005815,7.449664429530201
1,0,900,159.61297785725165,792.7444566910166,0.11058075406472088,150.7245500905537,16.96593198658396,508.977959597519,2.4161073825503356
1,0,900,90.34133617163315,448.6953029857779,0.4325841661727423,60.67421198499356,19.85238530606804,595.5715591820413,8.456375838926174
1,0,900,74.49923327422472,370.01285859531606,0.19771668163147968,52.155153149041794,29.652216355683997,889.5664906705197,6.241610738255034
1,0,900,81.54684249658389,405.0159843997001,0.32748390000296246,57.61327971917488,17.614075016330027,528.4222504899009,7.248322147651007
1,0,1050,131.61137010477583,653.66980485372,0.10821583263947243,118.25480962734697,19.062654994629657,571.8796498388897,5.4362416107382545
1,0,1050,109.86423085490534,545.6590132460299,0.8447853407147086,75.48205084654158,20.870757289117225,626.1227186735166,7.248322147651007
1,0,1050,57.69769088291991,286.5651980518355,0.2641552519054888,36.44969135671901,35.45443283136093,1063.632984940828,7.651006711409396
1,0,1050,56.487502608337905,280.5545962880783,0.4999143542567067,40.50444420060661,26.594036650361463,797.8210995108441,5.8389261744966445
1,0,1200,138.18122886328587,686.3001033543198,0.09924975308003069,119.31743376388864,17.46679677418963,524.0039032256888,4.429530201342282
1,0,1200,72.95560029114066,362.3461481126652,0.6816772876993056,55.675667934926985,19.661848273182695,589.8554481954808,5.8389261744966445
1,0,1200,46.072002415632646,228.82427866430882,0.22894106988253987,27.106456795383412,51.4626968620092,1543.8809058602765,7.651006711409396
1,0,1200,80.15188148243071,398.0876780294058,0.8555567974987706,56.903602697897064,17.703673549065613,531.1102064719684,8.456375838926174
1,0,1350,170.63827485114734,847.5034317606985,0.0367012026407952,150.51750728735973,14.846294672072124,445.3888401621637,2.8187919463087248
1,0,1350,70.73083543051061,351.2964826382027,0.48864498097860676,51.92427178112287,17.530594505751214,525.9178351725362,7.248322147651007
1,0,1350,91.19022460638878,452.9114488783976,0.659291924329604,66.06882774803812,25.644436018301604,769.3330805490481,7.449664429530201
1,0,1350,75.01098645732034,372.55456607135767,0.09780141125736448,54.153116253821615,20.714676580563857,621.4402974169157,6.442953020134228
1,0,1500,95.3023871817421,473.3351896693191,0.39642196512480904,68.73208857586046,22.910434214235064,687.3130264270518,6.442953020134228
1,0,1500,65.01896781800872,322.92754016277655,0.242049193235142,45.82542962155469,23.63572739915092,709.0718219745274,7.248322147651007
1,0,1500,111.53868263082143,553.9754570664131,0.558237706046711,87.74423057956449,26.3053955987674,789.161867963022,6.040268456375839
1,0,1500,117.74281801094585,584.7893294543642,0.7924883160485509,93.42001926782106,18.2110033846278,546.330101538834,7.651006711409396
1,0,1650,77.8149571124246,386.4809536583754,0.5124191933880288,53.481679106026114,30.08915557873869,902.6746673621608,7.046979865771812
1,0,1650,75.63622289650894,375.6599070526611,0.14675983922940455,55.33760023709052,25.497872761892594,764.9361828567779,5.4362416107382545
1,0,1650,87.41189503809483,434.14574535587093,0.6374664078989097,65.46395955027432,30.049173100398566,901.4751930119571,7.248322147651007
1,0,1650,89.11145775891924,442.5869068692988,0.5302349455757887,62.9299610678449,32.06173894221987,961.8521682665959,6.845637583892617
1,0,1800,78.2461871674259,388.6227295982153,0.7342116002510762,57.71394978685885,32.431794978770384,972.9538493631117,5.8389261744966445
1,0,1800,65.07785336949331,323.2200050684835,0.713587851654856,45.26820075947343,25.73454398973048,772.0363196919143,6.442953020134228
1,0,1800,74.67117955318307,370.86685844747586,0.2927706089882322,54.12818119981532,27.4666186164874,823.998558494622,6.442953020134228
1,0,1800,85.88901107182481,426.58208832339653,0.8601799444832822,63.16050981428124,23.16266768378961,694.8800305136883,6.845637583892617
1,0,1950,121.29582573961993,602.435934506779,0.39014625074744835,96.91532386573331,23.2026140399261,696.0784211977832,6.644295302013423
1,0,1950,111.69248508074725,554.7393425677114,0.13163097384192596,75.61725993448879,18.80917024629454,564.2751073888362,8.859060402684564
1,0,1950,93.45002780494127,464.13513809787503,0.537679769478891,67.89550795155718,27.251632551857856,817.5489765557357,6.845637583892617
1,0,1950,118.46210754550722,588.3618008093524,0.5610698397177791,98.54851597055891,19.57571974603901,587.2715923811703,4.832214765100671
1,0,2100,84.91880617337998,421.76340399445394,0.4898518707084334,43.764026322998916,30.470767722259144,914.1230316677742,10.872483221476509
1,0,2100,87.84044237477606,436.27419712805454,0.3514818752185108,66.27352412539958,16.159971805604815,484.79915416814447,5.6375838926174495
1,0,2100,98.27182236174363,488.08338439666,0.23389623840550922,77.42673956715619,26.487533010537312,794.6259903161192,6.442953020134228
1,0,2100,98.19776428852393,487.71556263300226,0.42611234200722753,70.49234000939452,30.143762962198494,904.3128888659548,7.449664429530201
1,0,2250,79.78710183683955,396.27593912296976,0.33992055184971987,57.528080100066724,30.478486211431377,914.3545863429413,7.248322147651007
1,0,2250,87.64035299255018,435.2804198629992,0.5293755029610672,64.82846596981975,24.35769332832648,730.7307998497945,6.644295302013423
1,0,2250,79.91504665563492,396.9113983896534,0.37284273259512263,56.61978452802539,31.077917195463822,932.3375158639147,8.053691275167784
1,0,2250,91.39415809773998,453.9243185521086,0.8203937835968482,66.40579793963647,22.503475993905088,675.1042798171527,7.449664429530201
1,0,2400,38.93937290359225,193.39888542117484,0.1565065357364201,27.04163456597992,39.33235915413599,1179.97077462408,6.040268456375839
1,0,2400,89.15966069424894,442.82631478143645,0.15338332956998976,71.86048983968821,20.914205431723243,627.4261629516973,5.8389261744966445
1,0,2400,132.5451101214214,658.3073802697261,0.22481703164621614,97.12821423252919,17.31318142098064,519.3954426294193,6.644295302013423
1,0,2400,155.5195795594477,772.4139118119238,0.5372230710637828,146.79322191436418,14.986842496109992,449.60527488329984,2.4161073825503356
1,0,2550,56.408336961449265,280.1614069085314,0.14356711666996672,41.84220357485723,33.670406256346745,1010.1121876904024,5.6375838926174495
1,0,2550,89.21735481058762,443.1128622259186,0.48658859207306554,64.91378898200173,16.24237814787674,487.27134443630223,6.644295302013423
1,0,2550,87.29860187464097,433.5830559773835,0.44345177784456963,51.448032032332456,27.029041413969512,810.8712424190854,9.060402684563758
1,0,2550,87.48569452817662,434.51228282327725,0.5017638611792138,58.803061144809746,29.205778175705582,876.1733452711674,8.053691275167784
1,0,2700,61.0212433252693,303.0721751821709,0.5955062568613972,41.85510721524732,31.407202988546075,942.2160896563821,6.644295302013423
1,0,2700,103.08379736435629,511.98286024296954,0.7145266464969402,70.22627713327809,20.070494428260602,602.114832847818,8.053691275167784
1,0,2700,98.73321485291012,490.374967102787,0.7791049725842872,73.79329237810168,21.979318398006402,659.3795519401921,7.449664429530201
1,0,2700,126.58723742191479,628.7166125288434,0.7018240848008062,96.9074300556968,20.83979672773833,625.1939018321499,8.657718120805368
1,0,2850,60.20257539563215,299.006124464973,0.4211621635911103,43.01732209238566,25.679129584092234,770.373887522767,7.248322147651007
1,0,2850,50.865507601311805,252.6320210865153,0.26516848682013866,22.29708501127565,49.398244773727555,1481.9473432118266,10.268456375838927
1,0,2850,68.00299011273462,337.748184226582,0.12845405602411938,37.858288392370326,45.021567479417705,1350.647024382531,10.268456375838927
1,0,2850,92.76430121652773,460.72936270875437,0.1429822778800783,67.64983370267781,15.158696867901211,454.76090603703636,7.651006711409396
1,0,3000,80.62171746567574,400.4211967461896,0.476043330728652,64.78402580883727,28.263910583312164,847.9173174993649,6.040268456375839
1,0,3000,74.68743200836836,370.94757897489615,0.7874800712762953,59.85883393451488,22.108951069251848,663.2685320775556,6.040268456375839
1,0,3000,58.28420962601859,289.478241142559,0.5973224855765752,39.49303736103335,46.463007879175876,1393.8902363752763,7.046979865771812
1,0,3000,93.23711732571883,463.0776827177369,0.5295564926935906,68.4959852838112,20.65597639017526,619.6792917052577,7.248322147651007
1,0,3150,123.63549177324705,614.0562758071269,0.1588545684548192,108.08163581293437,16.787373030059644,503.62119090178925,4.832214765100671
1,0,3150,99.2380045692455,492.88208936058595,0.5446155455617174,77.1583436836222,15.71104646476757,471.3313939430272,7.248322147651007
1,0,3150,85.79793923100866,426.12976484734304,0.5701897778177959,57.564051282029,20.738965003346607,622.1689501003982,8.456375838926174
1,0,3150,89.20985975988866,443.07563680744704,0.6482085526601352,67.39057797644836,16.91606721074094,507.4820163222282,6.845637583892617
1,0,3300,99.17423893779159,492.565386724365,0.18842746719521752,77.12801047609202,19.386479215729114,581.5943764718735,6.845637583892617
1,0,3300,128.8424800384096,639.9176508574343,0.18569931923670033,114.01934046467768,16.929724255299693,507.89172765899076,4.228187919463087
1,0,3300,57.11738714559895,283.6830228231414,0.16609190720737887,40.30508652763273,35.457870807558265,1063.736124226748,6.845637583892617
1,0,3300,87.73165828730457,435.73390282694606,0.8620948729887405,64.74720071169033,16.946976805967402,508.4093041790221,6.644295302013423
1,0,3450,127.80493981516919,634.7645344153402,0.6467050852440034,115.48480419518417,22.97232812171201,689.1698436513605,5.033557046979865
1,0,3450,151.87510757244127,754.3130342764582,0.4434510110880636,132.74279641471998,13.040855454722852,391.2256636416856,4.228187919463087
1,0,3450,92.05578512393147,457.21039944885956,0.1414406428182798,62.41874718383884,29.218920407079402,876.5676122123823,8.456375838926174
1,0,3450,87.7814350318431,435.98112732482076,0.749389820983379,62.10072463345485,22.778831203304083,683.3649360991225,7.046979865771812
1,0,3600,124.98215703786688,620.7447132880723,0.8264550993839036,108.32617412241663,16.22194858782695,486.6584576348085,4.429530201342282
1,0,3600,124.83906270663444,620.0340114429509,0.304492184389169,103.843343551719,16.901048374858433,507.0314512457529,5.033557046979865
1,0,3600,85.60983577833314,425.19551769905456,0.21679243904450696,68.37170467378992,55.82033885830269,1674.6101657490804,4.429530201342282
1,0,3600,119.17641742714609,591.9095398881589,0.5162407868901707,90.15636416803864,13.90264301457959,417.07929043738784,7.248322147651007
1,0,3750,87.52495471206826,434.7072750699391,0.826368421771598,62.954269116556524,27.340858836813073,820.2257651043923,7.85234899328859
1,0,3750,99.57799869133846,494.57072683364765,0.09671778058337958,81.1054868674134,21.255490371064177,637.6647111319253,6.241610738255034
1,0,3750,118.71078891305777,589.596918268187,0.11240092221888054,94.817087067679,21.553754734546402,646.612642036392,6.040268456375839
1,0,3750,96.90843284034369,481.31188310704044,0.6099210287337139,63.45407788314374,31.69195001253236,950.7585003759706,8.657718120805368
1,0,3900,90.61051877475529,450.0322432479513,0.3916184925591071,57.187586065507496,17.884213147032167,536.526394410965,8.859060402684564
1,0,3900,112.70168402626093,559.7516973304294,0.39908381131614534,89.19641248391191,18.023170475282107,540.6951142584634,7.651006711409396
1,0,3900,67.98886909361745,337.6780498316332,0.36681665159108917,50.50346522764617,33.32026917378594,999.6080752135781,5.8389261744966445
1,0,3900,94.05970203960462,467.1631867967029,0.6855615732978729,62.361045533249396,28.84340060492718,865.3020181478155,8.859060402684564
1,0,4050,87.29999857962741,433.5899929454828,0.7740114301278326,63.48810912289006,25.927922304630247,777.8376691389074,7.449664429530201
1,0,4050,95.63168975792173,474.9707257976779,0.291257302465675,76.37224626786808,21.171533796093435,635.1460138828028,6.241610738255034
1,0,4050,121.10047940439132,601.4657143751435,0.5266062306741083,100.09620372421897,30.996125813135162,929.883774394055,4.630872483221476
1,0,4050,126.37755022332254,627.6751661091687,0.23131600203601807,117.1111010963515,12.193610097279823,365.8083029183947,3.221476510067114
1,0,4200,56.92345738267656,282.7198383339602,0.10146116169481333,31.022088904520672,34.67364726364804,1040.209417909441,10.46979865771812
1,0,4200,99.3804474802321,493.5895558184862,0.1969171506022631,72.62974597229446,14.014090876850656,420.42272630551963,6.442953020134228
1,0,4200,76.18417076750413,378.3813814786039,0.18983381074654687,55.083300554704415,27.59191637487272,827.7574912461815,6.241610738255034
1,0,4200,139.58710494170793,693.2826212104828,0.05437218196020382,102.84750847735837,25.896878141890163,776.9063442567049,7.046979865771812
1,0,4350,73.21091664700882,363.61421934681044,0.44519519217435216,35.16276439644688,29.78645793237713,893.5937379713141,10.06711409395973
1,0,4350,127.53471208448383,633.4224033529363,0.7570005560824715,90.9796680583071,13.677605292089032,410.32815876267085,7.449664429530201
1,0,4350,113.3503694124575,562.9735014152056,0.6113805015819215,87.5491290647722,16.416041203017606,492.4812360905282,7.248322147651007
1,0,4350,113.54995128433842,488.2647905226552,0.20063381989616066,102.78098073087274,27.811221105120115,834.3366331536035,3.7209302325581395
1,0,4500,64.51468563146508,320.4229386362766,0.25465172164318045,33.9092907622681,35.47495959503258,1064.2487878509774,9.865771812080537
1,0,4500,99.0562678026387,491.97946341977223,0.6646289687553933,74.77285603746849,17.34910436797969,520.4731310393908,6.040268456375839
1,0,4500,44.19285579948935,219.49118380413046,0.3738164354475785,27.692778842144385,26.922489939261943,807.6746981778584,5.8389261744966445
1,0,4650,101.1661960563587,502.4587737465816,0.39726033096960406,79.89806005154207,29.88485596338544,896.5456789015632,6.040268456375839
1,0,4650,83.54496839637243,414.94000970198306,0.5900915877223167,58.014136208344254,19.799447115769755,593.9834134730926,7.85234899328859
1,0,4650,48.19397828802951,239.36342549721323,0.29114270803961956,33.08715762951001,41.2653180957861,1237.9595428735831,6.040268456375839
1,0,4800,60.47881428762063,300.37811096184913,0.12777399744307225,35.39745753581699,42.10748026334056,1263.2244079002173,9.865771812080537
1,0,4800,164.0234034754325,814.6495705946479,0.3231709370103202,143.57750520189535,12.723666249162541,381.70998747487624,4.630872483221476
1,0,4800,64.8004964010613,321.8424654586045,0.09308647483856024,50.40089284923419,23.86303402075074,715.8910206225223,6.241610738255034
1,0,4950,94.61707938663726,469.93149428696506,0.4813053917237569,79.6131270582941,24.93901073185706,748.1703219557118,4.630872483221476
1,0,4950,72.42055542418542,359.6887586067876,0.39662392761414733,49.203658400573175,32.14027536757544,964.2082610272632,7.651006711409396
1,0,4950,81.97501170110483,407.14255811548725,0.31281886235389406,57.87512418993311,32.6438877422872,979.3166322686161,7.651006711409396
1,0,5100,98.46271806442846,489.0314997199947,0.3990259831079175,70.98344877504954,24.277058107436428,728.3117432230929,7.248322147651007
1,0,5100,92.7081423319114,460.4504402484933,0.8127083200031086,56.09358252063916,28.377850338177062,851.3355101453117,7.449664429530201
1,0,5100,56.82980413563076,282.25469387363273,0.21864627294831807,40.03623358908824,33.57142551305513,1007.1427653916542,7.449664429530201
1,0,5250,79.18122907194348,393.2667710573192,0.2525351098687537,57.52651562540424,25.2556116667819,757.6683500034569,7.248322147651007
1,0,5250,88.10861042930043,437.6060984655254,0.38879146036689194,62.8612758381496,18.76841001379591,563.0523004138771,7.449664429530201
1,0,5250,88.07490339527081,437.43868686317836,0.4601304090220737,70.38309456112256,22.15697650466539,664.7092951399617,6.241610738255034
1,0,5400,82.2115905953879,408.31756662375994,0.1598710607641487,66.31085883925572,25.607306982018546,768.2192094605564,5.6375838926174495
1,0,5400,80.07745775416717,397.71804017903025,0.25357540378554844,64.66722508349997,20.311482519969122,609.3444755990737,5.4362416107382545
1,0,5400,75.9048306188828,376.99399207378457,0.7821691540072709,55.66758482276835,27.982183779609525,839.4655133882859,7.046979865771812
1,0,5550,74.20931011415573,368.57290690030675,0.28354437730472903,55.56725654555757,24.62892601385039,738.8677804155117,6.241610738255034
1,0,5550,102.87837555584022,510.9625985940064,0.6927293962579928,71.98249787274685,20.03260491170457,600.9781473511372,7.85234899328859
1,0,5550,94.86083281132024,471.14213629622395,0.8142844342075864,66.75724679763131,21.91157475954965,657.3472427864895,7.248322147651007
1,0,5700,91.93523554854833,456.61166989112337,0.1197174107148325,70.57145315210666,25.463375499396676,763.9012649818999,6.040268456375839
1,0,5700,75.16719812841625,373.330417371134,0.6831302463336066,56.681743092461076,28.13605462455403,844.0816387366209,6.241610738255034
1,0,5700,55.192104365176725,274.12078501371104,0.3435582540968966,40.58435659216426,31.57304440673113,947.191332201934,6.241610738255034
1,0,5850,91.01732930786243,452.0527355623834,0.17878961825355016,68.13897563069229,25.27743414731462,758.3230244194386,6.845637583892617
1,0,5850,112.04673883228357,556.4988028670084,0.6912060380927884,81.35533172448,25.05607538126718,751.6822614380155,6.644295302013423
1,0,5850,60.827375089808704,302.1092962793832,0.5117339583120157,46.976589914554054,32.44945843548378,973.4837530645133,5.8389261744966445
1,0,6000,99.07399158086164,492.06749151827955,0.26901623513589096,70.51595564126062,23.48061717619304,704.418515285791,7.651006711409396
1,0,6000,140.26507909022004,696.6498928147595,0.2802239269752073,129.64200708103806,14.9456976930537,448.370930791611,4.832214765100671
1,0,6000,93.72419400475314,465.4968302236074,0.7748369495469533,69.7717707959333,15.414593961943389,462.4378188583016,6.845637583892617
1,0,6150,113.34554095823066,562.9495200925456,0.3343517084368731,97.40349069720232,18.551976655571252,556.5592996671377,6.040268456375839
1,0,6150,134.28585296725956,666.953069737389,0.26481805888986004,113.55069352496109,19.318390226529168,579.5517067958751,5.8389261744966445
1,0,6150,78.00090555039216,387.4044975669477,0.4080979942372211,53.88320703150395,31.913241419053648,957.3972425716096,8.25503355704698
1,0,6300,88.03090417752657,437.22015741504856,0.20491174872629717,72.15982261618933,35.52095549498461,1065.6286648495382,5.6375838926174495
1,0,6300,152.95724976156737,759.6876738157846,0.2768800776056448,142.62625985420775,16.715261343094443,501.45784029283334,4.429530201342282
1,0,6300,67.56165044391739,335.5561972047898,0.37897209028916096,39.66925761846329,26.634518943573703,799.0355683072111,9.865771812080537
1,0,6450,80.49990662364524,399.8162028974381,0.42579691058014835,59.50142855427866,37.55132482587862,1126.539744776359,8.053691275167784
1,0,6450,124.10249804792197,616.3757403046791,0.36993247025023834,106.16482468313127,15.4644974322507,463.93492296752095,5.033557046979865
1,0,6450,63.457919133404594,315.1743316959095,0.8465531966707444,44.59114261823679,30.500235730813415,915.0070719244027,7.046979865771812
1,0,6600,145.28797493452714,721.5969421748182,0.2530087470657406,137.32530720883355,15.345697988377326,460.37093965131976,1.610738255033557
1,0,6600,148.22445175910948,736.1814437369103,0.369929167446369,130.2114050304347,13.845454177583807,415.3636253275142,3.4228187919463084
1,0,6600,94.28037277772106,468.2591847960146,0.7566648708047883,68.85375806736918,33.41143183169707,1002.3429549509124,7.248322147651007
1,0,6750,97.18909762529704,482.70585153897525,0.5300980348667134,66.22054061996295,28.92417217661288,867.7251652983865,8.456375838926174
1,0,6750,138.7624632146596,689.1869006328093,0.4994187409969833,120.15589873160735,17.19760932547699,515.9282797643098,4.429530201342282
1,0,6750,119.61702298741147,594.0978808374771,0.48735021417760577,100.21661538886636,17.108476187356647,513.2542856206995,5.4362416107382545
1,0,6900,124.19745464151615,616.8473580528635,0.6523200661096461,105.55908298199735,19.278558630765442,578.3567589229633,5.4362416107382545
1,0,6900,113.99543739257801,566.1773390498041,0.6232256569852795,90.45534810059674,18.585381673510312,557.5614502053093,5.8389261744966445
1,0,6900,169.55854411360625,842.1407690975777,0.17678386633968257,111.07983615400109,19.035563419751753,571.0669025925528,5.23489932885906
1,0,7050,97.31620899392877,483.3371713365129,0.4703745719281203,66.97730959063806,25.888021254060032,776.6406376218007,7.651006711409396
1,0,7050,144.21979417509556,716.2916444029745,0.08816548617253545,127.25977369145373,13.974658192354404,419.2397457706322,4.429530201342282
1,0,7050,105.8295308054374,525.620003000339,0.01924873368800077,72.03124322125811,23.96007515407982,718.8022546223947,8.053691275167784
1,0,7200,94.38033889117487,468.7556831595018,0.370247380988697,66.51616344919638,25.12076811529432,753.6230434588297,7.651006711409396
1,0,7200,153.03796716249025,760.0885702403682,0.10785405172725009,140.82659549957197,15.24420070495673,457.3260211487018,3.825503355704698
1,0,7200,134.84339675826376,669.7222038993768,0.1472990221491041,113.30988482917064,22.4944489680046,674.8334690401381,5.8389261744966445
1,0,7350,36.53467338289592,181.45554446838304,0.1356261328179664,24.747727168365792,35.73711170021356,1072.113351006407,7.85234899328859
1,0,7350,121.5859331522769,603.8768013229752,0.39022956022714317,94.02260366528873,23.684271170918592,710.5281351275576,6.040268456375839
1,0,7350,216.9300511728058,1077.4192541582688,0.2443735972915168,214.49895104638804,8.689211721326558,260.6763516397968,0.20134228187919462
1,0,7500,25.353855023070036,125.92414661458119,0.29099275497356303,16.47543626129361,38.46334025402142,1153.9002076206423,7.449664429530201
1,0,7500,116.31458125831631,577.6957535829711,0.49443574406536017,100.7231850171546,20.3573564333555,610.7206930006649,5.033557046979865
1,0,7500,252.7859056363462,1255.5033313271865,0.3712394827887511,240.30149812267172,10.055543321161153,301.6662996348346,0.8053691275167785
1,0,7650,36.11239330552269,179.35822008409602,0.6820931185764398,24.01686907155083,38.869444450297806,1166.0833335089342,6.845637583892617
1,0,7650,68.0026575758559,337.746532626751,0.3065287672718376,30.424496709066137,35.279885011188455,1058.3965503356535,10.268456375838927
1,0,7650,218.6374795999193,1085.8994820129324,0.18824708259801917,201.43140271566298,12.630450200748047,378.91350602244137,1.2080536912751678
1,0,7800,26.35930006383166,130.91785698369725,0.20154991755976667,16.673631877908818,59.19680814989463,1775.9042444968393,7.449664429530201
1,0,7800,156.4959484414832,777.2632105926998,0.13538920790608003,144.36360344629844,12.269593806913555,368.08781420740667,2.214765100671141
1,0,7800,217.62486034902247,1080.8701397334785,0.3064980719805216,217.44040562876012,10.559072036592251,316.7721610977676,0.20134228187919462
1,0,7950,76.90735424260767,381.97319273828475,0.28075212981249786,50.50792017100031,31.199960578641594,935.9988173592479,8.657718120805368
1,0,7950,172.56257353310008,857.0607818810636,0.09969951555021149,159.2988700524884,15.54571435615829,466.3714306847487,1.8120805369127517
1,0,7950,176.70428930214885,877.6313035340061,0.008700245017726026,130.68745157818353,15.726100172030055,471.7830051609017,7.046979865771812
1,0,8100,129.80682682808677,644.7072399128309,0.3578329492346897,116.5066521705939,15.951273239039919,478.5381971711977,3.825503355704698
1,0,8100,117.55336450966223,583.8483770646558,0.15476783636504535,94.99157857410303,22.664035044137634,679.9210513241292,5.23489932885906
1,0,8100,140.7800671948678,699.2076670678435,0.11962388826422808,110.21274880883865,20.53325030788411,615.9975092365235,6.644295302013423
1,0,8250,49.13787084355783,244.05142518967054,0.35217496293538325,33.16051869317012,28.32949485162688,849.8848455488063,7.046979865771812
1,0,8250,114.68477366972971,569.6010425596575,0.3970756933644687,97.68259824554237,19.007126589920123,570.2137976976037,6.241610738255034
1,0,8250,124.90674369993874,620.3701603763623,0.1925977255540697,97.04524717882967,15.844634185918018,475.33902557754055,7.046979865771812
1,0,8400,74.08028419950745,367.93207819088695,0.41288017087329915,54.040817906468874,27.676157869219107,830.2847360765732,6.644295302013423
1,0,8400,117.65100044953532,584.333302232692,0.1298750050041437,95.39103731483341,20.342376224388346,610.2712867316502,6.442953020134228
1,0,8400,138.7462726263219,689.1064873773987,0.2042061750031861,130.6309687631532,13.995778621058182,419.87335863174553,2.4161073825503356
1,0,8550,64.03397973388026,318.03543267827195,0.39613592232243994,38.59753878163653,22.330633775165794,669.9190132549737,8.657718120805368
1,0,8550,161.05821522386816,799.9224689452117,0.6824889049478629,146.2628455897122,16.106591312259482,483.1977393677844,3.6241610738255035
1,0,8550,135.44172450192394,672.6938983595555,0.21670689500111556,110.329869029198,16.37732479686363,491.31974390590875,6.241610738255034
1,0,8700,71.4546221483303,354.8912900033738,0.22758618963777377,49.684202720785095,31.071493669004212,932.1448100701264,7.046979865771812
1,0,8700,62.53632864260245,310.5970989249256,0.09288967444880265,41.75284421449397,36.44059237230622,1093.2177711691863,7.046979865771812
1,0,8700,121.7937799345667,604.9091070083481,0.5746465454982762,101.16407465103424,18.989793865228798,569.693815956864,6.442953020134228
1,0,8850,56.56569179356671,280.94293590804796,0.39217743968534036,38.484282505979074,30.5881706098831,917.645118296493,7.248322147651007
1,0,8850,105.78941450260857,525.4207586962891,0.103909084054725,83.46364478022649,23.47057258175649,704.1171774526945,6.644295302013423
1,0,8850,125.82065566645743,624.9092564767385,0.0742233679561465,101.62209405439225,14.501342563461588,435.04027690384765,6.040268456375839
1,0,9000,75.55526010335056,375.2577918466411,0.789688889553861,54.83438702128512,15.67236964202312,470.1710892606937,6.644295302013423
1,0,9000,97.47892729126555,484.14533887995225,0.22274637850936702,79.33851523692658,23.99897545016152,719.9692635048457,5.033557046979865
1,0,9000,94.56744820692593,469.6849927610655,0.43985533646913555,71.56116265126049,27.65924359353945,829.7773078061834,6.442953020134228
1,0,9150,56.5583590575013,280.90651665225647,0.5459937334910192,42.00428549564798,26.18459058024696,785.5377174074088,5.8389261744966445
1,0,9150,102.26785886540907,507.93036569819844,0.35362199071232414,75.0995339532814,20.2158851615651,606.476554846953,7.046979865771812
1,0,9150,79.64374510738816,395.5639340333611,0.6381015809489402,64.16634631954629,26.561055700100127,796.8316710030037,5.033557046979865
1,0,9300,57.61619002771158,286.16041047096746,0.49251038845471373,42.479406775521326,16.82301066673684,504.6903200021053,6.442953020134228
1,0,9300,104.2080327945848,517.566562879771,0.5850501702022155,78.6160288999646,19.20836553004855,576.2509659014565,7.248322147651007
1,0,9300,87.2856599277333,433.51877764107536,0.6089385045669294,67.67045145408554,21.903265779063297,657.0979733718989,7.449664429530201
1,0,9450,80.74506587641096,401.03382718617445,0.7323786655948049,55.66192594583759,20.70101808843223,621.030542652967,7.85234899328859
1,0,9450,83.62728530334861,415.34885033996477,0.61486934608263,62.222343253850326,28.14424277738478,844.3272833215435,6.442953020134228
1,0,9450,78.7802386852643,391.27518547014597,0.6120854547136186,65.79376870190737,25.990124735082297,779.7037420524689,6.241610738255034
1,0,9600,53.77041618216358,267.0597337047458,0.7546510902360801,35.029416209806044,22.13106481246846,663.9319443740537,8.456375838926174
1,0,9600,59.07626191241822,293.4121008316772,0.16898789706503548,40.525547497843604,37.23572347495887,1117.071704248766,7.449664429530201
1,0,9600,103.28656559666359,512.9899424634291,0.5312216988976631,76.54292913130595,28.06348049505902,841.9044148517706,7.046979865771812
1,0,9750,66.90483969929765,332.29403717317837,0.25124747580658924,49.00663220422197,25.07288811417325,752.1866434251975,7.248322147651007
1,0,9750,91.10697590575182,452.49798033190064,0.39290627229250014,54.92048798035254,26.692519873394918,800.7755962018473,10.46979865771812
1,0,9750,155.95527379299833,774.5778598385584,0.48330852569658467,137.9040971109988,15.676675540282803,470.30026620848395,5.23489932885906
1,0,9900,124.10588893298456,616.3925817004899,0.6716749270451492,104.1743250518097,18.308707031371114,549.2612109411335,5.033557046979865
1,0,9900,125.4377979138189,623.0077296386339,0.31881431459509835,103.84551025441512,18.261611313994823,547.8483394198447,5.8389261744966445
1,0,9900,176.0027344651247,874.1469145101194,0.18825308509851313,169.591037499036,11.33927573748703,340.1782721246109,1.8120805369127517
1,0,10050,104.17458093068888,517.4004186224214,0.7925209459201799,85.47104772962524,16.41325995133728,492.3977985401186,5.4362416107382545
1,0,10050,115.31493009764783,572.7308194849843,0.7544232545262495,89.8623948045036,21.812781398298664,654.38344194896,5.6375838926174495
1,0,10050,133.03412872169844,660.7361726511022,0.5324566910319782,104.62131713948017,17.09957346734233,512.98720402027,6.241610738255034
1,0,10200,73.39844232525299,364.5455968820898,0.26564161186768626,50.20677245153355,24.70454851596967,741.13645547909,8.053691275167784
1,0,10200,70.92870552886983,352.27923746005354,0.1298095629675379,31.109001912631925,22.924236569304554,687.7270970791365,10.872483221476509
1,0,10200,112.25424673869766,557.5294254688652,0.1768770275796879,78.8977185981932,26.55453367953245,796.6360103859736,7.248322147651007
1,0,10350,84.5360611754181,419.8624371712432,0.17778523992523504,61.60235385113085,20.399320547177208,611.9796164153163,7.85234899328859
1,0,10350,88.90305655449382,441.551847553986,0.7856637762860356,70.76058224746289,17.413843001959158,522.4152900587746,5.6375838926174495
1,0,10500,70.04176267949317,347.8740879748161,0.1543861627055009,54.283422883971035,26.998694083515257,809.9608225054576,6.644295302013423
1,0,10500,88.55535259081341,439.82491786770663,0.08153607263694487,48.411672146290464,26.40103299431556,792.0309898294669,10.872483221476509
1,0,10650,66.37210298231379,329.6481114788252,0.11817156444848756,51.331569233754735,34.29376335302548,1028.8129005907645,6.845637583892617
1,0,10650,128.26668201831274,637.0578540242866,0.1059317798336487,104.17302913902338,17.253291134952246,517.5987340485673,6.040268456375839
1,0,10800,85.90470208989784,426.6600203798259,0.4918760329388431,64.71800367749243,25.20821569527506,756.246470858252,6.845637583892617
1,0,10800,55.856229392470226,277.4192726492688,0.7650491756000909,34.74953237095472,33.637637318737305,1009.1291195621191,8.456375838926174
1,0,10950,76.11038467059919,378.01491053064257,0.14923311032690614,50.383032858295415,24.95289844299157,748.5869532897472,7.651006711409396
1,0,10950,108.96240654342512,541.1799524990113,0.23072514946157338,88.25100565999287,21.81215829035395,654.3647487106185,7.651006711409396
1,0,11100,70.77782957056024,351.52988686711586,0.07654466851628901,44.44963441919458,26.87184190955097,806.1552572865293,9.261744966442953
1,0,11100,105.98875049264196,526.410794113455,0.2862397997017189,85.80839119806514,23.625843725738395,708.7753117721519,6.644295302013423
1,0,11250,47.16932590861106,234.27431867943488,0.06968169532073105,28.4763059402017,46.562387224177066,1396.8716167253122,8.053691275167784
1,0,11250,59.39447718254634,294.9925700066468,0.6998938404547742,23.792856070678187,42.15556041101034,1264.6668123303102,11.275167785234899
1,0,11400,47.36073288128792,235.22497331039665,0.20597742830956983,26.143067914841367,37.1559451651387,1114.678354954161,8.859060402684564
1,0,11400,111.20562343610311,552.3212630659788,0.4305492593177443,83.9281835857301,25.72869791261686,771.8609373785058,7.85234899328859
1,0,11550,83.49513233685187,414.6924906063643,0.13500865260252584,62.72798418568824,29.58780259450095,887.6340778350285,7.651006711409396
1,0,11550,100.02311984459911,496.7814952281756,0.38886300148594743,82.01420608650788,21.623308052292703,648.6992415687811,5.8389261744966445
1,0,11700,64.52283793678453,320.46342841936314,0.08137085744974201,36.89512162874729,28.97899218282264,869.3697654846794,8.859060402684564
1,0,11700,70.16857351599069,348.5039151294204,0.2829187399174111,45.22444029504394,28.081349982447826,842.4404994734348,7.449664429530201
1,0,11850,55.07976113286242,273.56281362655005,0.028891517176918874,34.484344273887515,27.736262463246085,832.0878738973826,7.248322147651007
1,0,11850,74.0151091684507,367.6083755366385,0.23710270811938675,38.77782871693464,36.12141233600845,1083.6423700802538,11.275167785234899
1,0,12000,37.33995365414772,185.4551031489337,0.5419144085427466,19.34941859591563,35.040765488787855,1051.2229646636358,8.657718120805368
1,0,12000,94.18084810438998,467.7648789184701,0.41434933771291504,71.94810629891458,31.318694838146282,939.5608451443884,6.845637583892617
1,0,12150,33.53107922414068,166.53769347989873,0.26891659600089907,22.244549894298785,36.08777515137303,1082.633254541191,7.651006711409396
1,0,12150,104.75248004165613,520.2706508735587,0.15984449288928806,83.82195416476449,25.31748107918506,759.5244323755519,6.442953020134228
1,0,12300,28.626988009525537,142.18070711397684,0.03489659616370086,19.091883092036543,41.788499880768654,1253.6549964230596,5.6375838926174495
1,0,12300,91.7459535577553,455.6715693368514,0.30660811217580874,70.33896501939742,29.08966845650438,872.6900536951315,7.248322147651007
1,0,12450,46.67821285455544,231.83512384429204,0.061853069741287625,27.809530740377536,33.134035581392844,994.0210674417855,8.859060402684564
1,0,12450,125.56071903689276,623.618237883234,0.25383755636833744,105.81965790910638,16.04918943622878,481.4756830868634,5.4362416107382545
1,0,12600,36.77031202655993,182.62588306524765,0.279916473477641,21.599999999999113,34.677068599799654,1040.3120579939896,9.060402684563758
1,0,12600,144.95832182493646,719.9596650638512,0.1078392618693877,126.49687743181579,20.388941205655406,611.6682361696621,4.630872483221476
1,0,12750,59.37124542856934,294.87718562856105,0.6301938824989015,40.38539339909922,26.993829712638842,809.8148913791654,7.449664429530201
1,0,12750,143.0638320053227,710.5503656264361,0.13288482193554588,120.92381899361357,13.237042736327801,397.111282089834,4.832214765100671
1,0,12900,38.2476962876687,189.96355822875455,0.34588539305017546,23.517015116720668,34.29793486745673,1028.938046023702,8.053691275167784
1,0,12900,102.64711971334894,509.81402790963307,0.47371516093357213,77.01766031242381,22.946545222046336,688.3963566613899,6.040268456375839
1,0,13050,97.77152214478616,485.59855998577115,0.2580618370700885,72.92715543609475,22.42279350668973,672.683805200692,6.241610738255034
1,0,13050,87.35181332113731,433.84733949498184,0.3408999706345683,68.07819034022648,18.96909780174459,569.0729340523375,7.248322147651007
1,0,13200,85.37561507279764,424.0322215282283,0.18991671051509057,63.11846005726144,22.426887864602072,672.8066359380621,7.651006711409396
1,0,13200,73.84817842896081,366.77928619717204,0.2562162857962517,49.68420272078384,25.679684366791886,770.3905310037568,8.25503355704698
1,0,13350,66.42420145543758,329.9068672286734,0.7588773273148736,46.920038363154056,21.16479123207565,634.9437369622696,7.651006711409396
1,0,13350,77.62617821080357,385.5433517803244,0.17068639726817356,48.11423905664458,40.231078816523635,1206.9323644957087,8.859060402684564
1,0,13500,54.61519378861832,271.255462483471,0.4994574585865008,30.677842166619335,35.831910696847736,1074.957320905432,9.865771812080537
1,0,13500,95.4184014086918,473.9113936631693,0.12348516393236315,74.43869961250053,24.4240636151679,732.721908455037,6.845637583892617
1,0,13650,57.316864277792824,284.673759246371,0.7804582804387816,38.698837191834016,29.57091803212592,887.1275409637775,7.046979865771812
1,0,13650,56.094522883818456,278.60279698963177,0.5096582155589893,30.206290735541145,33.17449319871539,995.2347959614616,9.664429530201343
1,0,13800,55.05526134184039,273.4411313311406,0.35930743510396446,32.67935127875142,34.423752537097386,1032.7125761129214,7.85234899328859
1,0,13800,134.83442112445508,669.6776249181268,0.17761372644005355,107.9608262287771,18.981022891169115,569.4306867350736,6.644295302013423
1,0,13950,54.422279240235255,270.2973202265018,0.24306503368132368,35.254786909013035,36.834317138187664,1105.02951414563,7.449664429530201
1,0,13950,115.41802077946535,573.2428365380113,0.2827620188324295,92.22694833940899,21.928652434858638,657.8595730457592,6.845637583892617
1,0,14100,38.924540216691355,193.32521640956705,0.35980012269358264,26.48509014521191,34.57471238687848,1037.2413716063545,6.442953020134228
1,0,14100,74.54105496806723,370.2205730080672,0.7605493982515039,56.045428002648634,29.663830849762356,889.9149254928707,6.442953020134228
1,0,14250,60.63988196866665,301.17808044437766,0.5330650863047415,45.82248356429461,31.08935145342872,932.6805436028617,5.6375838926174495
1,0,14250,90.80812152850986,451.0136702582656,0.4645024284189885,65.5347236203816,21.074087380109006,632.2226214032703,7.449664429530201
1,0,14400,67.58134395935976,335.65400833148675,0.1149595729920302,39.414337492848205,36.90176740635855,1107.0530221907568,9.060402684563758
1,0,14400,96.76286584195881,480.58890034839544,0.2721867220459111,70.32040955512082,18.8906526362838,566.7195790885139,7.85234899328859
1,0,14550,76.04464888659976,377.6884228034455,0.7698521806047061,50.93378053904892,22.479813579057346,674.3944073717204,7.046979865771812
1,0,14550,76.11174724584015,378.02167798767266,0.5312211733764283,51.040572097104494,38.17503631285729,1145.2510893857184,7.85234899328859
1,0,14700,93.15171015369003,462.6534937633271,0.0899399631904709,72.98636859030591,17.024854774525046,510.7456432357513,5.6375838926174495
1,0,14700,98.85527429946497,490.9811956873427,0.45604454349415335,75.97170525926077,15.176853609771175,455.30560829313526,6.241610738255034
1,0,14850,78.09257037464448,387.85976619406756,0.09815868816364642,57.575776156296314,19.412840674335452,582.3852202300636,6.845637583892617
1,0,14850,104.79096600138443,520.4617978068761,0.3903862420063785,78.4418255779408,18.20869610632116,546.2608831896347,7.449664429530201
1,0,15000,74.95469530137946,372.274986663518,0.32590580142674463,51.913870978765466,19.244447000298262,577.3334100089479,7.046979865771812
1,0,15000,129.86731250801506,645.0076521231415,0.09637703525744164,111.6467643955714,13.799241149318114,413.9772344795434,4.429530201342282
1,0,15150,110.76777290266998,550.1466054165942,0.27331761332990656,79.59560289362719,14.40570176470225,432.1710529410675,6.845637583892617
1,0,15150,66.04166034179386,328.00691303090946,0.720161313904251,42.66755207414701,27.032389292340575,810.9716787702173,8.25503355704698
1,0,15300,153.93388444236757,764.5382927304256,0.11814799882841123,140.33139349411357,11.740345167969238,352.21035503907717,3.0201342281879193
1,0,15300,96.30493508984632,478.3145109462368,0.497525021585639,77.70000000000095,22.739145035392152,682.1743510617645,6.040268456375839
1,0,15450,153.98308361766044,764.7826486343803,0.1936496072691245,144.63422831404907,15.12838710000242,453.8516130000725,3.6241610738255035
1,0,15450,72.98895772452154,362.51182336512363,0.5235511549851879,53.97666162333469,23.37333575091531,701.2000725274593,6.040268456375839
1,0,15600,43.128713151485115,214.20594198570942,0.03739520284878364,24.955961211702235,37.060775121477896,1111.8232536443368,8.456375838926174
1,0,15600,93.11678890526296,462.480051562806,0.10977508222060076,73.62479202008006,27.58137058307346,827.441117492204,6.241610738255034
1,0,15750,34.518041801445804,171.43960761384756,0.6914666532482754,20.89258241577662,36.61459066121151,1098.4377198363454,6.845637583892617
1,0,15750,103.1918286258433,512.519415508355,0.21575555989679462,76.55880093104767,25.19820051239853,755.946015371956,7.449664429530201
1,0,15900,65.62958461332106,325.9602702461612,0.4265203661046275,47.23737926684737,28.683200749570435,860.4960224871132,7.651006711409396
1,0,15900,112.55204278291065,559.0084791551228,0.28900943315407257,95.92543979570814,26.328098495010725,789.8429548503219,5.23489932885906
1,0,16050,75.57710536506747,375.36628997983513,0.24675333324855994,44.11632350955565,32.199442661174686,965.9832798352405,8.456375838926174
1,0,16050,128.6821301292458,639.1212463085874,0.22620487140314643,115.7257534000083,20.728064117733073,621.841923531992,4.630872483221476
1,0,16200,54.50949596723532,270.73049663726874,0.18072699377059662,34.70806822627824,34.18499678549375,1025.5499035648127,7.85234899328859
1,0,16200,125.72309604676411,624.424710365595,0.1000635311373159,107.46911184149681,20.565682657211642,616.9704797163492,5.23489932885906
1,0,16350,47.79205757968121,237.3672193124167,0.28835624106143376,30.305940011819857,34.34335199893964,1030.3005599681892,7.85234899328859
1,0,16350,135.84228440257414,674.6833458661181,0.1049529766133951,120.67087469642382,16.08641358965402,482.5924076896206,4.429530201342282
1,0,16500,132.48558585244442,658.0117430671406,0.06105504822505372,109.89053644422846,33.62239573892791,1008.6718721678373,6.241610738255034
1,0,16500,120.65163588520505,599.2364582298517,0.3129922943495657,105.02271182939533,19.24882812688973,577.464843806692,5.4362416107382545
1,0,16650,66.36408030489977,329.6082655143355,0.1369112359822805,51.705415577093085,33.225159729477824,996.754791884335,6.241610738255034
1,0,16650,178.74689477500013,887.7762440491673,0.21977292972895254,160.6320017929192,11.426232960975074,342.7869888292522,2.8187919463087248
1,0,16800,90.27706478724234,448.3760884433036,0.31857293985886825,71.41008332161488,23.845271433467126,715.3581430040138,5.6375838926174495
1,0,16800,163.54226169534385,812.2598997535412,0.1938003638214772,145.88824489999195,14.611284510732585,438.3385353219776,2.4161073825503356
1,0,16950,105.36535661482843,523.3146045203146,0.21851744415214014,80.35633142447418,16.91868751047923,507.56062531437703,7.449664429530201
1,0,16950,198.42898747833644,985.5306378090709,0.08865428403760037,188.2616530257838,10.480759730666275,314.4227919199883,0.20134228187919462
1,0,17100,66.36018335212029,329.58891064886416,0.5707131629317906,49.524539371910585,32.7551237314144,982.653711942432,5.4362416107382545
1,0,17100,154.10366640069873,765.3815431234705,0.161387795444555,138.91166257733738,17.22801800419307,516.840540125792,3.6241610738255035
1,0,17250,88.33735540331712,438.74219850314165,0.25910268823212923,63.9647559207427,30.364531390822314,910.9359417246695,7.248322147651007
1,0,17250,161.3893925711699,801.5673164368104,0.12020356054376266,149.34577329137772,17.227647343317695,516.8294202995309,1.8120805369127517
1,0,17400,56.81011116063154,282.15688543113663,0.07906881913843411,38.287334720504866,29.766336775270894,892.9901032581266,8.456375838926174
1,0,17400,170.91897354469046,848.8975686052961,0.11064336408270967,159.52244356202692,13.023504842675104,390.7051452802532,1.8120805369127517
1,0,17550,45.35643542048593,225.27029592174682,0.466683018367209,26.888101457708146,34.043762039899974,1021.3128611969992,8.053691275167784
1,0,17550,169.91092225337212,843.8909138584147,0.1277853022351098,165.04935625442374,15.141272539571995,454.23817618715987,1.4093959731543624
1,0,17700,53.08924996305896,263.6766081498595,0.3074614943650732,32.15042767989233,30.52784676570142,915.8354029710425,8.859060402684564
1,0,17700,109.93589228232675,546.0149316688895,0.09197384006009415,89.30229560319407,22.63914471652733,679.1743414958199,6.442953020134228
1,0,17850,59.50608829039136,295.5469051756104,0.3735057473506,37.212094808005276,31.06626554622633,931.9879663867898,7.85234899328859
1,0,17850,124.90459535100482,620.3594902433238,0.14276387235459742,106.16863943745304,17.900641477756174,537.0192443326852,5.23489932885906
1,0,18000,47.624687212087004,236.53594648669872,0.844632402164833,27.10645679538307,33.30018550671877,999.0055652015631,8.657718120805368
1,0,18000,161.2961350997079,801.1041376618825,0.19945469919907519,148.52060463114267,14.056406593420549,421.6921978026165,2.8187919463087248
1,0,18150,74.81462534177048,371.5793058641267,0.592397985642948,50.72041009297896,31.400370531839403,942.0111159551819,7.651006711409396
1,0,18150,201.2913751946472,999.747163466748,0.14683166415752594,186.76222851529718,13.452035521840555,403.5610656552167,0.6040268456375839
1,0,18300,89.17410703123194,442.89806492178525,0.41751392110513863,72.64275600498684,24.380461440886368,731.413843226591,5.8389261744966445
1,0,18300,164.70149811507986,818.01744063823,0.09924035049609362,164.70000000000027,24.05042627621676,721.5127882865029,2.61744966442953
1,0,18450,75.92537324169221,377.09602043373786,0.3114422550955185,59.40075757092549,24.539460960238912,736.1838288071674,5.8389261744966445
1,0,18450,190.31501229936478,945.2312277535116,0.18147304830985275,178.5305015956658,9.095699688492141,272.87099065476434,1.4093959731543624
1,0,18600,66.26113319596267,329.09696153994787,0.2159869124016857,50.37142046835618,20.320367142992893,609.6110142897869,6.442953020134228
1,0,18600,176.4543943875638,876.390158791567,0.2334160794301731,172.03633337176197,12.15085681096066,364.5257043288198,1.610738255033557
1,0,18750,117.01139827914687,581.1566114530963,0.1148816659122276,87.5429608820726,14.38473614734976,431.5420844204927,6.845637583892617
1,0,18750,192.34936047169685,955.3351570094278,0.3257746824716319,185.89085507361577,11.242887690240039,337.2866307072012,0.0
1,0,18900,114.28403120470809,567.610688316717,0.07471484952999433,92.53869460933451,19.684913222716734,590.547396681502,4.630872483221476
1,0,18900,155.0680198373128,770.1711651919868,0.025758216751356505,146.68619566953106,18.883472249778713,566.5041674933614,3.221476510067114
1,0,19050,90.35380529504069,448.7572329653687,0.3196761934369219,61.73661798317156,21.157316548739026,634.7194964621708,8.456375838926174
1,0,19050,120.4456276847274,598.2132841674793,0.47823805560059574,104.37672154269013,19.196104199252854,575.8831259775857,5.8389261744966445
1,0,19200,56.47309322771433,280.4830296976478,0.2751532809721438,37.3858261912173,30.12442006041728,903.7326018125182,7.248322147651007
1,0,19200,131.8229032877931,654.7204196627059,0.07635109919368659,106.85476124160347,15.593732911260766,467.81198733782287,6.241610738255034
1,0,19350,64.6226633466071,320.9592279548152,0.5333129652411163,41.117514516322736,37.69732336360007,1130.9197009080021,7.85234899328859
1,0,19350,126.19017403719758,626.7445310514146,0.03348234322961045,114.77303690327076,19.233921699882142,577.0176509964642,3.6241610738255035
1,0,19500,102.85266011896502,510.83487859085955,0.1885326615692167,85.5468292808108,15.388181852336897,461.6454555701069,6.442953020134228
1,0,19500,133.76558845153764,664.3690893093037,0.18728354726363383,114.92976115871865,20.746522138315076,622.3956641494524,3.825503355704698
1,0,19650,128.35521823009952,637.4975838761611,0.18029030804004254,98.41646203760918,13.332334855595441,399.9700456678632,8.053691275167784
1,0,19650,121.42482857591105,603.0766485936915,0.21077073137354307,101.68628226068499,21.763636386876016,652.9090916062804,3.825503355704698
1,0,19800,72.06671933054756,357.9313726750529,0.2792352951528838,50.117062962629596,22.814523533840518,684.4357060152157,8.053691275167784
1,0,19800,113.59084571752923,564.1678670637284,0.5505050960967476,93.3265235610977,24.19860154795673,725.958046438702,5.8389261744966445
1,0,19950,44.25241287173756,219.78698392962986,0.2530384077435774,25.251732613822647,36.17226948462631,1085.1680845387893,7.248322147651007
1,0,19950,128.40331107328967,637.7364449973386,0.43999501843382705,106.01721558312937,23.66362534561366,709.9087603684098,6.442953020134228
1,0,20100,52.98060904796582,263.1370249382302,0.21745794071380392,32.034044390303755,33.75430592999871,1012.6291778999612,8.053691275167784
1,0,20100,133.00112388453667,660.5722486265321,0.1642532702413898,117.73232351397736,17.957470811343132,538.7241243402941,3.825503355704698
1,0,20250,60.9348351351994,302.64301450482367,0.571678776053493,44.52954075667036,31.517122267882634,945.5136680364791,5.23489932885906
1,0,20250,122.72554275384881,609.5368623441157,0.05790914132229226,98.21736099081504,14.864472867862961,445.9341860358888,5.6375838926174495
1,0,20400,60.09082839708337,298.45111437218077,0.0903405892517686,46.84709169201449,29.45425372816273,883.6276118448819,4.832214765100671
1,0,20400,105.26172665407557,522.7999090485753,0.8267994874081872,83.70215051001013,18.965930474384074,568.9779142315222,6.241610738255034
1,0,20550,101.24101582148552,502.8303785800447,0.19549958060782305,69.16024869822363,19.1435469271034,574.306407813102,8.456375838926174
1,0,20550,112.40063690226812,558.2564966145983,0.2715538007451253,89.59157326445492,14.041826800564476,421.2548040169343,5.8389261744966445
1,0,20700,92.18058396558145,457.8302336957212,0.3738685111128512,67.46332336907257,18.218644026410587,546.5593207923176,7.449664429530201
1,0,20700,143.99109456250693,715.1557696604509,0.423260489344751,136.96108936482645,10.793881534389078,323.8164460316724,2.4161073825503356
1,0,20850,79.65968876977398,395.6431208898775,0.5980156542686252,63.86266514952285,19.453559211331456,583.6067763399436,5.6375838926174495
1,0,20850,119.49990796153426,593.5162095422868,0.7544999408518673,96.19667353916162,23.20105161882222,696.0315485646667,6.241610738255034
1,0,21000,67.30194294776604,334.2663166405713,0.4366224141519036,49.10570231653468,27.291559191160378,818.7467757348113,6.442953020134228
1,0,21000,76.99840224764864,382.42539782998824,0.23414150422798793,49.94436905197503,36.59138181377179,1097.7414544131539,8.25503355704698
1,0,21150,88.91506661382705,441.61149751534106,0.37575166240097735,71.49636354388976,24.762751204376805,742.8825361313039,5.8389261744966445
1,0,21150,99.67077331723384,495.03150747559465,0.3692832141486867,73.14649684024455,20.672053467645938,620.1616040293783,7.651006711409396
1,0,21300,94.1684117695429,467.70311178872976,0.5128221334405475,67.67045145408629,25.626836081715407,768.8050824514623,7.85234899328859
1,0,21300,83.12029087321723,412.83077800364543,0.36108824238640613,68.4716729750348,22.266615518499705,667.9984655549913,5.8389261744966445
1,0,21450,92.28660100908056,458.35678501176665,0.45933650165548706,63.522122130797996,22.234588274130214,667.0376482239064,8.456375838926174
1,0,21450,109.0792847527139,541.7604476051458,0.5525302925256468,86.0032557523264,15.8995202279968,476.985606839904,5.6375838926174495
1,0,21600,60.60221059152932,300.99097927126223,0.6866472513016068,41.1951453450498,27.92233437655838,837.6700312967514,7.248322147651007
1,0,21600,119.61502371059461,594.0879510959533,0.42990408680157993,100.54476614921407,15.724760826539816,471.74282479619444,6.040268456375839
1,0,21750,84.62034303044047,420.2810370511877,0.5306869327466273,45.47548790282602,28.421561623496032,852.6468487048809,9.865771812080537
1,0,21750,158.88165237840553,789.1122068127477,0.19526322241730107,129.55624261300522,17.4904692475632,524.714077426896,5.6375838926174495
1,0,21900,83.23984780279564,413.4245774205516,0.07937066881136569,56.292184182174964,22.61914962163023,678.5744886489068,7.85234899328859
1,0,21900,95.92190181047064,476.41211232533755,0.22431574529375117,65.23879214087167,32.87475835409845,986.2427506229532,8.053691275167784
1,0,22050,43.811658668098495,217.59790471822254,0.44468149728293715,25.4169234959718,25.707729717601477,771.2318915280443,7.449664429530201
1,0,22050,119.62047755037558,594.1150385001986,0.18880723299543145,88.2724192485959,19.66235883618274,589.8707650854822,6.040268456375839
1,0,22200,49.02231907623638,243.47751807864063,0.08927096629412828,37.575523948442736,35.42112716378387,1062.633814913516,6.241610738255034
1,0,22200,123.86391637489383,615.1907846619724,0.34712673477443085,97.81702305836625,18.870459432521272,566.1137829756382,7.046979865771812
1,0,22350,80.74685923890969,401.0427342199182,0.29223900116077034,51.705415577093405,28.981377803574084,869.4413341072224,7.651006711409396
1,0,22350,89.95665156353762,446.78470276557016,0.1804221529049104,67.80398218393941,24.732971222321705,741.9891366696511,6.241610738255034
1,0,22500,76.80170291320306,381.4484578022418,0.41640354437499383,63.81261630743592,27.311201592083172,819.3360477624951,5.4362416107382545
1,0,22500,47.880715623225186,237.80755426201844,0.7222092328273121,6.441273166072326,44.746520579094216,1342.3956173728263,13.288590604026846
1,0,22650,86.80882784549365,431.1505116326184,0.4412563051412463,67.03506545085365,18.079542862377956,542.3862858713387,7.651006711409396
1,0,22650,100.92169579257913,501.24442243647627,0.17206665242903868,64.72356603278364,18.896276122323172,566.8882836696952,7.651006711409396
1,0,22800,89.12364664751472,442.6474450159898,0.6855186866572245,64.42251159338849,18.262522118140183,547.8756635442055,8.456375838926174
1,0,22800,49.79907684160581,247.3354149799755,0.19997532328220063,32.36943002278528,45.46042255475794,1363.812676642738,9.463087248322147
1,0,22950,61.035345246993636,303.142214726735,0.734332027547021,38.95035301508915,35.01741471417584,1050.5224414252752,8.25503355704698
1,0,22950,70.39857361521264,349.6462489555561,0.2882974202816029,49.803614326675195,27.161466587831224,814.8439976349366,5.8389261744966445
1,0,23100,63.60692039148753,315.9143712777214,0.31709632729717474,43.64974226728116,37.53975709743915,1126.1927129231747,7.449664429530201
1,0,23100,77.7756616043193,386.2857859681193,0.2282259607974618,54.00333323046109,18.893307692301452,566.7992307690436,7.449664429530201
1,0,23250,51.181783190707655,254.202856513848,0.4500802549391978,34.19736831979888,37.00059252926987,1110.0177758780962,6.845637583892617
1,0,23250,100.09312410812365,497.1291830703474,0.15384712697490086,86.28846968164598,19.846249122622094,595.3874736786626,5.23489932885906
1,0,23400,65.86431096015681,327.12607776877877,0.25958746631743673,41.942102951568366,32.7310725790396,981.9321773711878,6.845637583892617
1,0,23400,109.45116911294475,543.6074732609588,0.8064081624664251,87.78524933039583,13.474588751822951,404.23766255468854,5.23489932885906
1,0,23550,52.91780070877222,262.82507685356865,0.6164624747328612,29.929416967257527,34.38323977893499,1031.49719336805,8.859060402684564
1,0,23550,100.21925217372713,497.7556191295113,0.25307217340522403,79.26020439034951,20.574680209553687,617.2404062866104,5.8389261744966445
1,0,23700,59.373232089486635,294.887052711117,0.4307767884395406,32.61732668383585,45.604107937436645,1368.1232381230993,7.449664429530201
1,0,23700,144.3692071499427,717.0337288447156,0.2843453083894332,131.7085418642239,14.913011256692075,447.3903377007623,3.0201342281879193
1,0,23850,78.66811294480631,390.71829429253796,0.23242060479863472,62.252710784351166,33.58854331856665,1007.6562995569997,7.046979865771812
1,0,23850,131.42322333103195,652.7353425441254,0.5486778188863,105.64175310926937,19.655802185881065,589.6740655764319,7.248322147651007
1,0,24000,69.54116414383182,345.38778191436467,0.4525304845654777,50.87808958677499,34.35251795505667,1030.5755386517,7.046979865771812
1,0,24000,72.34379102374332,359.30749541792517,0.4733742741371808,35.76045301726268,35.71320006328386,1071.3960018985158,7.651006711409396
1,0,24150,46.9848769299142,233.35822208524053,0.3287128059588667,29.94294574687073,30.567926265539153,917.0377879661744,7.449664429530201
1,0,24150,96.75537765613555,480.5517090254731,0.7646616402239678,75.0419882465824,20.895312584580847,626.8593775374254,6.241610738255034
1,0,24300,40.316834850837125,200.24027975915772,0.4386429620466893,23.792856070678187,46.83514815020424,1405.0544445061273,8.657718120805368
1,0,24300,133.31025940395716,662.1076217063205,0.1693241117685522,115.20624983046635,20.94298875624579,628.2896626873736,4.630872483221476
1,0,24450,39.06111103479158,194.00351813946483,0.10451316489053428,29.808891291022935,42.807788085390165,1284.233642561705,6.040268456375839
1,0,24450,139.42394146485776,692.4722426087935,0.25075551382721123,123.20982103712421,18.8191736554906,564.5752096647179,3.825503355704698
1,0,24600,40.87841438492314,203.02945811178495,0.3719800881605584,27.809530740377536,46.9755870605085,1409.267611815255,7.651006711409396
1,0,24600,158.86883945256324,789.0485692810641,0.36289888581338103,150.110958960365,13.109650722047745,393.28952166143233,1.610738255033557
1,0,24750,43.042160538834906,213.77606400954664,0.5798513936729763,29.713633234594457,35.65361407044981,1069.6084221134943,6.241610738255034
1,0,24750,155.70425998624623,773.3311579316896,0.6801137447071405,141.62097302306506,14.442376230933466,433.271286928004,2.8187919463087248
1,0,24900,61.02539949806337,303.09281750704804,0.1379098205529056,40.260402382490554,34.714417210321976,1041.4325163096591,8.456375838926174
1,0,24900,103.75447438858052,515.3138894632832,0.4278756740282103,0.0,15.693931192810199,470.817935784306,13.087248322147651
1,0,25050,68.19674136152553,338.7104820955768,0.7613914951557786,41.40108694225296,32.191927149452056,965.7578144835617,9.865771812080537
1,0,25050,131.29716406597987,652.1092481943666,0.45532708872066413,116.73045875006217,13.997973733840718,419.9392120152216,4.026845637583892
1,0,25200,44.07547345739473,218.90818483839385,0.77123100835216,28.24623868765567,33.658079309395866,1009.7423792818761,6.442953020134228
1,0,25200,161.68800724760746,803.0504359964505,0.16026678836966055,142.48515712171624,11.331591657142205,339.94774971426625,3.0201342281879193
1,0,25350,26.897620420469774,133.59151475499988,0.21556156539486945,20.41984329028843,40.6932528798258,1220.797586394774,5.6375838926174495
1,0,25350,160.86155642337462,798.945730236094,0.1494015492131268,153.50211724923997,13.146605366200674,394.39816098602023,0.6040268456375839
1,0,25500,32.342701965057095,160.63541975978353,0.646620419338591,18.09226353997809,50.59754984990013,1517.926495497004,8.657718120805368
1,0,25500,137.7157283524644,683.9881174839065,0.22226575990082423,116.42010135711135,25.152049786586733,754.561493597602,4.026845637583892
1,0,25650,21.276669867672116,105.67412700943815,0.025730634501837515,14.477914214418341,49.82591131097063,1494.7773393291188,7.651006711409396
1,0,25650,82.70151284046985,410.75084710766686,0.3137458306357991,52.56938272416718,27.898173820756487,836.9452146226946,9.060402684563758
1,0,25800,28.045571369307503,139.2930044675606,0.3107305864357315,19.520758181996104,49.39300263405451,1481.790079021635,7.449664429530201
1,0,25800,43.94330869296445,218.25176650839006,0.7168096371489144,27.200919102117755,37.245543139939514,1117.3662941981854,8.456375838926174
1,0,25950,38.00005970299713,188.7336298582191,0.29990474102153997,27.796582523755237,41.619681740964054,1248.5904522289218,6.845637583892617
1,0,25950,75.3136421667129,374.0577560946741,0.08656697100390202,57.701473118108396,29.46687084559039,884.0061253677117,6.241610738255034
1,0,26100,40.23488171609999,199.83324585662996,0.599595554058938,25.264203925713836,39.89061786640128,1196.7185359920384,8.25503355704698
1,0,26100,27.551177005420282,136.83751246025406,0.6063374276753992,15.273506473630006,59.03989197140015,1771.1967591420048,6.845637583892617
1,0,26250,21.645181193454434,107.50439992749034,0.12993694956950008,12.952219886952705,46.38503356364184,1391.5510069092552,8.25503355704698
1,0,26250,146.5233343082626,727.7325603977043,0.2208186684060787,138.09942070841555,25.253381488622864,757.601444658686,4.026845637583892
1,0,26400,28.455665176960114,141.32980371223522,0.149894384182473,18.483506160899807,50.63796987138863,1519.139096141659,8.25503355704698
1,0,26400,221.31104701106872,1099.1782001549745,0.19175700898806783,212.64159988111427,13.90443852695641,417.1331558086923,0.20134228187919462
1,0,26550,35.933186957914565,178.4681618909757,0.4441982111127896,20.57790076756921,45.93449287388979,1378.0347862166936,9.060402684563758
1,0,26550,187.49762337720006,931.2381961067601,0.004262546168898806,182.4246693843787,18.56416009330836,556.9248027992506,1.2080536912751678
1,0,26700,60.537299018418636,300.6685851248126,0.7735225555229184,30.454063768240964,35.09859676538013,1052.957902961404,8.25503355704698
1,0,26700,135.7951695961401,674.4493423274959,0.1252935941095402,120.0033749525404,23.729338525040507,711.8801557512154,4.630872483221476
1,0,26850,48.405988901754796,240.41641154538218,0.4216325300339835,33.115706243411864,39.85301452466622,1195.5904357399866,6.241610738255034
1,0,26850,161.47273125745755,801.9812319120393,0.2583145773479094,146.22561335142285,23.531123344469346,705.9337003340805,2.013422818791946
1,0,27000,49.012211037273616,243.42731481845897,0.7078563637314454,27.23563841734028,42.54259814318796,1276.277944295639,8.657718120805368
1,0,27000,110.56551348362065,549.1420503019826,0.1765638892236216,83.13898002742128,33.93749252138608,1018.1247756415823,6.442953020134228
1,0,27150,38.95855118179166,193.4941375362319,0.7040577841955207,17.944915714486545,37.02570825957549,1110.7712477872649,8.053691275167784
1,0,27150,107.75216865916126,535.169104340501,0.1473108512009074,75.82347921323509,34.95848605348051,1048.7545816044153,7.651006711409396
1,0,27300,44.83166519991959,222.66393715960066,0.24070398866297205,28.89048286200693,35.33816561846543,1060.144968553963,7.651006711409396
1,0,27300,149.93860826501717,744.6950877162519,0.11988076570645496,130.78142069881352,19.121248820849285,573.6374646254786,4.630872483221476
1,0,27450,69.61121688871692,345.73571054729405,0.8263792716918955,47.71509195212642,34.23243344890419,1026.9730034671256,8.053691275167784
1,0,27450,155.78275999075407,773.7210412874119,0.053975175370604075,134.4753137196569,14.631975896241276,438.95927688723833,4.026845637583892
1,0,27600,55.38648978372787,275.0862325925151,0.0767768373808959,29.51609730299631,45.49417647555759,1364.825294266728,8.456375838926174
1,0,27600,149.19657077804914,741.0096348643103,0.2680289309829502,137.93802956400307,17.52150540244685,525.6451620734055,4.429530201342282
1,0,27750,112.60813251230402,559.2870581444431,0.3957285525082385,94.60470389996476,18.49788145387606,554.9364436162818,5.6375838926174495
1,0,27750,101.73793753652384,505.2984230980685,0.4163771496634316,78.91767862779538,18.266429746180314,547.9928923854095,5.8389261744966445
1,0,27900,90.58354974654495,449.89829707450656,0.14015591379167164,74.52630408117766,23.147823831296087,694.4347149388826,4.832214765100671
1,0,27900,79.70556596262797,395.87097761438554,0.5021219673224926,56.63965042265158,26.186121788383453,785.5836536515034,8.053691275167784
1,0,28050,50.29333736492321,249.7902422457853,0.426225896853129,30.32375306587205,29.983752638928127,899.5125791678438,8.859060402684564
1,0,28050,47.45535525853351,235.69493111738308,0.24232514002807914,38.71046370169071,38.87566435105963,1166.2699305317888,5.033557046979865
1,0,28200,88.7571476014138,440.8271664203552,0.06801617356020105,63.665767881961926,26.84071490112028,805.2214470336083,7.449664429530201
1,0,28200,78.32404785185858,389.0094376642309,0.3187593823131721,51.351728305871745,22.097164132607144,662.9149239782143,8.456375838926174
1,0,28350,65.80952812210342,326.8539896731137,0.10294037063412761,53.18383212969873,32.673385993541594,980.2015798062478,4.429530201342282
1,0,28350,91.40199502296062,453.9632419473711,0.28659380958632996,68.02132018712993,23.599418234344846,707.9825470303454,7.248322147651007
1,0,28500,53.42500006681381,265.3441669985086,0.48121778342082866,35.2330810460849,31.941868050663647,958.2560415199096,8.657718120805368
1,0,28500,124.11878488618805,616.4566316014007,0.6133314329710012,104.51028657505539,18.388270489995627,551.6481146998689,6.040268456375839
1,0,28650,79.54867228715952,395.0917390262256,0.463608030354132,61.74827932825269,26.742794640472578,802.2838392141771,7.449664429530201
1,0,28650,124.50726778918336,618.3860966862774,0.2067462179118383,97.21342499881344,23.470284328920823,704.1085298676246,6.644295302013423
1,0,28800,71.82103639583134,356.711147432629,0.2909927868865648,52.31538970513352,34.03853510837823,1021.1560532513469,7.248322147651007
1,0,28800,101.06311376519824,501.94679836715125,0.15081812896000457,83.58809723878257,29.274600257668773,878.2380077300633,4.832214765100671
1,0,28950,46.97883443831491,233.32821104363074,0.6525400866280697,31.072817702940874,34.509914302459286,1035.2974290737786,7.248322147651007
1,0,28950,71.20334726670377,353.6432914246287,0.26127989954427966,52.420225104438636,29.794353001732922,893.8305900519878,6.442953020134228
1,0,29100,65.84679076054427,327.03906077736997,0.3710645652102545,46.901812331722276,32.240908519107315,967.2272555732195,8.053691275167784
1,0,29100,119.61387507966903,594.0822462290229,0.1928775831011167,98.34236116750793,18.629179921368745,558.8753976410622,5.8389261744966445
1,0,29250,44.57513768545525,221.38985050442778,0.42884360233156704,29.789259809535764,40.68956123689552,1220.6868371068658,7.046979865771812
1,0,29250,103.00553379514841,511.5941511825705,0.3048843167669831,75.12289930507197,28.242881973309277,847.2864591992784,7.248322147651007
1,0,29400,83.79486557468249,416.1811656875897,0.080560773109097,63.18686572382027,32.74047645066174,982.214293519852,6.241610738255034
1,0,29400,74.44152234217893,369.726227632822,0.5608041453981686,43.266615305565225,25.01631067586263,750.4893202758789,10.46979865771812
1,0,29550,77.97804104889461,387.2909372095099,0.4657133973029005,58.39452029086335,31.516577484521083,945.4973245356323,7.248322147651007
1,0,29550,123.30105840642187,612.3952567518952,0.14145044418617173,104.54644900712913,16.68101820830443,500.43054624913293,5.23489932885906
1,0,29700,67.9854871242432,337.6612527170746,0.2741207543956021,49.59082576444928,25.493547755701567,764.8064326710471,7.651006711409396
1,0,29700,69.28455556433002,344.11329263617245,0.5624551247322205,50.532860595854444,27.20513601907725,816.1540805723176,6.644295302013423
1,0,29850,73.3138630734676,364.1255199315558,0.3069669756667141,56.25459981192498,29.895569660639485,896.8670898191847,6.241610738255034
1,0,29850,119.83728475498631,595.1918476164319,0.4472156450403683,89.241806346577,19.063962614755145,571.9188784426544,7.651006711409396
1,0,30000,86.76611184915312,430.9383555174604,0.6032443760811459,61.57312725532175,27.00447506643096,810.1342519929287,7.651006711409396
1,0,30000,99.34182859458883,493.39774868645793,0.3114443568340112,65.25534460870142,24.618375718613155,738.5512715583948,9.865771812080537
1,0,30150,82.02511442264895,407.3914016324899,0.22388903860044515,61.559239761386245,25.0730790235883,752.1923707076489,6.644295302013423
1,0,30150,155.1347024621026,770.5023555617761,0.13757905410015206,137.3842785765523,12.512741734813863,375.382252044416,3.221476510067114
1,0,30300,82.77127489847344,411.09733199575135,0.4840768609362056,63.13984478916516,27.68887777084533,830.6663331253601,6.040268456375839
1,0,30300,144.99921328086486,720.162759294962,0.4742883563624351,136.79111813272172,16.958706721128447,508.76120163385326,3.0201342281879193
1,0,30450,71.34772488816074,354.36036694453173,0.28257779245072767,51.34296446447083,37.80701914770556,1134.2105744311666,6.442953020134228
1,0,30450,133.48715022403601,662.9861794460458,0.457875174587328,107.52980982034822,17.906591874102553,537.1977562230766,5.4362416107382545
1,0,30600,59.82643713123903,297.1379710851538,0.21860132522027864,41.84220357485885,41.421535756120676,1242.6460726836203,7.85234899328859
1,0,30600,143.31232428610858,711.7845439543391,0.08541329516424458,128.76851323207845,17.055583814380995,511.6675144314299,4.630872483221476
1,0,30750,65.72471338003591,326.43274312084503,0.2851334624874343,51.04321698325977,40.759541559188214,1222.7862467756465,6.241610738255034
1,0,30750,153.86686928328913,764.2054507736693,0.5917978058436899,140.5528014662113,15.855329092567064,475.659872777012,4.026845637583892
1,0,30900,66.25197150583132,329.05145847896233,0.08325752136168207,43.246849596241404,37.7359091144082,1132.077273432246,7.85234899328859
1,0,30900,84.04935000648737,417.44510503222057,0.6449857164520449,18.83082579176992,28.792750988412436,863.7825296523731,12.684563758389261
1,0,31050,61.68572273495792,306.37242291695765,0.12421484215971489,42.139055518604266,44.35321149821504,1330.5963449464512,7.85234899328859
1,0,31050,52.14485389738998,258.98610769037026,0.541572313655601,0.0,39.21773579124283,1176.5320737372847,11.476510067114093
1,0,31200,51.53565566572182,255.9604231397517,0.22021112034436738,32.86609194899574,40.7554772660816,1222.664317982448,6.241610738255034
1,0,31200,89.32605109686368,443.65272044775634,0.39629170476695297,66.84347387741087,22.2781185912856,668.343557738568,6.644295302013423
1,0,31350,46.30238300098105,229.96850223820587,0.5096037132886899,26.046496885377866,36.81966962072768,1104.5900886218305,8.25503355704698
1,0,31350,80.06462524012355,397.65430535928016,0.7145092086334781,52.27925018589802,21.101637145949507,633.049114378485,8.859060402684564
1,0,31500,57.64819445681797,286.3193658021958,0.07258920637298177,39.677197481676096,39.362173964907456,1180.8652189472236,6.644295302013423
1,0,31500,94.75872672078627,470.6350093799051,0.12904590433797467,64.84442921331272,21.321325889520512,639.6397766856153,7.449664429530201
1,0,31650,74.84724886725996,371.7413360407245,0.10687371348936499,59.28549569666907,37.68391712753825,1130.5175138261475,6.442953020134228
1,0,31650,68.59484628274649,340.6877365376409,0.21619460457767745,54.24776493091623,21.62884802801656,648.8654408404968,5.23489932885906
1,0,31800,63.00728079057349,312.93616125984835,0.05463398653440322,43.40990670342376,34.15411997244594,1024.6235991733784,7.248322147651007
1,0,31800,79.50328078804138,394.8662945806055,0.19748495384929618,58.803061144807174,21.76602430951311,652.9807292853933,6.644295302013423
1,0,31950,75.91756952960839,377.05726199705487,0.08302665438834508,56.738875561647035,37.99051002271653,1139.7153006814958,6.845637583892617
1,0,31950,116.2853701753978,577.5506718711424,0.5943687778371151,99.77063696298445,15.084662905002052,452.53988715006153,4.832214765100671
1,0,32100,59.55218427012896,295.77584854164047,0.26646289707936177,42.431709840636756,27.302700755605645,819.0810226681695,6.241610738255034
1,0,32100,111.05000496668426,551.5483580011985,0.17812214083918274,85.55103739873522,11.643069690346199,349.29209071038593,6.442953020134228
1,0,32250,91.07195715869949,452.32405388820746,0.49627029460520233,62.596565400985824,31.057736506878665,931.7320952063601,7.449664429530201
1,0,32250,91.32897811963852,453.600591327538,0.5958658132324228,72.10554763677966,15.663358652148922,469.90075956446765,6.040268456375839
1,0,32400,75.67545711587088,375.85477034215876,0.3761935695476503,50.12783657809331,36.66240452344165,1099.8721357032493,7.85234899328859
1,0,32400,72.18663638672042,358.5269607207115,0.5446761477373614,39.30801444998194,30.53134909782334,915.9404729347002,9.463087248322147
1,0,32550,80.73120530698039,400.96498635800253,0.7231685000206366,53.947474454324336,20.81688815592603,624.5066446777809,8.25503355704698
1,0,32550,74.12127365132758,368.135659134927,0.41878911734663954,54.55052703686738,30.442394084959734,913.2718225487921,6.442953020134228
1,0,32700,46.52139622608567,231.05626792289218,0.5936205278598364,31.08584887050783,43.537608652180715,1306.1282595654213,7.248322147651007
1,0,32700,99.59321107423463,494.64628166869875,0.23854952506964042,69.20187858721668,17.173260966771988,515.1978290031598,6.644295302013423
1,0,32850,71.68419343261736,356.0314940486662,0.722317710775939,48.34097640718591,41.17391570872222,1235.2174712616666,7.248322147651007
1,0,32850,54.085702738875426,268.6256569364146,0.26827419867609276,24.01686907155079,49.697603915692525,1490.9281174707755,10.46979865771812
1,0,33000,83.5909988673038,415.16862770760883,0.4749639512534633,65.07995082972943,30.392191301131874,911.7657390339562,6.845637583892617
1,0,33000,84.61694009809665,420.2641358205467,0.28786306849076465,62.07100772502388,21.00553909432836,630.1661728298508,6.241610738255034
1,0,33150,82.51991759171423,409.8489240388474,0.24065474075713683,59.16164297921428,22.154831360655848,664.6449408196753,7.449664429530201
1,0,33150,104.34697502830142,518.2566426405637,0.6387325095373827,78.78527781254499,19.175362402170997,575.2608720651298,6.442953020134228
1,0,33300,72.54180000458047,360.2909400227496,0.7402519923285762,51.761955140817776,28.75606266385986,862.6818799157959,7.449664429530201
1,0,33300,95.8573934577318,476.09172084006786,0.6373874815011648,75.05817743590603,19.15765101000299,574.7295303000897,6.040268456375839
1,0,33450,85.09458265935125,422.6364272081112,0.8390595833874508,61.589934242538014,23.40202730944266,702.0608192832797,7.046979865771812
1,0,33450,45.99122451488899,228.42308175728198,0.5905647106611942,22.675316976836424,54.267585304274675,1628.0275591282402,8.456375838926174
1,0,33600,79.80947428236124,396.38705560239407,0.46772443003473946,53.16775338492349,20.353935102317774,610.6180530695332,8.25503355704698
1,0,33600,62.70214081096011,311.42063269443514,0.5960959486785783,43.388132017868095,26.33450609204218,790.0351827612656,6.644295302013423
1,0,33750,77.30839279403625,383.96501754371343,0.1972203408062615,51.65317028024621,26.95661161413478,808.6983484240435,7.85234899328859
1,0,33750,61.162694295056816,303.77471499878214,0.2434801386415457,45.66311421705641,22.871833414825826,686.1550024447748,5.8389261744966445
1,0,33900,67.32206326163175,334.36624753277096,0.19943382245642594,49.70412457734363,27.27198967368879,818.1596902106637,7.046979865771812
1,0,33900,81.09494851217042,402.77157761044646,0.5789985395148535,60.72832946821418,21.058180005540727,631.7454001662218,5.6375838926174495
1,0,34050,69.10575204031372,343.22523513355816,0.5062281839916745,48.74515360525598,25.794245085953072,773.8273525785921,7.248322147651007
1,0,34050,96.93770802341804,481.45728318297625,0.18772079194359084,84.13328711039242,15.362679890730368,460.88039672191104,5.033557046979865
1,0,34200,62.38465502383382,309.8437866183747,0.23299787178665432,47.92869704049769,26.07499455654136,782.2498366962407,6.040268456375839
1,0,34200,104.71036195836453,520.0614643932104,0.569256126239722,76.86676785191288,11.904102141237516,357.12306423712545,5.4362416107382545
1,0,34350,60.37467745238744,299.86089801352426,0.197141625691857,36.12602939709889,25.900515494888175,777.0154648466453,8.053691275167784
1,0,34350,100.96747306591452,501.4717828940421,0.3821106964607108,78.08360903544475,13.889717177670745,416.69151533012234,6.845637583892617
1,0,34500,68.97259729295622,342.5638998883492,0.2721924776106554,33.31215994197815,33.44659239600523,1003.3977718801569,10.268456375838927
1,0,34500,127.47397883916757,633.1207615678655,0.18700735765351673,110.3188560491825,11.717111056448553,351.5133316934566,4.630872483221476
1,0,34650,63.66903214109761,316.2228596341182,0.5657743568471435,47.52136361679916,36.270884871735355,1088.1265461520607,6.241610738255034
1,0,34650,137.44619537089582,682.6494370087825,0.4707098177974837,120.28204354765357,15.175861729424234,455.275851882727,4.429530201342282
1,0,34800,70.19048061858787,348.61272040565314,0.5600512036503235,45.891175622334394,23.9851493842551,719.554481527653,8.053691275167784
1,0,34800,115.9136179330983,575.704302401055,0.4283993211932004,91.77891914813407,22.339745951320527,670.1923785396159,6.442953020134228
1,0,34950,54.91463532726509,272.7426887920832,0.7028158201290804,40.429939401388005,35.76394532616688,1072.9183597850065,5.8389261744966445
1,0,34950,106.7998522162043,530.439266007148,0.43104073965499734,88.34325101556914,16.270762148005225,488.1228644401567,4.429530201342282
1,0,35100,60.86334052086282,302.28792458695204,0.19519873623502756,40.92554214668333,37.53100524434119,1125.9301573302355,7.248322147651007
1,0,35100,127.04800839861706,631.0051083797981,0.2528263486611873,106.00363201324718,17.890008740954194,536.700262228626,4.630872483221476
1,0,35250,63.3528931856749,314.65270282218535,0.4919740035411872,44.7161044814951,36.49666534669238,1094.8999604007718,7.651006711409396
1,0,35250,124.8312246654536,619.9950825050863,0.14432434992062937,101.45856297030862,15.538541014557532,466.156230436726,5.23489932885906
1,0,35400,59.02836592641561,293.1742174345309,0.6136425674464918,39.47708195902945,41.13004069010011,1233.9012207030034,7.85234899328859
1,0,35400,123.54580744892766,613.6108436630075,0.10368524380536945,109.01192595307981,19.74159403097516,592.2478209292548,3.6241610738255035
1,0,35550,70.09691124003874,348.14799249219243,0.43631607086957214,53.42106326160116,41.97223455917658,1259.1670367752977,6.241610738255034
1,0,35550,134.90346481058057,670.0205418925501,0.10502054770263584,112.44398605527965,22.007484291560615,660.2245287468185,4.832214765100671
1,0,35700,53.45471059127524,265.4917292700003,0.3648125019519394,38.29908615097656,43.20019456246066,1296.0058368738198,7.248322147651007
1,0,35700,123.60129792300383,613.886446350919,0.6379023333299144,95.7991649232915,19.45893089747083,583.7679269241248,6.845637583892617
1,0,35850,70.74276497443071,351.3557327063392,0.35291477636079127,54.001666640946205,32.24211010615944,967.2633031847831,6.241610738255034
1,0,35850,130.48339377909386,648.0675224361662,0.40092586956182147,97.05591172102785,18.536113698406616,556.0834109521984,8.053691275167784
1,0,36000,71.83651059275962,356.78800261070614,0.3879014223555046,51.201660129335615,34.38979716830113,1031.6939150490339,6.644295302013423
1,0,36000,100.61858907106688,499.73899238629883,0.5302550989049125,76.485292703894,15.887253305587947,476.6175991676383,7.248322147651007
1,0,36150,60.4688187730775,300.3284665729515,0.3976079011127148,40.71387969722475,25.710044817817067,771.301344534512,7.248322147651007
1,0,36150,120.17787545666586,596.8834481014404,0.3844518705146298,89.13686106207535,16.228332791088995,486.84998373266984,7.85234899328859
1,0,36300,82.93426056347542,411.90682746526136,0.10134940633559812,63.69050164663614,39.088469659163955,1172.6540897749187,6.442953020134228
1,0,36300,52.26227552255524,259.5693017620244,0.7755486584627058,23.082460874007495,26.35720374678658,790.7161124035975,10.872483221476509
1,0,36450,106.49359383151139,528.9181826965066,0.2451515547338471,78.3712319668395,15.747757568861967,472.43272706585907,7.046979865771812
1,0,36450,48.758856694278954,242.16898824825213,0.33611118267115325,29.887288267757732,36.69679832707622,1100.903949812287,9.463087248322147
1,0,36600,77.38860250138401,384.3633924235405,0.0512662372899266,60.146820364838085,29.495689937909297,884.870698137279,5.4362416107382545
1,0,36600,72.72078235587196,361.1798857008307,0.8352868698133559,46.49612887112206,27.24835258953715,817.4505776861143,8.25503355704698
1,0,36750,95.77554081835184,475.6851860644808,0.6754214487523951,63.871120234420424,18.858648940807832,565.7594682242351,9.060402684563758
1,0,36750,86.73218679007277,430.76986105736137,0.10251920845400472,59.6124986894537,20.400152062925404,612.0045618877623,8.25503355704698
1,0,36900,52.35992826326429,260.0543103742126,0.7546369135487425,24.001874926762166,42.919195391327975,1287.5758617398394,10.46979865771812
1,0,36900,68.44271602126567,339.93215623895276,0.4523909758150077,50.52840785142574,18.14167308025099,544.2501924075298,6.442953020134228
1,0,37050,59.15514499721474,293.8038868194999,0.40445298934237245,38.84044283990733,27.210866291340245,816.3259887402073,7.248322147651007
1,0,37050,62.1687058607129,308.77123910820734,0.8083344751862641,38.4433349229759,20.485225995973526,614.5567798792058,7.651006711409396
1,0,37200,85.82542707951934,426.2662878282795,0.1344697569264478,57.41297762701467,20.57163755852423,617.149126755727,8.053691275167784
1,0,37200,46.18880552174356,229.40440075799305,0.32452950062624675,20.28053253738514,37.4285308633117,1122.8559258993512,9.060402684563758
1,0,37350,57.98193506861735,287.9769441741329,0.22282868277497014,35.97624216062557,17.224358355918444,516.7307506775534,7.248322147651007
1,0,37350,43.98764526854306,218.47197150043053,0.37173934404181685,24.862019226119745,35.08367038537686,1052.5101115613056,7.85234899328859
1,0,37500,67.47835990365269,335.14252085480837,0.6371597280832858,46.92003836315461,32.25206391372643,967.561917411793,6.845637583892617
1,0,37500,50.52348175290845,250.933292706112,0.3316980926646663,37.24352292681258,30.097289662379914,902.9186898713973,7.248322147651007
1,0,37650,19.137217024266977,95.04817788719265,0.7583919846021017,13.897481786280219,33.62065548575978,1008.6196645727931,5.23489932885906
1,0,37650,65.47881728050925,325.2114591598626,0.716919196457305,47.7669341699865,20.157055464883502,604.7116639465052,5.6375838926174495
1,0,37800,39.28314070301029,195.10626549161782,0.8886833808488103,22.88274459063082,24.13747143212925,724.1241429638776,8.053691275167784
1,0,37800,94.30203923251604,468.36679485482966,0.5463009320984672,80.54315613383918,19.818091113602694,594.5427334080808,5.23489932885906
1,0,37950,64.84784417128698,322.07762605072537,0.7280562631352222,46.01847455098797,17.021542512876394,510.64627538629196,6.644295302013423
1,0,37950,61.34652354662894,304.6877336149238,0.054425483472411905,45.35063395367395,25.43134800334252,762.9404401002756,6.241610738255034
1,0,38100,41.82590721818156,207.7353391836351,0.06316889643039986,30.857738089497253,31.405771245140144,942.1731373542045,5.6375838926174495
1,0,38100,64.16885792124536,318.70532767551856,0.38441628923702076,45.93528055863204,20.66256113229069,619.8768339687206,7.449664429530201
1,0,38250,54.67540512164309,271.5545121041606,0.16736614111318213,36.31982929475243,30.780235915263763,923.407077457913,7.651006711409396
1,0,38250,83.95412795456494,416.9721688410059,0.23126512314943848,58.30891870031765,15.969986598318709,479.09959794956137,6.845637583892617
1,0,38400,92.45845506737166,459.2103268346126,0.1778672544081289,76.14564990858075,30.25086996255501,907.5260988766503,6.442953020134228
1,0,38400,80.20032785505803,398.3282950134549,0.22243726041293355,60.63340663363873,18.452193661866264,553.5658098559879,6.845637583892617
1,0,38550,73.03975532899909,362.7641181340289,0.3746263559015921,51.18056271671993,25.775089107414097,773.2526732224228,7.651006711409396
1,0,38550,71.08525788543359,353.0567808309868,0.8237032107889511,43.5093093486903,19.689296252797966,590.678887583939,7.248322147651007
1,0,38700,84.19254443390514,418.15630402172894,0.11886283641516947,58.71728876574643,31.13650829056275,934.0952487168826,7.449664429530201
1,0,38700,41.86464351512547,207.92772945845653,0.6408532309052256,22.629626598776277,37.87254951239681,1136.1764853719042,7.651006711409396
1,0,38850,44.451040879018336,220.7735030324577,0.24243482526200555,29.224989307098507,35.44935910211848,1063.4807730635544,7.651006711409396
1,0,38850,60.910409655971904,302.52170129132713,0.5073024664268767,46.36917079267214,26.184810269744215,785.5443080923264,5.6375838926174495
1,0,39000,61.087235248271845,303.39993506641684,0.19763684551316327,40.969500851243126,34.885244239540555,1046.5573271862168,8.456375838926174
1,0,39000,88.36034787350978,438.856394438432,0.09619720765181777,72.36159202228866,21.06665418642769,631.9996255928307,7.046979865771812
1,0,39150,73.15263035492175,363.32473076277813,0.6235973380339014,57.00078946821633,24.34551815616159,730.3655446848477,5.6375838926174495
1,0,39150,101.72708144619318,505.2445045160928,0.0574529522853891,78.87261882301195,21.459928628625985,643.7978588587795,6.442953020134228
1,0,39300,68.7434434039061,341.425768906067,0.4676504691566097,49.38714407616705,34.151394310645415,1024.5418293193625,6.644295302013423
1,0,39300,130.55061570216347,648.4013913207452,0.060268160716535665,113.27334196535443,18.37062555970008,551.1187667910025,3.6241610738255035
1,0,39450,62.046877478133666,308.1661581413972,0.3725963776032226,37.442355695120234,32.7013920281036,981.0417608431079,8.456375838926174
1,0,39450,104.23240748304428,517.6876238324534,0.23293524082350142,89.27155201966474,28.49153281314376,854.7459843943129,4.228187919463087
1,0,39600,61.69422940424656,306.4146727077579,0.2166121757547507,42.42640687119319,32.628769712186546,978.8630913655966,7.651006711409396
1,0,39600,141.43379481900243,702.4545142677118,0.10265132879104186,133.92404563781582,18.79797127220807,563.9391381662421,1.8120805369127517
1,0,39750,29.75080393830126,147.76232622689622,0.5066417084008082,16.211107303326443,40.15351770278726,1204.6055310836175,8.25503355704698
1,0,39750,154.22772145565577,765.9976832297571,0.06451568841033856,130.5372360669544,19.788495688351542,593.6548706505463,4.429530201342282
1,0,39900,42.641482629355956,211.78603039246786,0.12152775419339105,24.506529742090738,48.644735556277645,1459.3420666883294,9.261744966442953
1,0,39900,138.05435990844526,685.6699875452782,0.3080777226714062,116.64445979128237,21.538278207658607,646.1483462297581,3.6241610738255035
1,0,40050,140.85694198481613,699.5894785245868,0.3302295405330713,60.725365375598464,33.36209815109359,1000.8629445328081,6.644295302013423
1,0,40050,148.09804761060863,735.5536364660229,0.2137842763760562,133.14897671405515,18.41385858036886,552.4157574110659,3.221476510067114
1,0,40200,81.82405881112722,406.3928254285985,0.27207674598134596,59.7369232552199,38.9381859248921,1168.145577746763,7.248322147651007
1,0,40200,160.27075675181823,796.0114252006972,0.058607648644793724,139.86886715777797,14.630051870448257,438.9015561134477,3.825503355704698
1,0,40350,68.36187857543376,339.530663591321,0.23345173011280104,44.22329702769797,36.57013755416817,1097.104126625045,8.456375838926174
1,0,40350,145.037357464078,720.3522087382539,0.0561103224329195,136.42316518832018,17.72772934734009,531.8318804202028,3.6241610738255035
1,0,40500,73.40935916525336,364.59981718742495,0.22250012927473345,44.803571286226195,42.20818681376264,1266.2456044128794,9.463087248322147
1,0,40500,134.20615976714677,666.557260176829,0.0338126739776344,109.98590818827614,15.276213974024985,458.2864192207496,5.8389261744966445
1,0,40650,75.23419361363733,373.66316161439863,0.39705547636228394,56.46698150246903,26.302747878106207,789.0824363431861,7.449664429530201
1,0,40650,142.5585290928721,708.040694494598,0.03485607256106539,131.20567823078375,15.441109769065562,463.2332930719669,2.013422818791946
1,0,40800,77.22577651785349,383.55469003867233,0.5138443610116722,52.913230859587365,27.76168035479662,832.8504106438988,8.053691275167784
1,0,40800,144.16270431457903,716.0080980957426,0.053044475234782874,124.56504325050366,17.981702654656402,539.4510796396921,4.228187919463087
1,0,40950,101.39169698067404,503.57876167068105,0.43743082371730835,77.10000000000053,15.893069015748376,476.7920704724513,6.644295302013423
1,0,40950,121.66989879227917,604.29383066832,0.07135562413817409,94.55902918283236,21.321637872385814,639.6491361715745,6.241610738255034
1,0,41100,122.38080881989694,607.8246838054881,0.1714241473036334,98.72507280321422,18.56949307932318,557.0847923796955,6.442953020134228
1,0,41100,69.7896389815716,346.6218736084722,0.43979056200629996,49.94436905197671,26.137461960084035,784.1238588025211,7.651006711409396
1,0,41250,80.78049703188924,401.2098019250499,0.32587966205633795,58.97423166095574,28.728395504875696,861.8518651462709,7.248322147651007
1,0,41250,65.88662544236578,327.23690636375005,0.45099739477732137,40.2011193874011,25.99817864687425,779.9453594062276,8.657718120805368
1,0,41400,74.75990445995372,371.3075254844367,0.20899817187265915,57.92408825350571,31.228933875168966,936.868016255069,7.046979865771812
1,0,41400,93.02168345576368,462.00769449695963,0.2885443357559246,73.11203731260603,18.637950144291864,559.138504328756,7.85234899328859
1,0,41550,88.88853176180046,441.4797077502757,0.7412716059937308,68.15020176052624,21.45836404009357,643.7509212028071,6.241610738255034
1,0,41550,95.4814606844254,474.22458806597945,0.3651904322352258,62.671285290793314,24.437282130681687,733.1184639204505,9.664429530201343
1,0,41700,77.82622804077606,386.5369326025211,0.2928366875540017,57.551542116608914,29.164020132029925,874.9206039608978,6.040268456375839
1,0,41700,114.80918345398378,570.2189444881193,0.4870886335625518,100.40727065307442,18.21265657666697,546.379697300009,4.429530201342282
1,0,41850,57.846196381289346,287.30277536040376,0.23421047456327024,38.85897579710383,23.16323588042961,694.8970764128884,7.449664429530201
1,0,41850,94.41102834103538,468.9081074271425,0.33391005741222884,71.8680040073455,22.315855885744558,669.4756765723366,7.248322147651007
1,0,42000,90.5590889195553,449.7768083004579,0.2434321087370294,57.67885227707051,31.268274592569572,938.0482377770873,8.25503355704698
1,0,42000,34.70356623328278,172.36104562530446,0.18008878656600588,21.608331726440323,41.435215731642415,1243.0564719492727,7.651006711409396
1,0,42150,72.53627519359266,360.26350012817693,0.21542482567762472,50.98676298805423,24.420352332004494,732.610569960135,7.248322147651007
1,0,42150,40.484144460931304,201.07125082262547,0.6200866327861422,28.276492003074736,35.630576275513896,1068.917288265417,6.442953020134228
1,0,42300,45.43862941543194,225.6785260966453,0.5961104166669502,24.596341191324026,38.737931554036464,1162.137946621094,9.261744966442953
1,0,42300,46.06673227877499,228.7981036512491,0.536240802157539,29.224989307099506,33.168344648810404,995.050339464312,8.053691275167784
1,0,42450,52.226470445333064,259.39146987848744,0.7128167284867016,30.783274679604954,33.58031586552175,1007.4094759656523,8.053691275167784
1,0,42450,34.07229504303573,169.22573204707743,0.2794549312237898,18.544271352631224,41.93865958397124,1258.159787519137,9.463087248322147
1,0,42600,48.02446556554322,238.5215123088647,0.5969785649384797,29.977491556166797,36.82538041643946,1104.7614124931838,7.449664429530201
1,0,42600,24.482678840083086,121.59730490574597,0.21791120279183693,19.992248497856245,38.876981470310454,1166.3094441093135,3.6241610738255035
1,0,42750,53.37138171734286,265.0778625294695,0.30089923162860194,30.88689042295888,31.51646643635082,945.4939930905247,8.859060402684564
1,0,42750,48.52244135679929,240.9947920721031,0.255298670177107,33.81626827430745,28.38038745648417,851.4116236945252,6.644295302013423
1,0,42900,84.53623533006461,419.8633021393209,0.20431534656224404,62.44397488949491,27.843127185183928,835.2938155555178,6.845637583892617
1,0,42900,70.07163946398657,348.02247600446674,0.42168105282469664,45.252292759592706,32.308586915751356,969.2576074725405,7.651006711409396
1,0,43050,92.2915885875181,458.38155665133985,0.7201720608273728,67.8676653495627,17.161135448594656,514.8340634578396,6.845637583892617
1,0,43050,52.75004675012473,261.9918988589528,0.8035175457701774,32.963161256166295,36.35420452366487,1090.626135709946,7.651006711409396
1,0,43200,60.09810146040904,298.48723725336487,0.3835584304775848,32.589722306272684,44.857226532935385,1345.7167959880614,7.651006711409396
1,0,43200,67.06845565067265,333.10666306500747,0.4044514428351131,43.50000000000025,37.88734200324143,1136.6202600972429,8.053691275167784
1,0,43350,106.0033706287326,526.4834074560385,0.37906014416535816,89.08181632634273,18.436889522712093,553.1066856813628,5.6375838926174495
1,0,43350,68.38568578296812,339.6489060554083,0.44229708527902545,37.55156454796586,29.457007512495373,883.7102253748614,9.261744966442953
1,0,43500,47.92172610738835,238.01123966669545,0.0919259834070465,28.094483444264043,25.58931291315241,767.6793873945722,8.456375838926174
1,0,43500,91.15150310713678,452.7191320987793,0.23951039144778674,72.60557829808998,26.138547855711902,784.156435671357,5.8389261744966445
1,0,43650,95.44480405068363,474.042526785062,0.4494116912946682,72.47095970111006,22.632473032003393,678.9741909601017,7.449664429530201
1,0,43650,39.456242087638415,195.9660023686041,0.6619700632977705,19.829523443592915,43.4928134538662,1304.784403615986,8.25503355704698
1,0,43800,68.75109677351197,341.4637806417761,0.2167719066908822,34.09457434842118,32.500012765472384,975.0003829641718,9.865771812080537
1,0,43800,28.82165432035705,143.1475497911067,0.2640481648305381,21.002142747824625,45.373006650345175,1361.1901995103553,5.6375838926174495
1,0,43950,86.64475637930978,430.33562335057195,0.30586425624808505,61.22499489587563,16.105114559829506,483.15343679488524,7.449664429530201
1,0,43950,43.13224980152322,214.22350734756532,0.22354751339759776,30.19437033620598,38.09942096133946,1142.982628840184,6.644295302013423
1,0,44100,61.798134235167595,306.93073336799904,0.4356127903966908,44.949972191314636,28.917613782901256,867.5284134870379,6.644295302013423
1,0,44100,40.42449847413625,200.77500908821003,0.2852983838440347,30.340072511448813,43.707951145281505,1311.2385343584453,6.040268456375839
1,0,44250,70.11226734452856,348.22426114449183,0.12386602288930419,48.30279495018947,23.344179399509517,700.3253819852855,8.25503355704698
1,0,44250,41.27298030641919,204.98913552188202,0.37503353331722183,32.21335126931265,47.492977007089024,1424.789310212671,6.241610738255034
1,0,44400,84.06017110224165,417.4988498078002,0.3074468969242467,54.83684892478755,19.949951838449742,598.498555153492,8.859060402684564
1,0,44400,44.989395437235586,223.44733067160337,0.4871546904122482,32.55103684984533,35.18100744171159,1055.4302232513476,5.8389261744966445
1,0,44550,93.90080772538097,466.3740117027255,0.13615405445415263,71.75081881065847,21.171559750183686,635.1467925055107,7.248322147651007
1,0,44550,88.22227229058448,438.17061904323623,0.060744376281836016,63.3746005904569,22.745021444058782,682.3506433217635,7.651006711409396
1,0,44700,114.25879323072279,567.48533971259,0.47159963516011033,88.44303251245879,13.467478975234762,404.02436925704285,6.442953020134228
1,0,44700,71.47158628124336,354.97554519684195,0.4948399611855894,46.69603837586323,24.47260213027864,734.1780639083591,9.060402684563758
1,0,44850,47.66187343011277,236.72063803622677,0.47345165536022527,31.819805153394682,26.79454066669603,803.8362200008809,7.046979865771812
1,0,44850,46.93895424549876,233.13013941931052,0.12420688708169829,30.299999999999727,28.497843710813708,854.9353113244111,7.248322147651007
1,0,45000,20.283516002650746,100.74146281316538,0.8902755182355494,17.76091213873972,27.148207364981733,814.446220949452,1.8120805369127517
1,0,45000,33.97041933588273,168.71974936821755,0.6568782298939577,26.307793522072693,40.10504999469472,1203.1514998408416,4.429530201342282
1,0,45150,78.58015365472458,390.2814298184653,0.5959981903632987,59.62834896255386,20.48053771560333,614.4161314680999,6.644295302013423
1,0,45150,31.047382355492076,154.20199903227729,0.185031796827759,23.426907606426685,45.28423668832685,1358.5271006498056,6.442953020134228
1,0,45300,66.2443893125901,329.01380025253076,0.45880303150220575,47.36771052098587,22.61358683227214,678.4076049681642,6.442953020134228
1,0,45300,56.949684454414445,282.85009945692514,0.7899111715929913,33.420053859920515,29.357801688259684,880.7340506477906,9.060402684563758
1,0,45450,94.14869752022233,467.6051976837709,0.07612974766248581,72.4610240060135,23.760474271967958,712.8142281590386,5.8389261744966445
1,0,45450,34.517229601658556,171.43557368823753,0.14389323377396263,21.654098919141678,34.693171863164046,1040.7951558949212,7.248322147651007
1,0,45600,88.79329816455342,441.006714217282,0.7850880104156434,64.1775661738598,24.387717590791386,731.6315277237416,7.651006711409396
1,0,45600,55.43278409660899,275.31616101315797,0.5905641814367635,38.11062843879766,39.06963643029869,1172.0890929089605,7.046979865771812
1,0,45750,55.929998252850226,277.7856579891561,0.4584735088089273,31.402706889694013,44.999298187788725,1349.9789456336616,7.449664429530201
1,0,45750,52.94679688303866,262.96909118575866,0.3125702423761196,33.72966053787271,39.29190179622918,1178.7570538868756,7.85234899328859
1,0,45900,46.55304073452856,231.21343564815854,0.6943246693858471,28.46840353795462,33.36841530419466,1001.0524591258398,7.85234899328859
1,0,45900,54.65910397459145,271.47354974047084,0.2920004869880952,38.014865513374176,32.87148802951867,986.1446408855604,6.442953020134228
1,0,46050,65.4645900597789,325.14079729690195,0.7390590995307926,43.55066015573101,41.8568311525716,1255.7049345771482,8.456375838926174
1,0,46050,36.0204359723894,178.90149866286734,0.42872966393569045,23.053199344126355,43.52358225212618,1305.7074675637855,7.651006711409396
1,0,46200,42.15075363348747,209.3487430463211,0.22240288175412215,26.22556005121655,32.94980560702872,988.4941682108617,8.657718120805368
1,0,46200,32.450636839624515,161.17149630346842,0.335886188723833,22.12690669750389,51.27092531687733,1538.1277595063198,5.033557046979865
1,0,46350,65.04665858366307,323.0650709655266,0.3687887806605175,45.7831846860852,21.131938045476684,633.9581413643004,7.046979865771812
1,0,46350,47.981240694295956,238.3068287816699,0.45919594856673795,33.70830758136755,41.833983907346074,1255.0195172203823,6.442953020134228
1,0,46500,67.60086121923872,335.75094405555234,0.008266275728416742,41.78516483155268,25.3781785904017,761.345357712051,9.060402684563758
1,0,46500,81.92113421382909,406.8749665953512,0.5702423091192246,61.41213235184163,23.90045908907904,717.0137726723711,6.241610738255034
1,0,46650,40.15979306365275,199.46030554947532,0.4968095283748804,22.553935355055042,38.036707920812944,1141.1012376243884,8.456375838926174
1,0,46650,37.5635613643225,186.56568810946834,0.35316619411770195,20.302709178824923,39.06470234174277,1171.9410702522832,8.657718120805368
1,0,46800,71.91108370722971,357.15838241257416,0.30358603590190775,54.810582919722556,35.52447209614961,1065.7341628844881,6.845637583892617
1,0,46800,57.48210497467522,285.4944547075536,0.3336843180894481,41.260634992690086,34.42001428346838,1032.6004285040517,6.845637583892617
1,0,46950,88.53302734514395,439.714035814215,0.6924243067185011,70.79491507163486,17.89016723516145,536.7050170548434,5.4362416107382545
1,0,46950,80.54264211213373,400.02845582359754,0.4601493792624571,50.870128759420574,29.462299415849436,883.8689824754831,9.664429530201343
1,0,47100,56.45457320230641,280.3910469047886,0.3332332547101839,38.94226495724363,32.525690241894296,975.7707072568289,7.046979865771812
1,0,47100,54.422651316418346,270.2991682048778,0.7709116543735528,34.83231258472474,36.18468131887626,1085.5404395662877,6.442953020134228
1,0,47250,92.47093350646645,459.27230308211676,0.5742700860217436,65.97613204788576,16.319438539746233,489.58315619238715,8.456375838926174
1,0,47250,74.54010007819164,370.21583038835183,0.2897909369481954,43.063325463786256,28.494052875056568,854.8215862516972,8.657718120805368
1,0,47400,77.30086962555431,383.92765247358636,0.671238610880918,56.44864923096095,18.701336241857984,561.0400872557395,7.248322147651007
1,0,47400,71.86173310033652,356.913274398338,0.46284729550528425,45.197566306163516,21.68561440165028,650.5684320495085,7.85234899328859
1,0,47550,50.48624787644501,250.74836445301025,0.47783459618749274,31.182687504449493,36.59034763862317,1097.7104291586954,9.261744966442953
1,0,47550,54.76109634351534,271.9801118394596,0.6097034199332692,34.50521699685356,44.38370262040962,1331.5110786122887,9.261744966442953
1,0,47700,68.13625582088267,338.41007057705053,0.9018045617722505,46.496128871122096,23.869639397992582,716.0891819397775,8.25503355704698
1,0,47700,53.99488564606383,268.1745987087837,0.7174969681735877,39.940580867083604,32.51238591153596,975.3715773460787,6.040268456375839
1,0,47850,84.44106965544327,419.39064595536826,0.36749204955156445,64.85691944580738,17.13889789300028,514.1669367900083,6.040268456375839
1,0,47850,71.92948974488446,357.24979906625947,0.7361686914002277,52.90302448820837,20.482246499981798,614.467394999454,7.449664429530201
1,0,48000,81.89166030110367,406.72857949548154,0.6453452162105806,57.11357106677898,24.83928583843592,745.1785751530775,7.85234899328859
1,0,48000,54.30104318613056,269.6951811577818,0.4269881190022686,34.99857139941532,25.41551253199034,762.4653759597103,7.651006711409396
1,0,48150,67.82616157693093,336.8699358320903,0.8809126129117258,29.143266803845425,27.677182510400613,830.3154753120184,10.872483221476509
1,0,48150,72.32298260161404,359.2041469213498,0.33964232370262826,55.109436578502034,20.65665155769183,619.6995467307548,6.442953020134228
1,0,48300,74.81268133427977,371.5696506269229,0.5589274541415151,54.64448737063933,18.031789341521026,540.9536802456308,6.644295302013423
1,0,48300,59.656079719516434,296.29186260693155,0.7102604060253507,35.28413241104345,36.66557761021902,1099.9673283065706,8.456375838926174
1,0,48450,97.58466980367207,484.67052669157135,0.31396344980671137,76.1078182580471,21.05673674785102,631.7021024355307,6.644295302013423
1,0,48450,30.215227248738184,150.0689620020663,0.2517944251659678,20.838665984174387,45.97123877291098,1379.1371631873294,5.6375838926174495
1,0,48600,97.8412615372251,485.94493230155126,0.6124279074098472,71.2068816899066,19.49351751002201,584.8055253006602,7.248322147651007
1,0,48600,33.77377664909279,167.7430906904942,0.3910114836646979,20.8127364851451,47.649680667165384,1429.4904200149617,7.449664429530201
1,0,48750,26.69898305896415,132.60494919285526,0.8227539043255753,19.543796969883346,24.700153870922506,741.0046161276751,4.228187919463087
1,0,48750,33.38833506384706,165.82873081710704,0.5022509146904596,23.349946466748676,47.5971466584326,1427.914399752978,6.040268456375839
1,0,48900,26.802486899284943,133.11901826644856,0.27058509504464284,20.06638980982896,37.55623553532978,1126.6870660598934,4.429530201342282
1,0,48900,74.13474114430522,368.2025476833826,0.5479286150654203,46.27591166038777,31.75857159219712,952.7571477659137,8.657718120805368
1,0,49050,41.516390540127894,206.1980730159686,0.47563005908507594,26.795895208035137,41.283759410232165,1238.512782306965,7.449664429530201
1,0,49050,52.27796762776458,259.64723921789744,0.1883489468758698,34.60549089378675,28.920374437280515,867.6112331184155,7.449664429530201
1,0,49200,56.89492742300412,282.5781395342538,0.30997725875989307,37.46638493369708,27.017096833703697,810.512905011111,7.449664429530201
1,0,49200,60.9813642138729,302.8741089289021,0.031623789073830975,43.471024832638555,29.546735229469473,886.4020568840843,6.845637583892617
1,0,49350,60.755995703828695,301.7547786623492,0.28815179121914464,32.10560698694291,26.530209849198442,795.9062954759532,9.865771812080537
1,0,49350,131.80595003910213,654.6362185275407,0.14306994677761808,114.27834440522804,14.135837346901086,424.07512040703256,4.630872483221476
1,0,49500,110.80815800233775,550.3471847449441,0.34694876314333495,90.66007941756972,14.356177260523898,430.68531781571704,6.241610738255034
1,0,49500,155.00763785643554,769.8712680202964,0.18637151850974465,138.01369497263627,12.024522994838525,360.73568984515583,3.221476510067114
1,0,49650,104.01922261420016,516.6288056505274,0.034493833201316416,82.55452743490179,15.674827225245815,470.2448167573744,5.8389261744966445
1,0,49650,134.23537039556896,666.7023396313257,0.17729462532459994,113.09045052523193,15.610494455499678,468.3148336649904,5.8389261744966445
1,0,49800,89.5736076883804,444.88225151895597,0.538219419147892,66.61688975027363,14.508939822435085,435.2681946730526,6.442953020134228
1,0,49800,100.17817540760481,497.55160452443727,0.24192903242462355,75.90533578082726,15.720726785302734,471.62180355908214,6.644295302013423
1,0,49950,108.54977783897131,539.1305632668907,0.23732135563666548,88.71178050293,20.57397654821744,617.2192964465233,5.8389261744966445
1,0,49950,78.46810537720813,389.72492337346705,0.2204452728203458,57.307067626951365,35.05895588251051,1051.7686764753155,6.442953020134228
1,0,50100,92.36777909366663,458.75996949854425,0.34797760057291494,61.13673200294268,21.08338740357738,632.5016221073214,8.053691275167784
1,0,50100,75.04951599130472,372.74592942348016,0.021817702114431105,55.04080304646711,25.999787210884588,779.9936163265374,6.241610738255034
1,0,50250,80.81900000160712,401.40103334131544,0.380879153402007,55.34735766050786,32.49198371762011,974.7595115286033,7.248322147651007
1,0,50250,97.23790535257052,482.94826325110023,0.11964938629408019,75.1378732730709,14.431322453424515,432.9396736027354,6.241610738255034
1,0,50400,61.16796273262137,303.8008815720194,0.018587771916092483,34.50000000000171,22.555944790676218,676.6783437202866,7.651006711409396
1,0,50400,98.63208771018358,489.87270229391174,0.7581129593469906,68.40657863100597,21.713306719208948,651.3992015762686,7.248322147651007
1,0,50550,31.7102640042865,157.49431122128962,0.8190223331713425,0.0,33.76016510011756,1012.804953003527,12.080536912751677
1,0,50550,59.82711096708692,297.1413178031984,0.29531222155558834,26.5088664412494,41.5032203823856,1245.0966114715682,10.268456375838927
1,0,50700,104.55348514182208,519.2823095377162,0.8716227719938483,78.08360903544208,20.93068724649535,627.9206173948605,7.85234899328859
1,0,50700,58.898260577663834,292.5280275357303,0.3185972697260532,34.95611534481394,40.9342684665808,1228.0280539974237,9.261744966442953
1,0,50850,55.73072233794446,276.79592094512424,0.2851966153908054,27.166155414411648,31.626716864309675,948.80150592929,8.859060402684564
1,0,50850,62.23695433778681,309.1102065443412,0.23189518901420844,33.84154251803686,36.840227844373636,1105.206835331209,8.053691275167784
1,0,51000,40.18540620688734,199.58751749420713,0.18689049214114054,30.86502875423841,31.72362446200249,951.7087338600746,6.040268456375839
1,0,51000,69.01110125556002,342.7551362359481,0.6360030580422548,48.03748536299446,32.36624806971005,970.9874420913014,6.241610738255034
1,0,51150,45.98703143164825,228.4022561105196,0.27309293062661316,32.49015235421278,34.78373676365983,1043.5121029097952,7.248322147651007
1,0,51150,84.47751758036006,419.57167064912164,0.8312970800022788,63.970383772492575,29.8728830722686,896.1864921680578,7.046979865771812
1,0,51300,37.86870618235397,188.08124070569139,0.260676074926873,27.614670014322652,31.853459063135215,955.6037718940565,4.832214765100671
1,0,51300,68.25028945081382,338.9764376057086,0.41718707705900654,48.914721710339784,31.473245302005804,944.197359060174,8.456375838926174
1,0,51450,50.26107713307592,249.63001642761043,0.5078781588362206,32.61180767758517,36.310533859018726,1089.316015770562,7.248322147651007
1,0,51450,105.90081438260299,525.974044766928,0.525003118364763,79.47452422002867,28.44171559170942,853.2514677512828,6.241610738255034
1,0,51600,35.18139066539927,174.73424030481635,0.48086045101133945,23.717082451261856,37.3245780501727,1119.737341505181,6.644295302013423
1,0,51600,68.44415911358286,339.93932359746157,0.7641343395272476,36.732546876034206,25.79127167416781,773.7381502250344,9.463087248322147
1,0,51750,38.07934725337576,189.1274246917663,0.20366837045896902,28.03034070431705,43.251889018225064,1297.5566705467522,6.644295302013423
1,0,51750,77.40029593145636,384.42146979289987,0.5257488953118591,57.1182982939803,36.228506699687465,1086.8552009906239,7.248322147651007
1,0,51900,35.86053930249722,178.10734520240288,0.6340811224132319,25.500000000000924,30.966309619244726,928.9892885773419,5.23489932885906
1,0,51900,69.31589360057156,344.26893821617205,0.3320517758343705,46.7384210259598,40.45551863592561,1213.6655590777682,7.248322147651007
1,0,52050,37.300754469331316,185.26041386434554,0.6601872369202626,25.2873486154632,36.76521941705615,1102.9565825116845,6.845637583892617
1,0,52050,69.90923124686985,347.2158485261202,0.12495152761494815,53.139815581162566,44.73824558631541,1342.1473675894622,5.6375838926174495
1,0,52200,24.752174965454536,122.93580232842419,0.6837471983221908,21.06418761785101,23.86780380848856,716.0341142546569,2.013422818791946
1,0,52200,46.010683513867804,228.51972811887674,0.22264077128395876,23.979366130071032,35.19156470613587,1055.7469411840761,10.268456375838927
1,0,52350,26.09359811210352,129.59820395678082,0.6894832776369273,18.039955654046395,39.23264710950842,1176.979413285253,5.6375838926174495
1,0,52350,77.76711871929939,386.2433563058536,0.3270397686743947,48.674942218764045,25.298636895311258,758.9591068593378,9.261744966442953
1,0,52500,25.229916782568775,125.30858668675826,0.20066872650477094,17.71778767228002,45.218864877917554,1356.5659463375266,5.4362416107382545
1,0,52500,94.39909257348053,468.8488264482867,0.16674996429197722,72.46102400601276,24.107408292239253,723.2222487671776,6.845637583892617
1,0,52650,23.328731457664148,115.86603290639859,0.2792179643332021,17.123667831394542,41.33068516803087,1239.9205550409263,5.033557046979865
1,0,52650,74.34696305110336,369.25658315381327,0.38214040000826266,46.34587360272704,35.12496943668158,1053.7490831004477,8.053691275167784
1,0,52800,26.582564849122015,132.02673875063934,0.4597726045982918,18.41765457380563,50.010815222223094,1500.3244566666929,6.241610738255034
1,0,52800,60.53925680180773,300.6783087823118,0.4838242298980948,41.40108694225229,35.90571556412194,1077.1714669236583,6.040268456375839
1,0,52950,27.112830839146635,134.6603931677616,0.4501724507171607,21.784627607558626,48.469640689545024,1454.0892206863507,4.630872483221476
1,0,52950,57.877036754714226,287.45594921508064,0.0842761209132786,44.679861235234846,33.98046289300262,1019.4138867900785,6.040268456375839
1,0,53100,43.888027539343675,217.9772034454069,0.38295284528435986,31.931332574759534,34.790662950308445,1043.7198885092532,6.040268456375839
1,0,53100,87.24452850304337,433.3144915651155,0.5175597735793291,66.22122016393169,30.568567672540812,917.0570301762243,6.442953020134228
1,0,53250,18.16089997690319,90.19913655195249,0.3516377111816969,12.299999999999045,47.733561443841474,1432.0068433152444,5.6375838926174495
1,0,53250,66.74426401526665,331.49651127582433,0.349169608670461,46.692183500024406,32.04228542782916,961.2685628348746,7.046979865771812
1,0,53400,17.87915672297006,88.79981172408463,0.28243017999695946,13.916896205691021,48.15139143181636,1444.5417429544907,5.4362416107382545
1,0,53400,71.10808631028992,353.17016200777323,0.3143473419329107,35.44573317058009,28.07549875223634,842.2649625670902,10.671140939597315
1,0,53550,29.710901613503275,147.56414468039958,0.38343642310036674,22.788154817798763,45.592070409452674,1367.76211228358,5.6375838926174495
1,0,53550,54.771105702998184,272.02982499155763,0.385917637344359,34.680830439884396,29.058957512988993,871.7687253896698,7.449664429530201
2,0,0,70.18085439289769,348.56491015139176,0.14765918612332596,40.73045543570529,27.921668581686028,837.6500574505808,9.664429530201343
2,0,0,123.04466551210965,611.1218387101445,0.3715918979767875,83.95820388741083,16.07656741091296,482.2970223273888,7.248322147651007
2,0,0,133.84569118881316,664.7669329044388,0.5492538406935686,110.51732895795097,20.627414339743453,618.8224301923034,6.040268456375839
2,0,0,92.95111061951047,461.65718274356857,0.4722726260524167,64.02382369087344,20.66128571135286,619.8385713405859,7.85234899328859
2,0,150,68.18918655478068,338.67295988874406,0.8780203702307233,34.57426788812728,32.55480438753986,976.6441316261959,10.872483221476509
2,0,150,98.69042084676354,490.1624235389256,0.5582387553748872,77.61365859177002,19.000448952935017,570.0134685880506,6.845637583892617
2,0,150,122.27183627294544,607.2834534889624,0.7179822003118802,95.4018867737969,21.40449492935489,642.1348478806466,7.449664429530201
2,0,150,69.97178386788654,347.52652654383644,0.8027632304912103,46.52418725781279,23.39803952975111,701.9411858925333,7.651006711409396
2,0,300,59.818767987296006,297.0998810035702,0.14191721393045173,42.406249539424756,40.010700111676385,1200.3210033502914,7.046979865771812
2,0,300,116.34874961452456,577.8654564188055,0.3966607180702219,98.11651237177169,17.17628306744297,515.288492023289,5.23489932885906
2,0,300,131.35725264202853,652.4076881220751,0.21735242019284945,102.51268214225888,22.5226699639187,675.6800989175609,6.040268456375839
2,0,300,85.45054176052793,424.40435741062197,0.4878149012345671,63.23100505290175,26.452608454919844,793.5782536475954,7.449664429530201
2,0,450,73.54322119755791,365.2646652812044,0.039204267535814956,54.38280978397285,40.49581091451606,1214.874327435482,6.040268456375839
2,0,450,141.21654876125703,701.3755255142432,0.3209452567785523,125.02515746840741,13.609672206042688,408.2901661812807,4.630872483221476
2,0,450,136.21355482335977,676.5273222893536,0.13102129537385507,118.85036811049281,20.65403191197018,619.6209573591055,4.832214765100671
2,0,450,81.10362927229959,402.8146920524213,0.6308924368698958,59.693215694916944,19.136241955921463,574.0872586776438,6.644295302013423
2,0,600,67.20069905480216,333.763471972184,0.45139567690381177,46.20876540224919,34.04415372658918,1021.3246117976754,7.651006711409396
2,0,600,93.78339418971562,465.7908578089209,0.07244037147723052,72.98636859030474,19.39953230257698,581.9859690773094,6.040268456375839
2,0,600,179.38774518905487,890.9591344389723,0.13605918110240883,151.33803223248282,15.68135989679877,470.44079690396313,3.221476510067114
2,0,600,55.17208517092025,274.02135634890385,0.4587569952087854,39.602272662058404,31.647729690618107,949.4318907185432,6.845637583892617
2,0,750,64.57419730120053,320.71851326262924,0.45825763635058947,48.31769862069214,26.318048323530903,789.541449705927,6.845637583892617
2,0,750,92.56440585686249,459.7365490890837,0.21971639076387536,67.49133277688458,32.167152196887635,965.014565906629,7.449664429530201
2,0,750,223.74689309083774,1111.2762356844942,0.09611378565114273,213.10434064091703,12.840011000677212,385.2003300203163,0.0
2,0,750,88.15378361207765,437.8304586066522,0.8817512670756947,60.900738911772656,19.831705185118096,594.951155553543,8.053691275167784
2,0,900,68.46186035903585,340.0272397832114,0.5146436787846431,43.73522607693037,33.055037314132335,991.6511194239699,8.053691275167784
2,0,900,136.10551301530245,675.9907146426686,0.7952970081260884,118.20609121360913,12.860930795432504,385.8279238629751,4.026845637583892
2,0,900,135.581516775611,673.3881999855346,0.07756198587173799,101.67212007231657,17.779954484076402,533.3986345222919,6.644295302013423
2,0,900,78.7496762428519,391.1233920061645,0.5920473355699293,57.3447469259396,19.43271255745826,582.9813767237479,7.046979865771812
2,0,1050,84.18684563055082,418.1279999650691,0.35973026751875287,55.190216524307345,30.368821312044847,911.0646393613456,9.060402684563758
2,0,1050,35.40027743519392,175.8213779281298,0.2411246599944429,0.0,43.077193453607215,1292.3158036082164,11.476510067114093
2,0,1050,176.51272268273033,876.6798559908937,0.06125451208212267,131.57693566883222,16.43306846344865,492.99205390345946,6.040268456375839
2,0,1050,47.636324158935224,236.5937433227116,0.6064670303884435,30.905824693736108,26.464978366615917,793.9493509984774,6.241610738255034
2,0,1200,93.27451008600345,463.26340009381704,0.768323012872172,75.45939305348028,22.62644632210001,678.7933896630003,5.4362416107382545
2,0,1200,94.23294445512289,468.0236241271102,0.7721705323668717,65.34906273237533,16.223949426575036,486.71848279725117,8.25503355704698
2,0,1200,129.09700720313705,641.1818024422473,0.11894732938904595,99.669554027295,22.16327651941693,664.8982955825079,5.8389261744966445
2,0,1200,46.934188692393654,233.10647050555517,0.2808130972921071,36.31982929475412,44.44576597493247,1333.3729792479735,6.040268456375839
2,0,1350,142.42794285241976,707.3921161670181,0.3203874164531104,130.55653947619712,13.613969843314838,408.4190952994452,3.6241610738255035
2,0,1350,71.16556635500343,353.45564622985034,0.23674553752858726,45.66015768698292,33.63212183604502,1008.9636550813508,7.85234899328859
2,0,1350,155.01811392664354,769.923299168996,0.11028753763316476,124.36257475623283,14.775340022224055,443.2602006667217,4.630872483221476
2,0,1350,64.70693425205587,321.3777734518775,0.647618373329594,48.61481255749234,28.34516440318464,850.3549320955392,5.6375838926174495
2,0,1500,120.00017836137067,596.0008858614744,0.18762851192461527,85.11122135182761,25.519010279920984,765.5703083976297,8.859060402684564
2,0,1500,81.49873545124174,404.7770527411673,0.29443135483804933,66.0981088988183,34.93546772330025,1048.0640316990077,5.23489932885906
2,0,1500,140.93622205681078,699.9832362154935,0.11447870642616728,111.94864894227076,15.60191250120749,468.0573750362247,6.644295302013423
2,0,1500,59.107879747531996,293.5691360794089,0.46182915717713696,43.177077251708155,37.69460098048772,1130.8380294146316,7.046979865771812
2,0,1650,69.67106828472548,346.0329724808031,0.32705770621335467,9.143850392477091,28.271332296363994,848.1399688909198,14.496644295302014
2,0,1650,130.52637825792215,648.2810120143467,0.1730721720536491,115.55609027654057,26.102546323539453,783.0763897061836,5.033557046979865
2,0,1650,92.6405691442642,460.1148267498455,0.3927334976714632,69.3649046708775,21.202956134108,636.0886840232401,6.845637583892617
2,0,1650,71.75857756009812,356.40093521515394,0.4527772321341024,51.46202483385025,35.10072666200918,1053.0217998602757,6.644295302013423
2,0,1800,116.68095540950512,579.5154118672087,0.17870795061802414,92.80867416357161,16.14710063268147,484.41301898044424,5.6375838926174495
2,0,1800,83.94173280127147,416.91060624631496,0.6323822258974732,34.284107105187644,41.25339874792459,1237.601962437738,9.865771812080537
2,0,1800,89.90921771754122,446.5491146637881,0.21899573125103106,65.66231796091202,21.00676580332206,630.2029740996617,7.449664429530201
2,0,1800,59.76368216235819,296.8262880730456,0.6928903837642235,45.32284192325105,21.02721616146975,630.8164848440924,6.040268456375839
2,0,1950,114.8679063008327,570.5106012941358,0.035651381583338915,93.43109760673933,22.865942995988007,685.9782898796404,7.046979865771812
2,0,1950,125.74067895597919,624.5120388146966,0.2111081581237025,80.42070628886486,16.214680343490997,486.4404103047299,7.85234899328859
2,0,1950,93.01268419428594,461.96299816495343,0.4525913474378235,73.42159082994598,24.13151062043656,723.9453186130969,5.4362416107382545
2,0,1950,56.48434816938875,280.53892924129747,0.6573883885668392,42.20947760870872,22.736894155742743,682.1068246722821,4.832214765100671
2,0,2100,182.60676555263782,906.9469355781014,0.14805286195924555,164.1331776332867,14.039137641649967,421.174129249499,1.610738255033557
2,0,2100,141.46836440743553,702.6262098902632,0.3336231450356663,121.95876352275687,23.18216179428053,695.4648538284157,5.8389261744966445
2,0,2100,96.2321643281345,477.9530828297346,0.6432040023085103,66.72218521601394,30.86046724953965,925.8140174861894,6.241610738255034
2,0,2100,53.3350874876793,264.89760118880713,0.6909162289710222,38.52401848198031,35.15699317522776,1054.7097952568326,6.241610738255034
2,0,2250,120.90706795433863,600.5051041732152,0.046214818078039246,93.19334740205335,19.606459477097015,588.1937843129106,6.241610738255034
2,0,2250,67.4116645516196,334.81126727304394,0.13326722351775108,42.30957338475788,38.63591086629222,1159.0773259887665,8.25503355704698
2,0,2250,104.46519579267476,518.8438057702846,0.22732457447502394,60.55617227004867,28.000861352304817,840.0258405691445,8.25503355704698
2,0,2250,38.61259037644012,191.77586553631926,0.23417544363075501,26.715164233073494,53.10802494510072,1593.2407483530221,6.644295302013423
2,0,2400,113.69148816983994,564.6677245768717,0.02622300642405131,96.04217823435596,20.866844874962133,626.0053462488638,5.033557046979865
2,0,2400,91.86939142468867,456.2846440759537,0.1662639782688186,67.23548170423098,38.83217076740094,1164.9651230220281,7.046979865771812
2,0,2400,108.5361421634825,539.0628394119631,0.15056565008465755,87.74987179477918,21.313903725468307,639.4171117640492,6.241610738255034
2,0,2400,66.56216997549735,330.5921108783035,0.8408505959695763,46.11908498658954,27.497795602677847,824.9338680803354,7.248322147651007
2,0,2550,102.51586643966351,509.1621366503288,0.06686746548596154,84.17339247054296,23.2857571110875,698.5727133326251,4.429530201342282
2,0,2550,112.84615635084849,560.469243209214,0.110864108129198,86.68546590980498,21.81288689477552,654.3866068432657,7.046979865771812
2,0,2550,104.32365044959634,518.140797232995,0.02634425438006008,82.35969888240251,19.717260442477134,591.5178132743139,5.23489932885906
2,0,2550,53.993509353682626,268.1677631232904,0.8472769307265651,40.25481337678772,26.19554657576368,785.8663972729105,5.8389261744966445
2,0,2700,99.55976785919997,494.4801803673597,0.1685419550749076,80.001624983498,18.458417907328933,553.752537219868,5.8389261744966445
2,0,2700,106.2749473234541,527.8322383731554,0.47724562853057867,75.6101183704935,21.921920089025093,657.6576026707528,8.25503355704698
2,0,2700,112.01137234952517,556.323149335975,0.20077411779293522,86.52751007627566,17.89161226017399,536.7483678052197,7.248322147651007
2,0,2700,60.813456531960625,302.04016744207115,0.334703682474545,43.076907967030515,27.098777292641522,812.9633187792457,6.241610738255034
2,0,2850,93.43766031979473,464.07371292164714,0.3229518762489217,71.01387188430192,21.7221715550872,651.6651466526159,6.442953020134228
2,0,2850,101.44336107946391,503.8353600280041,0.34465744088622224,74.32072389313626,23.694982411243107,710.8494723372932,7.85234899328859
2,0,2850,103.35840518724471,513.3467457633153,0.5424170657456776,69.01043399370712,17.643453963005964,529.303618890179,8.25503355704698
2,0,2850,72.86359264273462,361.88917679224863,0.6937774400582088,53.6823993502526,22.232151946029813,666.9645583808942,7.046979865771812
2,0,3000,80.56264992266296,400.127827949226,0.03072056255327628,63.61414936946039,21.30038055879398,639.0114167638193,5.4362416107382545
2,0,3000,74.21372867148182,368.59485240169306,0.2748876045260359,45.30397333568037,23.724590051176442,711.7377015352932,9.261744966442953
2,0,3000,102.54486888038996,509.3061821059368,0.5472209794093188,76.20531477528286,19.083119749889406,572.4935924966821,7.651006711409396
2,0,3000,59.75305175365448,296.7734903764839,0.18604405081226474,39.9281855335312,28.272452284725276,848.1735685417583,7.046979865771812
2,0,3150,76.96647891444312,382.26684527506745,0.09626936985349661,57.678072089833755,28.010723837935814,840.3217151380745,5.8389261744966445
2,0,3150,43.481414464967244,215.95769184267067,0.09281084474845368,0.0,71.94266065228608,2158.279819568582,9.463087248322147
2,0,3150,135.6805048451305,673.8798407308149,0.41531019809953323,119.0557852437262,29.182569486075895,875.4770845822769,5.4362416107382545
2,0,3150,58.353586882455595,289.82281484952944,0.9299880535541445,44.457732735711716,24.904595759293642,747.1378727788091,5.6375838926174495
2,0,3300,70.70126095645551,351.1495960837291,0.1864411956927003,51.98663289731361,29.29478043300982,878.8434129902945,5.8389261744966445
2,0,3300,66.43181026386105,329.94465764384324,0.31123988224458304,28.95582842883435,25.807453470899695,774.223604126991,11.879194630872483
2,0,3300,120.14048889605294,596.697761517063,0.3717635480604131,95.58849303132703,16.470010913152286,494.1003273945686,6.241610738255034
2,0,3300,88.47360613810612,439.418910485927,0.22504804920962615,63.694034257535016,19.687868936583374,590.6360680975013,7.449664429530201
2,0,3450,89.9002983709001,446.50481524213706,0.8212946177910824,60.46693311223921,14.660830236658278,439.8249070997483,7.651006711409396
2,0,3450,94.79888047015177,470.83443966842043,0.124252841574349,72.57582242041747,24.031875617529295,720.9562685258787,6.241610738255034
2,0,3450,101.21559933491928,502.7041433634324,0.4819654323883092,72.3895710720808,20.727793398013777,621.8338019404132,8.25503355704698
2,0,3450,91.721683943843,455.5510302544202,0.7713716277394905,67.46332336907352,21.258178684334037,637.7453605300211,7.651006711409396
2,0,3600,60.60567313653946,301.0081765781459,0.7051964429314472,34.480429231667124,30.35815786489321,910.7447359467964,7.046979865771812
2,0,3600,124.10988825927531,616.4124450210674,0.6406308533210449,62.241866938580976,35.149870685809695,1054.4961205742911,9.865771812080537
2,0,3600,99.89989195341603,496.1694633686329,0.23490808720979703,72.38957107208182,21.29438957993191,638.8316873979572,6.040268456375839
2,0,3600,83.32808186793206,413.86280661072914,0.7123945474025749,64.50069767064471,22.494113900623002,674.8234170186901,7.651006711409396
2,0,3750,45.17654729024128,224.37685154153166,0.38689416170488555,33.46311402126273,31.219288870720796,936.578666121624,6.241610738255034
2,0,3750,129.36393055759655,642.5075217693961,0.06289276484208654,99.72507207317486,27.080905536760472,812.4271661028141,5.4362416107382545
2,0,3750,118.19249258868659,587.0227131904767,0.5061720100798657,91.94155752433251,16.853794817279987,505.61384451839956,6.845637583892617
2,0,3750,50.87780784664416,252.69311230499932,0.6096433508858231,40.090148415790345,47.51747340537618,1425.5242021612853,5.6375838926174495
2,0,3900,54.76457812940245,271.99740470936547,0.14484977425804813,39.482781057062546,20.32274136137952,609.6822408413856,6.241610738255034
2,0,3900,100.57387065041895,499.5168908970809,0.09164542360427423,59.84454862391289,36.881017940366625,1106.4305382109992,7.449664429530201
2,0,3900,77.07027466027131,382.7823641460141,0.26329385246623377,39.31831634238687,29.77388885356004,893.2166656068014,10.268456375838927
2,0,3900,87.3081286234824,433.630372163296,0.905206939049394,57.061545720387876,23.637888278810518,709.1366483643154,8.053691275167784
2,0,4050,43.95268453892427,218.29833320999052,0.609021667060836,33.20256014225607,23.10169853016982,693.0509559050946,5.6375838926174495
2,0,4050,113.76616135368317,565.0386013899597,0.09375150234182274,63.522122130795076,38.03113596400963,1140.934078920289,9.261744966442953
2,0,4050,220.01630464269033,1092.7476463920284,0.3640596315337147,191.2158204751905,20.972965813421272,629.1889744026383,5.23489932885906
2,0,4050,52.00399881283778,258.28652743709426,0.32411029543720044,37.84521105767488,31.626789792815977,948.8036937844794,6.040268456375839
2,0,4200,58.472376112122156,290.4128013568734,0.8038628077132952,41.78516483155324,23.32321836262717,699.6965508788152,6.442953020134228
2,0,4200,121.32199460077864,602.5659065172006,0.5119072507531678,53.67317765886362,36.725553292034114,1101.7665987610235,9.865771812080537
2,0,4200,153.5050255941182,762.4082937841204,0.6358488278020836,124.84686620015655,15.998604729605377,479.95814188816126,7.046979865771812
2,0,4200,98.22534687807938,487.8525561611276,0.6239891143155464,61.2213198158952,32.6802957668284,980.4088730048521,7.449664429530201
2,0,4350,56.18127587910699,279.03367019956477,0.44101422464115997,39.772352206024436,26.97342224986615,809.2026674959844,7.046979865771812
2,0,4350,130.8939126959856,650.1064330567283,0.03640058695385882,60.85564887502282,22.401738084883775,672.0521425465133,12.281879194630871
2,0,4350,125.61806162687984,623.9030394135032,0.09749536291405848,89.96499319179674,17.319696310859783,519.5908893257936,8.053691275167784
2,0,4350,172.6493914707233,742.3923833241101,0.6315113210045791,153.51120480277598,19.959332794900106,598.7799838470032,3.9534883720930236
2,0,4500,69.05646050736051,342.9804205198906,0.41004450331473913,49.26306933190458,20.426360112652613,612.7908033795785,6.644295302013423
2,0,4500,83.4356600299637,414.3971114821531,0.6439601487309885,58.50538436759492,19.716385939127694,591.4915781738308,7.651006711409396
2,0,4500,88.08870916873356,437.50725553804324,0.24231746338211008,34.00735214626384,24.007068094707144,720.2120428412143,10.06711409395973
2,0,4650,96.41032647739446,478.83795483772576,0.3475834790349069,80.2588312897702,16.534002383082907,496.0200714924872,5.6375838926174495
2,0,4650,62.30274132184497,309.4369485651633,0.7170274883361359,48.28602282234402,25.950486099050565,778.5145829715169,6.241610738255034
2,0,4650,93.12136749448824,462.5027918892917,0.5223017913907928,56.83396871590049,35.5179065789213,1065.5371973676386,9.060402684563758
2,0,4800,61.72213187527863,306.55325498055055,0.32568420547546095,44.44963441919458,22.332770276158367,669.983108284751,6.442953020134228
2,0,4800,65.65964221157792,326.1095563175037,0.7202423283997165,45.124826869474205,24.450830191341296,733.5249057402389,6.644295302013423
2,0,4800,64.28323376433764,319.27339436287696,0.5237170040364286,46.861498055440755,42.432219093883596,1272.966572816508,6.845637583892617
2,0,4950,77.81053234645847,386.45897732074366,0.45724904963251306,52.82471012698518,21.23714721472872,637.1144164418615,7.85234899328859
2,0,4950,96.61177148688658,479.8384650515367,0.16109659354693645,69.69949784610945,17.975236401202043,539.2570920360614,8.25503355704698
2,0,4950,90.89066732253076,451.42364770190284,0.5613702390139397,70.50574444681523,27.13377685677978,814.0133057033934,5.23489932885906
2,0,5100,61.28620110289688,304.3881321443878,0.25193007781943016,45.81364425583388,19.420413858765865,582.612415762976,6.241610738255034
2,0,5100,101.03393484171671,501.8018763805263,0.44215315575339675,71.72510020906276,16.807066430489055,504.2119929146716,7.85234899328859
2,0,5100,137.44006095073652,682.6189693886581,0.17204564678136783,126.92942921166838,15.706939641792005,471.20818925376017,4.832214765100671
2,0,5250,67.15541465774707,333.5385594668104,0.07426640735735988,46.56189429136274,19.369708152276324,581.0912445682898,8.25503355704698
2,0,5250,71.40432370145187,354.64147438387766,0.2337419769799547,46.80865304620509,21.92209080959496,657.6627242878487,7.449664429530201
2,0,5250,73.69553553880574,366.0211598427352,0.5569713654539972,54.78101861046451,22.172021854290794,665.1606556287238,6.241610738255034
2,0,5400,91.05082049501085,452.2190751252206,0.0970063294050035,73.88653463250327,22.273135407113514,668.1940622134055,6.845637583892617
2,0,5400,116.1117433631799,576.6883253704601,0.34613988454273237,89.16008075366405,20.94164309516036,628.2492928548107,7.046979865771812
2,0,5400,99.234331582202,492.86384685826994,0.64705529622654,63.65728552176902,29.419771092525068,882.593132775752,9.060402684563758
2,0,5550,91.61777244869953,455.03493649520766,0.18793863865357283,69.6058187222871,19.837710187396915,595.1313056219076,6.644295302013423
2,0,5550,87.09807133908609,432.58708765079416,0.186481884661628,64.8277718265875,29.14936196281145,874.4808588843437,7.449664429530201
2,0,5550,80.15854770793929,398.1207869494319,0.4802333335947595,53.430328466143884,23.179570963716703,695.3871289115011,6.845637583892617
2,0,5700,59.10542827228681,293.55696041902445,0.3658502736448674,42.418981600220455,33.33831633882365,1000.1494901647097,6.845637583892617
2,0,5700,71.62885786876804,355.75666074821453,0.3877518426878481,50.7292814851539,25.963347700949367,778.900431028481,7.449664429530201
2,0,5700,71.98657110332562,357.5333031465172,0.6527653594764292,50.18973998736941,30.465569716247387,913.9670914874215,7.248322147651007
2,0,5850,65.7811444886175,326.71301762680025,0.4062037396917048,48.048725269251996,19.57363849521005,587.2091548563017,6.241610738255034
2,0,5850,84.691696591926,420.63542640656584,0.16809625879643342,60.258194463492586,27.080221916860143,812.4066575058043,6.644295302013423
2,0,5850,85.0016465436612,422.174844500184,0.5949375873594982,64.06387437550082,19.913153960971098,597.3946188291329,6.845637583892617
2,0,6000,111.80862901892228,555.3161907939807,0.03584168328715121,82.60683991050618,13.240975037394483,397.22925112183447,7.248322147651007
2,0,6000,82.57056756075863,410.10048555176786,0.30504341164363313,63.90070422147216,28.527969912077864,855.839097362336,5.8389261744966445
2,0,6000,92.7853140043848,460.8337262217779,0.3071970087146744,62.308346150417876,20.371090409523113,611.1327122856933,7.651006711409396
2,0,6150,76.88825086358125,381.87831262245356,0.31033526006025686,56.61978452802346,21.79909306666388,653.9727919999164,7.651006711409396
2,0,6150,111.60282475644713,554.2940296236875,0.3015968992676143,85.95824567777134,18.09743755072435,542.9231265217305,7.248322147651007
2,0,6150,75.55931291536986,375.2779208130037,0.5530470829456297,55.30587672209709,24.347691028962377,730.4307308688714,6.644295302013423
2,0,6300,97.01264058837006,481.8294482555714,0.5698096623315022,70.98091292735137,22.480690837161642,674.4207251148495,7.046979865771812
2,0,6300,106.6038123908745,529.4656015413434,0.588400878280908,87.93071135843225,20.60237152791513,618.071145837454,5.6375838926174495
2,0,6300,81.2209054918392,403.3971639428013,0.24103783270136186,61.623534465332725,19.238300973417697,577.149029202531,7.046979865771812
2,0,6450,65.13181792030807,323.4880290041968,0.3621323590081667,46.523220008937926,20.557427718880135,616.7228315664041,7.651006711409396
2,0,6450,105.23128254996475,522.6487033314916,0.9023603036444224,84.58563707864327,16.681723158373817,500.4516947512145,7.046979865771812
2,0,6450,74.14677873986025,368.2623344079726,0.33888713921672126,56.352107325281615,29.93265672518489,897.9797017555469,6.040268456375839
2,0,6600,49.61198202633401,246.40617739745898,0.6859549933081439,36.34955295460843,22.885129321112323,686.5538796333697,5.6375838926174495
2,0,6600,86.39556458484101,429.09797077137694,0.6756289405393514,59.89265397358878,28.505414604813364,855.1624381444009,7.651006711409396
2,0,6600,77.16650469131413,383.26030663352685,0.5466176370166798,56.13929105359289,27.54570896474391,826.3712689423173,6.241610738255034
2,0,6750,36.13747936382203,179.4828141736494,0.6082199985992762,23.889118861942627,20.787332480651116,623.6199744195335,4.630872483221476
2,0,6750,118.96296359020259,590.8493858313396,0.4262349949021719,91.0938527014857,19.314914807558118,579.4474442267438,6.845637583892617
2,0,6750,86.73217160329686,430.7697856297077,0.5765312495845624,62.06593268452468,15.991731586457128,479.7519475937139,7.449664429530201
2,0,6900,41.00598965930056,203.6630819745261,0.11167188766949618,28.476305940201144,30.073333295287878,902.1999988586365,6.241610738255034
2,0,6900,111.52648127305561,553.9148569895095,0.49275491274075944,86.77470829682983,20.373178549249044,611.1953564774714,6.644295302013423
2,0,6900,82.86510257759129,411.5633428020367,0.4152133015705677,57.63904926350017,25.2674681834796,758.0240455043879,7.046979865771812
2,0,7050,39.36388028876827,195.5072721008824,0.7467411289170702,23.472963170422755,29.011288757339624,870.3386627201887,7.449664429530201
2,0,7050,137.2317430841373,681.5843239845484,0.48704055632731297,122.55945495962257,15.60466444825564,468.1399334476692,3.221476510067114
2,0,7050,98.02866862671176,486.87572084600174,0.7004054014989476,71.26184112131648,20.870047136159737,626.1014140847922,7.248322147651007
2,0,7200,42.65072068032053,211.83191271225863,0.04550175588997015,27.54287566685757,32.58711940927959,977.6135822783878,6.442953020134228
2,0,7200,104.02628431778437,516.663878778329,0.7113059215235479,82.70266017487083,16.856813618761095,505.7044085628329,6.845637583892617
2,0,7200,95.33791697572484,473.5116543127667,0.7808933306504148,66.57634715122235,14.177139175206223,425.3141752561867,6.845637583892617
2,0,7350,53.2019634665355,264.23641855045963,0.3102926724249519,32.46243983437045,36.89265581604913,1106.7796744814739,7.248322147651007
2,0,7350,108.24572201974134,537.6204193647153,0.7396219193878354,84.95298699869173,25.285218022016714,758.5565406605012,6.241610738255034
2,0,7350,89.84290842782856,446.2197785248818,0.6215431034919111,58.26027806318869,18.599060195711672,557.9718058713503,8.456375838926174
2,0,7500,135.0599299254476,670.7976519630563,0.2583102327851551,120.16938045941734,15.992174818037176,479.7652445411153,4.228187919463087
2,0,7500,69.25328493195292,343.9579818286994,0.2703464133414395,51.51359043980698,25.723414733926802,771.702442017804,6.040268456375839
2,0,7500,100.7973772654564,500.62697375176674,0.30169059525651865,70.28776564950664,14.747545011107096,442.426350333213,7.85234899328859
2,0,7650,123.06513767870247,611.2235171375557,0.4031257137371559,100.34943946031831,23.475644557127524,704.2693367138257,6.845637583892617
2,0,7650,100.33343768345212,498.3227404944789,0.8683120259581538,76.45998953701097,19.630199839112084,588.9059951733625,6.241610738255034
2,0,7650,110.64218593702893,549.522856820577,0.26823074824969706,76.33983232887083,16.88143139021115,506.4429417063347,7.449664429530201
2,0,7800,87.09465527587786,432.5701212035267,0.3054603933999788,58.070732731729976,23.12624325839759,693.7872977519276,7.449664429530201
2,0,7800,83.08172129296437,412.63921575505645,0.25727462263669765,63.33695603674083,24.35133842231252,730.5401526693755,6.845637583892617
2,0,7800,134.2376457086863,666.713640353142,0.36797943939387306,97.48892244763019,13.644417975317765,409.33253925953295,7.651006711409396
2,0,7950,56.217253990886114,279.21236148806764,0.31282397757840985,14.564683312726515,36.77855841733292,1103.3567525199876,11.677852348993289
2,0,7950,96.79622689306505,480.75459356888973,0.2999872913728497,76.20531477528488,19.361413407143164,580.842402214295,7.046979865771812
2,0,7950,144.86305253374155,719.4864942509164,0.45612876180127426,130.42549597375432,14.86361968959941,445.9085906879823,5.033557046979865
2,0,8100,68.65450171359521,340.9840251775229,0.20498762556857852,49.68148548503742,25.285969188372686,758.5790756511805,7.046979865771812
2,0,8100,89.5405025729583,444.7178294456929,0.5373479420332232,60.10790297456734,18.52691357213364,555.8074071640094,7.85234899328859
2,0,8100,109.23564676911273,542.5370456199266,0.6869210452080475,81.64520806514108,13.10298078830872,393.08942364926156,7.449664429530201
2,0,8250,63.78453198536705,316.79650886065633,0.19931806035764454,45.0249930594112,21.395014509361086,641.8504352808327,7.046979865771812
2,0,8250,51.14566266393275,254.02345789753267,0.8088253357934395,33.601339259026616,32.993252587776425,989.7975776332929,7.248322147651007
2,0,8250,123.23759676999668,612.0800639576503,0.5307545155215487,86.97413408594319,19.358701064504846,580.7610319351454,8.25503355704698
2,0,8400,69.45670670665359,344.9683099763796,0.08744191495214373,53.83474714345858,24.934322241338222,748.0296672401468,5.6375838926174495
2,0,8400,64.17292668644154,318.72553587599293,0.41013898414863903,42.90104893822513,26.906687959651425,807.200638789543,7.85234899328859
2,0,8400,121.74354732874835,604.6596183994502,0.48528416702929217,98.64162407422205,16.226464412556098,486.793932376683,5.8389261744966445
2,0,8550,50.86637139044297,252.63631123920007,0.25541373395551886,34.83231258472431,34.08572586102291,1022.5717758306873,6.241610738255034
2,0,8550,80.10152653102153,397.83758177074014,0.5878291202447201,59.94147145340964,32.00491958260039,960.1475874780112,7.248322147651007
2,0,8550,103.05354686733028,511.83261610774036,0.6796418603552051,79.22783601740007,16.909541797088103,507.286253912643,5.8389261744966445
2,0,8700,65.03353319829742,322.9998815515438,0.5080241516359474,48.79221249338899,20.78395682338166,623.5187047014499,6.241610738255034
2,0,8700,105.51826936475823,524.0740711782992,0.5032663167108175,82.82716945543842,21.47024978716847,644.1074936150542,5.8389261744966445
2,0,8700,151.85005705990272,754.1886167308505,0.4339991957901063,125.11258929460303,12.872694934180956,386.1808480254286,4.429530201342282
2,0,8850,45.9089900409765,228.0146505368499,0.11993580430979649,28.511050489240006,27.905768409607745,837.1730522882323,7.449664429530201
2,0,8850,90.28171068919775,448.39916308968213,0.8260742359659543,66.5986486349389,26.82015476265734,804.6046428797201,7.85234899328859
2,0,8850,86.18468203902029,428.05058746046745,0.223006988789816,69.2012283127971,34.203867543195514,1026.1160262958656,6.241610738255034
2,0,9000,38.83905865475642,192.90065798529022,0.33631351964677225,25.549363984255997,30.92302572099981,927.6907716299943,6.040268456375839
2,0,9000,118.85734335118553,590.3248053108881,0.7193235264975112,96.01874816930362,18.31991597492112,549.5974792476335,6.241610738255034
2,0,9000,121.12662624818907,601.5955770326725,0.3317080140608279,100.63066133142279,23.759014333481645,712.7704300044493,5.8389261744966445
2,0,9150,33.15968294930702,164.6930919815582,0.7712095369430403,22.699118925633396,29.154087038657078,874.6226111597125,6.040268456375839
2,0,9150,83.83218972375369,416.3665422946433,0.4261578115647138,59.97149322803336,24.000923447782515,720.0277034334756,6.644295302013423
2,0,9150,108.23710176852495,537.5776054503406,0.42585055161270724,82.19014539468718,18.132242378880587,543.9672713664177,6.442953020134228
2,0,9300,23.807838364675252,118.2455972112204,0.1898715835741572,11.200892821557273,46.87474894995358,1406.2424684986072,8.456375838926174
2,0,9300,97.31314799195826,483.32196836005926,0.24865062175964264,76.04275113381955,21.17426775318168,635.2280325954505,6.442953020134228
2,0,9300,120.93454486396092,600.6415728243393,0.47760506846345807,92.51535007770167,23.199957422693238,695.9987226807974,7.248322147651007
2,0,9450,25.417821433104685,126.2418464510866,0.0630462624189178,18.009997223765538,43.870656301812765,1316.119689054383,6.442953020134228
2,0,9450,140.9409910008219,700.0069219707487,0.43739863123819395,124.00491925726155,16.930098047592974,507.9029414277892,3.6241610738255035
2,0,9450,105.54311192986205,524.197455918315,0.2479126329865501,71.35839123747125,28.169002202906924,845.0700660872077,7.449664429530201
2,0,9600,31.410878759235704,156.007364504204,0.15350875836799668,19.305180651833933,36.060845486929026,1081.825364607871,7.449664429530201
2,0,9600,122.7895435428982,609.8547329297277,0.40396615234929195,95.55317891101262,17.36175937609981,520.8527812829941,7.449664429530201
2,0,9600,116.00270379625314,576.1467621880572,0.5889271271189123,92.47448296692501,22.942577872108657,688.2773361632596,6.040268456375839
2,0,9750,47.64399783283582,236.63185590308456,0.3084324061655917,25.303359460752002,26.176742201826933,785.3022660548081,8.657718120805368
2,0,9750,96.82031655310581,480.8742388804255,0.6581077907213461,62.5627684809406,22.902186734018777,687.0656020205631,9.463087248322147
2,0,9750,97.9488210658945,486.479144627276,0.5277000563145121,70.38309456112471,25.542023139015516,766.2606941704656,7.449664429530201
2,0,9900,62.197623733788305,308.91486454448193,0.7177415391718016,45.8293574033063,21.891571293318474,656.7471387995541,5.8389261744966445
2,0,9900,107.86667774639079,535.7378328070743,0.7862285690172987,85.24277095449308,17.125409711232113,513.7622913369635,5.8389261744966445
2,0,9900,108.71336066965567,539.9430246592897,0.6348590210201904,83.1221992009351,20.887365082568664,626.6209524770597,6.241610738255034
2,0,10050,59.3797683502104,294.9195161393783,0.826332658502268,41.61249812255956,26.373947667266027,791.2184300179807,6.845637583892617
2,0,10050,102.42012425674551,508.686617141836,0.37711476705776953,80.2521027761877,21.893729514387218,656.8118854316166,6.040268456375839
2,0,10050,92.46235960030984,459.2297193482053,0.722453640741093,75.50291385105702,22.970999864395843,689.1299959318753,6.241610738255034
2,0,10200,56.976565249958604,282.98360740812774,0.6747207615228165,38.29908615098038,25.244911855665933,757.347355669978,6.845637583892617
2,0,10200,113.42088317523654,563.3237197703415,0.4398034919359765,96.12226589089431,21.40325588353182,642.0976765059545,5.033557046979865
2,0,10200,68.55048211762715,340.4673945175482,0.3110579494257828,44.60325100258887,31.7313910107779,951.9417303233372,7.248322147651007
2,0,10350,46.2868258085147,229.8912348489563,0.510443525906299,31.368296096535932,25.199519087584783,755.9855726275433,6.241610738255034
2,0,10350,118.83308700591745,590.20433212939,0.6226857787318129,93.39834045634917,18.339168960726415,550.1750688217925,5.6375838926174495
2,0,10500,35.20719382202202,174.86239598270936,0.1887323408549175,25.02978226033771,29.243722239925425,877.3116671977627,5.8389261744966445
2,0,10500,96.69686513316762,480.26109682806583,0.103728512665293,65.39793574723839,23.084703961903617,692.5411188571086,8.053691275167784
2,0,10650,45.12632433249397,224.12741085138674,0.36092741023785324,36.59999999999982,24.453878512943664,733.61635538831,4.429530201342282
2,0,10650,93.20085102247424,462.8975600782886,0.2794941245088032,69.3123365642772,24.027066929297543,720.8120078789262,6.845637583892617
2,0,10800,52.62162140171357,261.354052961844,0.7780729906747356,34.76377424849104,23.33672162974474,700.1016488923422,6.845637583892617
2,0,10800,83.69528478341657,415.68658109096884,0.30946130646482684,59.71205908357067,35.780538242520876,1073.4161472756261,7.449664429530201
2,0,10950,61.708701210031506,306.48654934315647,0.8531749184838501,41.90131262860388,18.5257003084968,555.771009254904,7.046979865771812
2,0,10950,72.52919711762566,360.2283456842074,0.05239735520236909,47.77447016974573,26.24437507176273,787.3312521528818,8.657718120805368
2,0,11100,50.575783227299084,251.19305669558545,0.4057212564719779,36.63686667825086,19.409504836755115,582.2851451026536,6.241610738255034
2,0,11100,77.88431507749647,386.82543155156577,0.272154960015495,56.13929105359283,20.832131506789356,624.9639452036806,7.651006711409396
2,0,11250,43.99500543304573,218.50852698412717,0.6650564697402435,26.04649688537879,34.14650556125963,1024.3951668377888,8.456375838926174
2,0,11250,93.75763323943201,465.66291175584564,0.3619230736882113,71.07214644289331,22.37728705524491,671.3186116573472,7.85234899328859
2,0,11400,20.39963970968101,101.31821055808234,0.33424930520776563,10.74150827398065,55.73903656377708,1672.1710969133123,8.657718120805368
2,0,11400,101.78419712601003,505.5281790591831,0.040971867290428704,68.73601675977241,21.186630462471296,635.5989138741389,8.053691275167784
2,0,11550,25.314915381926564,125.73074639690195,0.0972979817279564,16.546298679764078,52.12311430429117,1563.693429128735,6.644295302013423
2,0,11550,92.83912800789668,461.10100243922005,0.656043364217251,61.92656941894966,20.97599486216161,629.2798458648483,8.657718120805368
2,0,11700,20.63894672091041,102.50676871385505,0.0169377259000767,12.477980605850565,53.682062437459635,1610.4618731237888,8.859060402684564
2,0,11700,54.92682343444664,272.80322305775167,0.45497731856068296,37.61980861195341,38.40235305281903,1152.0705915845713,7.046979865771812
2,0,11850,26.29268920620932,130.5870230575063,0.08208377985639774,18.366273438017103,44.12043585592633,1323.61307567779,6.845637583892617
2,0,11850,43.63601826924692,216.72555740392633,0.3938307488876031,30.46588255737786,39.58846789188584,1187.6540367565751,7.449664429530201
2,0,12000,34.61329047405657,171.9126760211476,0.2789527925950132,23.76068180839919,44.325065559522244,1329.7519667856675,6.644295302013423
2,0,12000,84.7058601057058,420.7057718583387,0.2361534256228984,60.00074999530994,22.746252229301557,682.3875668790469,6.845637583892617
2,0,12150,70.15977071372254,348.4601945448219,0.3325209564229034,45.136792088050335,31.100159171590487,933.0047751477146,8.456375838926174
2,0,12150,81.24616620139798,403.5226254669433,0.531864387745711,64.37429611265648,20.99248699670517,629.7746099011549,6.040268456375839
2,0,12300,37.875138698522626,188.11318886932906,0.15467067643194768,29.542003994312577,41.26840680155133,1238.05220404654,4.832214765100671
2,0,12300,59.89839013704383,297.495337680651,0.18056004142780102,41.94532155080009,35.22528599798444,1056.7585799395333,6.442953020134228
2,0,12450,40.792861693713505,202.60454641211038,0.22859066377817278,28.41777612692674,31.086070750868267,932.5821225260479,6.241610738255034
2,0,12450,126.39493522545193,627.7615116197446,0.24515251619125397,104.52621680707577,23.362711159819145,700.8813347945744,6.241610738255034
2,0,12600,74.78156982260506,371.41513011893846,0.8676706127957444,51.84100693466452,25.47909498423994,764.372849527198,6.845637583892617
2,0,12600,132.32233444117645,657.2009277245099,0.6786568365481219,113.4182524993212,12.903446210385027,387.1033863115508,4.630872483221476
2,0,12750,95.972272403372,476.6622862700809,0.037786505169655066,74.83060871060788,19.118732882548493,573.5619864764548,5.8389261744966445
2,0,12750,72.4278884076975,359.7251790915643,0.6662633136296091,43.830811080788784,39.64768453564989,1189.4305360694968,8.859060402684564
2,0,12900,93.16734557043637,462.73114966650064,0.07969180599361408,71.3148652105564,16.54529703231457,496.358910969437,6.644295302013423
2,0,12900,44.34174649008765,220.230674234102,0.6462459032225151,24.957764322951864,38.26340910784387,1147.9022732353158,8.456375838926174
2,0,13050,89.87453828616344,446.37687348794503,0.5692641792908276,64.41901893074875,17.801801995696515,534.0540598708955,7.85234899328859
2,0,13050,120.66518403443466,599.3037473710255,0.46068680944631757,99.46481790060325,30.081099955642376,902.4329986692712,7.248322147651007
2,0,13200,64.60035512706303,320.848430464413,0.4534169504913219,42.64328786573547,35.00171538543083,1050.051461562925,8.25503355704698
2,0,13200,117.82979659509755,585.2213230889845,0.6351270058446644,94.62753299119638,24.216244180272245,726.4873254081673,7.046979865771812
2,0,13350,68.29049446236047,339.17612249639035,0.16364730217480525,47.73017913228457,29.000895463720752,870.0268639116224,6.845637583892617
2,0,13350,100.12377488298813,497.2814152521744,0.18862209157221055,81.26844406040809,20.99111203669417,629.7333611008252,5.6375838926174495
2,0,13500,63.14104137732418,313.60050550737674,0.2494306407521026,48.00937408465258,21.663692647985883,649.9107794395766,6.241610738255034
2,0,13500,110.27564536292799,547.702371969209,0.5746187866848109,94.91101095236519,18.755493489279253,562.6648046783777,4.228187919463087
2,0,13650,84.8319436773417,421.33198693079703,0.17747541452411664,64.61710299912849,23.471907888780304,704.1572366634091,6.644295302013423
2,0,13650,108.57931340337659,539.2772565701038,0.7399937229940602,87.82368700982465,20.418267027029447,612.5480108108834,7.046979865771812
2,0,13800,42.058577253164664,208.89093369071782,0.05639916040244378,25.360205046490265,50.67505430455137,1520.251629136541,9.865771812080537
2,0,13800,102.12411916788056,507.21645853380676,0.7037952693397693,78.81326030561195,18.717819858366,561.53459575098,5.6375838926174495
2,0,13950,50.320943912692414,249.92735476637236,0.35418593141488963,32.672465471708854,38.282544834372324,1148.4763450311698,7.85234899328859
2,0,13950,73.01500668600056,362.6411998738028,0.5510644460769484,42.24038352098447,17.29979756891834,518.9939270675502,8.657718120805368
2,0,14100,64.59091433555938,320.80154119994495,0.6542499676223025,36.06618915272273,40.650242928772535,1219.5072878631759,8.657718120805368
2,0,14100,78.35880927048775,389.18208604342254,0.8158341360209175,57.55388779222437,25.101074241236596,753.0322272370979,6.845637583892617
2,0,14250,80.40382918546567,399.3390182878129,0.7355924733542424,58.99940677667831,24.5898487071552,737.695461214656,7.449664429530201
2,0,14250,88.82740911257844,441.17613192580626,0.34945313201643896,66.6094587877727,20.73717652883947,622.1152958651841,6.040268456375839
2,0,14400,36.796670930821215,182.756798956412,0.7353653187760933,23.593431289237387,38.62348727772026,1158.7046183316077,6.040268456375839
2,0,14400,110.6296295996299,549.4604936781618,0.5308467635596561,88.02738210352497,19.141542959275572,574.2462887782673,6.644295302013423
2,0,14550,32.66901431213749,162.25610441694954,0.7133159293756516,20.402205763102415,36.79073077928951,1103.7219233786852,6.442953020134228
2,0,14550,120.74384564750778,599.6944333826219,0.6141529825408495,85.33510414829384,24.982051335605732,749.4615400681719,7.248322147651007
2,0,14700,54.46131866545838,270.49121603844327,0.47951940536839055,40.254813376788576,34.155125644857705,1024.653769345731,7.248322147651007
2,0,14700,80.59173248020673,400.27227131835997,0.12158072319241262,47.42088147641458,29.88246736797217,896.4740210391651,7.651006711409396
2,0,14850,42.426621312288844,210.71888585103457,0.5180451561036244,23.349946466748378,34.76847807288124,1043.0543421864372,8.657718120805368
2,0,14850,70.00034711660072,347.66839067911684,0.5951178405301906,44.13671940685996,37.880273114815964,1136.408193444479,8.25503355704698
2,0,15000,40.58713049224331,201.58274811147504,0.612517395993329,24.018742681498296,37.52692266070067,1125.80767982102,8.657718120805368
2,0,15000,43.626074559715626,216.6761703132543,0.17242941364151118,28.276492003074736,43.7788983950668,1313.3669518520037,7.85234899328859
2,0,15150,31.85498881818825,158.213111130335,0.6660037618613024,19.720294115454266,34.71131865463763,1041.339559639129,7.449664429530201
2,0,15150,90.66732314716826,450.31437163093574,0.11430058652879939,66.99880595950924,34.080147806409855,1022.4044341922958,6.040268456375839
2,0,15300,33.56978030247437,166.7299088356227,0.6481876009987482,24.462420158276352,40.203811171764514,1206.1143351529354,6.040268456375839
2,0,15300,22.807527760027817,113.27738787480484,0.1352519035963048,13.764083696343615,42.8786356157558,1286.3590684726742,7.85234899328859
2,0,15450,39.703295592978755,197.19303477846114,0.4826578546752538,25.35843055080481,32.06968116373765,962.0904349121294,7.248322147651007
2,0,15450,36.65302500984594,182.04335754890153,0.2841303599054534,25.7947669111403,37.13751401349558,1114.1254204048676,7.248322147651007
2,0,15600,74.41857076265718,369.612234787864,0.22942661166614983,47.74620403759955,27.14148780956702,814.2446342870106,8.053691275167784
2,0,15600,38.70194058521018,192.2196382398772,0.15760676377915814,24.149534156995593,50.40647493454628,1512.1942480363884,8.053691275167784
2,0,15750,67.8117885098093,336.79854959871955,0.23415435198789034,48.44233685527434,23.834427801772442,715.0328340531731,6.845637583892617
2,0,15750,67.20696886173421,333.7946120132799,0.2247480577832439,47.085666608849515,30.66571227042788,919.9713681128364,7.651006711409396
2,0,15900,76.91416918593205,382.0070402901292,0.27696870857675376,55.25214927946335,21.800666877495612,654.0200063248684,6.644295302013423
2,0,15900,86.34807012317148,428.8620816117517,0.44152074167856725,62.96427558544836,19.59365574345318,587.8096723035954,6.845637583892617
2,0,16050,92.42261387736885,459.03231559093183,0.29241196973651856,67.8643499932022,19.535023168804226,586.0506950641268,6.442953020134228
2,0,16050,61.299991433821106,304.45662412131156,0.6243698412908356,36.90487772639155,36.2054175118008,1086.1625253540242,7.046979865771812
2,0,16200,94.70731297601596,470.3796544475458,0.29879462120667477,75.53449543089562,22.997200337528536,689.9160101258561,5.6375838926174495
2,0,16200,97.58021436176236,484.6483979967529,0.37002176432755735,73.27987445404173,16.277982732116,488.33948196348,6.845637583892617
2,0,16350,116.8130240997975,580.1713530289943,0.1094234795000567,94.70976718375206,18.754026595960642,562.6207978788194,5.8389261744966445
2,0,16350,84.07256748546305,417.56041851113326,0.13707967625683518,64.53836068571943,18.97636753156293,569.2910259468879,6.442953020134228
2,0,16500,142.3735014138317,707.1217236886973,0.2736667518801756,113.87361415183113,16.965226408887542,508.9567922666263,6.644295302013423
2,0,16500,85.36008631782109,423.9550953785113,0.07121378216110155,66.09606644876855,19.57178742622402,587.1536227867205,7.449664429530201
2,0,16650,47.368320220296035,235.26265709413698,0.4097807351547549,26.732003291934358,39.96029012161446,1198.8087036484342,8.25503355704698
2,0,16650,83.55481902126135,414.9889344722648,0.16662192854603874,42.8506709399027,22.20850119893272,666.2550359679817,10.268456375838927
2,0,16800,100.36836603250715,498.49621796145215,0.36082021462147085,76.81464704078374,23.92946216357164,717.8838649071494,6.040268456375839
2,0,16800,99.76591277642339,495.5040334562362,0.18434652233426363,66.96723079238102,25.564886916095052,766.9466074828512,7.449664429530201
2,0,16950,84.27330112241472,418.55739557465984,0.3108709305604165,69.48935170225715,33.72634107481711,1011.7902322445132,6.040268456375839
2,0,16950,89.78568440322002,445.9355658693261,0.16449368714986617,65.12280706480674,29.457988682966437,883.7396604889932,6.845637583892617
2,0,17100,73.270816962805,363.9117242485981,0.6939831911075677,50.35891182303108,36.0701207891226,1082.1036236736777,8.053691275167784
2,0,17100,75.63128401629135,375.63537728091376,0.20154734229009436,58.27186284991991,25.19032200987309,755.7096602961927,6.845637583892617
2,0,17250,59.5909407195318,295.96833890700793,0.1965132480443245,42.345719972624465,35.96992336537255,1079.0977009611765,7.248322147651007
2,0,17250,76.12511365642341,378.0880644935695,0.22516382075420419,49.08003667480194,26.191080813943056,785.7324244182917,7.651006711409396
2,0,17400,81.72999790185271,405.9256562458685,0.1648249041107343,60.206644151621916,28.952561862613898,868.576855878417,7.85234899328859
2,0,17400,75.3467769428878,374.2223254830094,0.17686608449945712,57.35023975538272,27.446525775197188,823.3957732559156,5.6375838926174495
2,0,17550,65.61097148003083,325.86782501748644,0.7391922190251544,37.702254574494596,34.771128290158735,1043.133848704762,8.657718120805368
2,0,17550,68.51206956531293,340.2766121743875,0.2942338199248153,53.26161845081393,22.449732345363614,673.4919703609085,6.040268456375839
2,0,17700,103.8618314044808,515.8470959755879,0.6106622995738599,77.14434522374427,23.206130767430814,696.1839230229244,8.25503355704698
2,0,17700,79.3847077040804,394.2773815969326,0.6580396772100652,52.69250421075083,22.97699983597965,689.3099950793894,7.85234899328859
2,0,17850,69.90525768302184,347.1961131590085,0.25335672481985144,50.13232490120733,35.52233252241055,1065.6699756723167,7.248322147651007
2,0,17850,77.08173040169677,382.83926099509404,0.5895432407837347,55.03426205555771,34.55353961202529,1036.6061883607586,6.040268456375839
2,0,18000,78.5070317346486,389.9182576154214,0.18062557775563456,52.718118327573606,28.646341818216527,859.3902545464957,7.85234899328859
2,0,18000,54.97523243646673,273.04365443445147,0.4330534578798564,39.94621383811026,28.392226734827346,851.7668020448203,5.8389261744966445
2,0,18150,70.17401121117113,348.53092234881666,0.1866132632751513,51.788029504894865,35.270423015866484,1058.1126904759944,6.241610738255034
2,0,18150,54.988364891437016,273.10887896080385,0.44867901728655696,38.564880396548965,30.630509814165585,918.9152944249674,7.046979865771812
2,0,18300,95.90880557948182,476.34706771142635,0.7531542273142899,67.26224795529731,32.347213075353785,970.416392260614,7.651006711409396
2,0,18300,50.98178720318395,253.20954310914698,0.4732776332956263,27.359276306217502,34.92227051735874,1047.6681155207623,9.865771812080537
2,0,18450,138.0462983448915,685.6299484462945,0.2931349623940281,116.82679487172528,14.052857662087304,421.5857298626191,5.23489932885906
2,0,18450,68.5220597044038,340.3262298652056,0.503083398951534,47.899582461643696,29.823229432802982,894.6968829840895,6.040268456375839
2,0,18600,60.90141105922363,302.47700826081075,0.24991838021889443,42.24038352098756,40.46893452771508,1214.0680358314528,6.644295302013423
2,0,18600,51.60413905651953,256.300557314047,0.4238875758576099,35.23308104608234,36.22189300977264,1086.6567902931793,6.845637583892617
2,0,18750,81.02144726101507,402.40652139637484,0.3294689049829838,59.026858293493014,30.041186450502096,901.2355935150629,6.845637583892617
2,0,18750,55.053240080957806,273.4310924020904,0.2133679422514282,36.34460069941819,36.21851305651615,1086.5553916954843,7.449664429530201
2,0,18900,69.2344452923851,343.864411618846,0.36345719817562555,50.878089586777186,25.578678937686146,767.3603681305842,7.046979865771812
2,0,18900,63.384534187248995,314.80985313000326,0.19199360146877867,45.94801410289482,23.3641594045816,700.924782137448,6.442953020134228
2,0,19050,85.94310352907154,426.850747527722,0.2988151937548207,61.28964023389411,27.743076484618406,832.2922945385523,6.644295302013423
2,0,19050,45.484815732088315,225.90791813603863,0.17319384524330453,35.728979834305214,42.277460791687105,1268.3238237506132,5.23489932885906
2,0,19200,87.11484065439961,432.67037525018475,0.2074122320032478,68.81060964706012,17.9733852732459,539.201558197377,6.040268456375839
2,0,19200,34.21734048811973,169.946124424328,0.5773036971051799,22.177691493932564,31.79785140425091,953.9355421275274,6.040268456375839
2,0,19350,82.31761689749432,408.8441639242218,0.2325369162178468,50.91875882226583,22.252244319165474,667.5673295749643,8.25503355704698
2,0,19350,85.57476997214648,425.0213575283276,0.29371036177070103,45.02499305941267,23.84218137948156,715.2654413844467,10.268456375838927
2,0,19500,47.08014697665309,233.83139665071036,0.5289287933310676,29.069055712217498,31.566684545197646,947.0005363559293,7.248322147651007
2,0,19500,69.65291368679866,345.9428046444333,0.522794686592838,49.34065261019547,18.5574148769539,556.722446308617,5.8389261744966445
2,0,19650,100.36240476818251,498.46661034863985,0.7028754568707468,84.71959631631856,16.48913005425256,494.67390162757675,4.832214765100671
2,0,19650,74.54198616278796,370.22519794184694,0.48460780979616536,51.18847526543511,29.884721334527217,896.5416400358166,6.644295302013423
2,0,19800,49.2279551924021,244.49884412226373,0.4212773682639329,36.93900377649492,33.44722779315483,1003.4168337946448,5.8389261744966445
2,0,19800,118.31177285389725,587.6151385076898,0.6309783813451479,72.67310369043122,20.613887384046965,618.4166215214088,10.06711409395973
2,0,19950,45.43013102148859,225.6363174067266,0.37560292221726926,25.904439773906677,49.65178975956916,1489.5536927870749,7.449664429530201
2,0,19950,145.79852396638796,724.1326690330601,0.5525743606455626,124.79783651970764,24.630687374013526,738.9206212204058,6.241610738255034
2,0,20100,58.75669616123036,291.82492426744415,0.5889720079917637,41.08138264469736,27.31000564718923,819.3001694156768,7.449664429530201
2,0,20100,91.81356406947205,456.00736821171114,0.38084207590621516,67.88357680617699,26.71256799892278,801.3770399676836,7.248322147651007
2,0,20250,70.03186315417811,347.824920332418,0.22261675486499172,55.97794208435978,33.50668726614973,1005.2006179844919,5.6375838926174495
2,0,20250,97.80299010768256,485.7548508681567,0.2558804968471081,61.424587910705256,19.49183152040937,584.7549456122812,7.449664429530201
2,0,20400,91.79486743437675,455.9145082574046,0.7096113633638682,57.77239825383553,29.001418309436932,870.042549283108,8.053691275167784
2,0,20400,100.66960079994901,499.99235063974675,0.40496094940018446,79.1238270055232,17.326782446868435,519.8034734060532,5.033557046979865
2,0,20550,115.81484220000738,575.2137162600366,0.3048952832840028,94.31887403908075,20.439501008031485,613.1850302409446,6.644295302013423
2,0,20550,88.12653912894596,437.6951443404316,0.1657535731227583,57.28193432487975,24.98610800878598,749.5832402635796,8.859060402684564
2,0,20700,85.08134128734375,422.5706617271406,0.40200103456135244,61.224994895874964,28.588300060992474,857.6490018297742,7.248322147651007
2,0,20700,60.343234990738836,299.7047337873362,0.2813942209702431,42.682314838818264,30.08630809459957,902.5892428379873,7.046979865771812
2,0,20850,58.95004820371101,292.7852394117647,0.09999541162823634,49.48181484141468,35.17698001392507,1055.3094004177522,5.23489932885906
2,0,20850,56.5306594477235,280.7689419236934,0.8369696980531907,28.214358046922012,28.59863676595248,857.9591029785743,9.664429530201343
2,0,21000,81.42043501933547,404.3881605960329,0.2485801584073775,62.313401447841905,23.347288268431576,700.4186480529474,7.046979865771812
2,0,21000,33.20822149694452,164.9341667681578,0.4733126120080559,22.507998578282717,23.07323134638098,692.1969403914293,6.040268456375839
2,0,21150,78.01954273064057,387.49706222884816,0.2640124008849508,59.76027108372409,31.515300385058808,945.4590115517644,6.845637583892617
2,0,21150,40.52664260159825,201.28232492127128,0.387382345424078,7.788452991448247,30.52422186273064,915.7266558819191,13.288590604026846
2,0,21300,76.91967545026804,382.0343880696646,0.38843693949619684,57.41297762701184,33.06991923623196,992.0975770869588,6.644295302013423
2,0,21300,67.38537088903338,334.6806754155325,0.105281631702599,57.16161299333738,36.66566225702822,1099.9698677108465,4.429530201342282
2,0,21450,76.01466811341875,377.53951829664646,0.6025454683187299,57.55154211661209,25.919452799442183,777.5835839832656,5.6375838926174495
2,0,21450,106.70983638178643,529.9921873628726,0.04820528901219639,88.410972169748,23.627884537148482,708.8365361144544,4.630872483221476
2,0,21600,61.135127515504024,303.63779999367,0.16705286543563164,37.504799692839306,37.792973337583,1133.7892001274902,7.651006711409396
2,0,21600,90.31480862793946,448.56354951876597,0.09216749800877212,70.00292851017,22.815162375382847,684.4548712614854,7.046979865771812
2,0,21750,39.16463707854168,194.51769749009043,0.7022855716076981,23.36343296692451,45.42483300676911,1362.7449902030735,6.644295302013423
2,0,21750,70.75659854487805,351.424439439561,0.19933886690619249,42.555610675913876,33.58494064198478,1007.5482192595433,8.859060402684564
2,0,21900,45.47857345439758,225.87691482350803,0.21546288718611073,29.308019380366872,34.419501115865835,1032.585033475975,7.248322147651007
2,0,21900,83.66759689783702,415.5490645925905,0.7893368841592784,63.11204322472949,18.041798835078495,541.253965052355,6.845637583892617
2,0,22050,40.08200529689984,199.07395964126917,0.2525149980273501,27.906450867140126,30.851055827256147,925.5316748176843,6.644295302013423
2,0,22050,91.45231246541869,454.21315191157953,0.30311650593702755,68.41118329629958,20.43265135474704,612.9795406424112,6.845637583892617
2,0,22200,44.084601333392754,218.9535199558507,0.3007667073861837,29.88277095585379,40.21065538671725,1206.3196616015173,6.040268456375839
2,0,22200,48.14690864769381,239.12964628354595,0.46372567026915984,24.475293665243846,40.05253508179996,1201.5760524539985,8.053691275167784
2,0,22350,47.53769095091244,236.10386505619852,0.5597179290609137,37.96867129621528,31.679540439880306,950.3862131964091,4.630872483221476
2,0,22350,96.71680863242764,480.36014954105724,0.7165506028266916,71.87551738944185,30.950565142125175,928.5169542637552,6.845637583892617
2,0,22500,36.40841309705366,180.8284517153665,0.42174193537270327,28.42885857715707,22.19132515853445,665.7397547560333,3.825503355704698
2,0,22500,49.213832854334036,244.4287031765257,0.6051710942659391,32.2942719379149,31.90480075736762,957.1440227210287,5.8389261744966445
2,0,22650,44.04791982527275,218.77133513218803,0.1481449798655956,29.25884481656793,26.722926012458572,801.6877803737573,7.449664429530201
2,0,22650,35.16905739758917,174.67298507469292,0.31924074548716086,20.586646157156657,40.02584412241586,1200.775323672476,8.859060402684564
2,0,22800,45.102302191934044,224.00810088660572,0.6024406510280979,34.634087255188696,17.42107369004082,522.6322107012246,5.4362416107382545
2,0,22800,46.28648970028811,229.88956551143093,0.7591052092884064,22.202026934494334,41.636700742006475,1249.1010222601942,9.261744966442953
2,0,22950,50.27696267314555,249.7089146099562,0.5981182360860537,36.240447017109,24.690434500750698,740.713035022521,6.845637583892617
2,0,22950,33.343582527538416,165.60645988677413,0.560026208024007,18.388311504866373,31.150685717058668,934.5205715117601,7.651006711409396
2,0,23100,62.07952412853591,308.3283031717283,0.8312913435823631,47.632027040638285,17.540017696487585,526.2005308946275,6.040268456375839
2,0,23100,29.940065725325983,148.7023264357857,0.6466661310105171,21.560380330596512,36.0515875852519,1081.5476275575572,5.8389261744966445
2,0,23250,80.05428567853332,397.60295220338213,0.29128932739932284,58.591466955521014,27.658027912831834,829.7408373849551,6.845637583892617
2,0,23250,35.68185993655362,177.2199043515496,0.6639618013573736,20.689127579479486,40.84346136316194,1225.3038408948585,7.248322147651007
2,0,23400,73.52235718651418,365.16104069302037,0.0173324595361108,57.11829829397956,21.473178358997725,644.1953507699316,6.040268456375839
2,0,23400,51.02454859298973,253.42192467851567,0.6050010785677232,26.876383685310195,30.766050912468348,922.9815273740505,8.053691275167784
2,0,23550,40.37228993265877,200.51570666553852,0.4679038491515038,23.88723508487441,23.879145515421037,716.3743654626309,6.644295302013423
2,0,23550,36.270839550574166,180.1451697678517,0.19901700707948886,17.979988876524935,39.8642732406312,1195.9281972189358,8.859060402684564
2,0,23700,54.634141546614224,271.3495696815173,0.26412766616717753,34.882660448995885,27.799967687274204,833.999030618226,7.248322147651007
2,0,23700,38.46871459052981,191.06128246629797,0.4590845263048857,15.241062955056444,49.15335990122674,1474.6007970368023,10.872483221476509
2,0,23850,53.145167996841316,263.95433438431184,0.30170097911688654,39.85486168587403,23.466205875726708,703.9861762718014,5.8389261744966445
2,0,23850,72.14540015050356,358.3221540808344,0.32701236195468797,43.23748373807147,26.839425923714675,805.1827777114403,8.859060402684564
2,0,24000,64.26309075734511,319.17335076148066,0.6758633010564222,37.987629565424676,24.540412977037384,736.2123893111217,8.456375838926174
2,0,24000,67.35336598240552,334.521717712614,0.3601976468253048,43.93233433360972,32.50718781019923,975.2156343059767,9.060402684563758
2,0,24150,76.86520869763909,381.7638698649408,0.0473687655658468,62.85125297080513,29.296731117732172,878.9019335319653,6.040268456375839
2,0,24150,83.10225713876264,412.7412104558544,0.5011386772810057,57.46546789159546,41.05953282628234,1231.7859847884706,8.456375838926174
2,0,24300,85.59024308496642,425.0982073219999,0.24553926276098637,61.90476556776553,39.540447618778714,1186.2134285633613,6.040268456375839
2,0,24300,110.90412384927413,550.8238151180615,0.48017896832886026,95.67131231461197,19.898951796989884,596.9685539096967,5.4362416107382545
2,0,24450,42.78568555494753,212.50223825623934,0.7751931261520625,24.033726302843977,30.587685330484696,917.6305599145409,9.060402684563758
2,0,24450,86.15117935855396,427.88419081415134,0.46342417011007403,58.6298558756544,24.38192507310618,731.4577521931855,8.053691275167784
2,0,24600,79.62198950311807,395.4558811988197,0.23614267019730342,56.61740015225115,30.644685875034632,919.3405762510389,6.845637583892617
2,0,24600,48.714897654962115,241.95065835297854,0.7129475531051446,33.536994498613694,41.792927947320116,1253.7878384196035,6.644295302013423
2,0,24750,79.88332129253749,396.75382908626955,0.23791622169675555,60.75425910995933,27.001889766689324,810.0566930006797,7.651006711409396
2,0,24750,105.68770816190018,524.9156172041044,0.6536944292081012,74.93337040331284,32.568959160879494,977.0687748263847,8.053691275167784
2,0,24900,69.5842847499423,345.60194759138005,0.6857396462346675,45.00899910017994,27.641110842729876,829.2333252818962,8.25503355704698
2,0,24900,120.42766987424713,598.1240937087607,0.17067178708505468,107.36898993657225,17.154254766385503,514.6276429915652,5.4362416107382545
2,0,25050,92.82882357499139,461.04982375579056,0.25063582808246243,70.78029386771412,20.427694189811152,612.8308256943345,6.845637583892617
2,0,25050,137.70296753990092,683.9247387815079,0.08007952957594412,116.84605256490175,12.140677771259273,364.2203331377782,5.4362416107382545
2,0,25200,93.15278602817901,462.658837273289,0.21247723039657535,69.96177527764762,16.967217619617188,509.0165285885156,7.248322147651007
2,0,25200,112.32972958764935,557.9043236186585,0.16658658194759474,97.64389381830406,22.177621554120442,665.3286466236134,5.4362416107382545
2,0,25350,63.73205250099527,316.5358607549432,0.23554333955628215,40.89914424532664,33.96903177150105,1019.0709531450314,8.456375838926174
2,0,25350,113.55962833303607,564.0128207207459,0.3427388692974059,93.37906617652622,18.947196513798367,568.4158954139508,5.8389261744966445
2,0,25500,63.99223963737384,317.8281235322901,0.05153134407865981,43.73213921134052,31.996110400745707,959.8833120223712,8.25503355704698
2,0,25500,133.85587711284793,664.8175229938113,0.2956242320660767,104.85976349391582,21.579213187018265,647.376395610548,7.248322147651007
2,0,25650,91.7156101948312,455.5208639676616,0.16949327498810451,68.22939249326448,15.362152958754312,460.86458876262935,7.85234899328859
2,0,25650,107.57600739412646,534.294170057495,0.09792462132382881,79.78702902101313,30.37728608703804,911.3185826111412,7.449664429530201
2,0,25800,62.07933297349954,308.32735376838104,0.32364367604876704,44.59820624195433,36.897351614493786,1106.9205484348138,6.442953020134228
2,0,25800,174.46831137263507,866.5259464840876,0.10564050260669901,156.25853576685194,24.600625027919722,738.0187508375917,2.61744966442953
2,0,25950,57.36716930309463,284.9236075387033,0.13709580196493953,43.94360021663964,36.96428417595488,1108.9285252786467,6.040268456375839
2,0,25950,179.45876307150326,891.3118565884661,0.08039168419545895,159.88761678128708,14.263663720997924,427.90991162993777,2.4161073825503356
2,0,26100,105.5107945757941,524.0369463931106,0.47691408728351875,86.2175156218272,22.147296422935117,664.4188926880535,6.241610738255034
2,0,26100,175.24175794036887,870.3673977704987,0.03534298284477658,165.98487882936888,16.49534067532744,494.8602202598231,2.013422818791946
2,0,26250,96.9429364151602,481.48325086196235,0.2655311735905822,74.45078911603167,17.731810707902138,531.9543212370642,6.040268456375839
2,0,26250,51.227682402642195,254.43082259978954,0.3056989766201964,16.56804152578126,34.20084037110769,1026.0252111332306,10.872483221476509
2,0,26400,104.90164212091297,521.0114892005344,0.562584037308715,80.21003677844688,22.207293779529916,666.2188133858975,7.248322147651007
2,0,26400,30.196946395814507,149.97816709921204,0.30702343508363317,22.563909235768815,45.439523049686905,1363.1856914906073,6.845637583892617
2,0,26550,79.98598034973213,397.2637024036695,0.8030419724257234,58.898641750043474,29.622802957198193,888.6840887159459,7.449664429530201
2,0,26550,93.54487138473382,464.60619454417804,0.745593844315173,60.24699162613987,23.35555662617279,700.6666987851836,9.060402684563758
2,0,26700,78.30252692206194,388.9025503795744,0.12510185261327764,53.100847450864485,27.24584103165242,817.3752309495728,8.25503355704698
2,0,26700,49.693547416102206,246.81128549997425,0.7720118963225555,35.95622338344267,31.131889348381335,933.95668045144,6.644295302013423
2,0,26850,65.63932864330476,326.0086655950804,0.2244371327815169,41.46950686950565,37.07272947811044,1112.1818843433134,8.456375838926174
2,0,26850,135.54289060472806,673.1963566701495,0.24907298252012236,119.311776451447,21.983111905943304,659.4933571782991,5.4362416107382545
2,0,27000,71.90209130258249,357.1137201361597,0.29574542774942175,53.10084745086582,41.27261321185799,1238.1783963557398,6.040268456375839
2,0,27000,66.3033088724621,329.3064340665618,0.6268097287392058,41.7258912427286,38.63663174800754,1159.098952440226,8.25503355704698
2,0,27150,74.7942625151261,371.47817049179287,0.15192285425983523,54.30000000000015,34.059081824267075,1021.7724547280123,6.442953020134228
2,0,27150,102.48262024774343,508.99701389712567,0.47798863574575046,58.63139090964846,25.461371160897247,763.8411348269175,8.657718120805368
2,0,27300,113.05510706505355,561.5070317564325,0.5949165227045886,89.19742148739418,19.114741903928582,573.4422571178576,7.046979865771812
2,0,27300,56.961851128552446,282.9105272718105,0.6168118131372843,37.18306065938996,37.19025498900872,1115.7076496702616,7.248322147651007
2,0,27450,83.21742071111679,413.31318953188,0.1392577918124322,60.67421198499356,24.89904346760374,746.9713040281122,8.053691275167784
2,0,27450,41.777723715953954,207.49602778923793,0.3485022082964294,28.08166661720755,44.2140662136443,1326.421986409329,7.046979865771812
2,0,27600,48.71660345697921,241.95913050299674,0.357530509997157,28.75621671917204,38.31172024847422,1149.3516074542263,8.657718120805368
2,0,27600,51.3726958711666,255.15105616012738,0.5374664495766566,30.305940011819384,40.918458002167874,1227.5537400650362,9.261744966442953
2,0,27750,74.40725509193948,369.55603362329936,0.8072506653257924,36.8023097101242,26.468626098312185,794.0587829493656,7.651006711409396
2,0,27750,43.03001941621191,213.71576310051915,0.14984215423805522,25.49999999999968,38.5197983824264,1155.593951472792,7.651006711409396
2,0,27900,58.14165533780548,288.77022151110054,0.23139835696168107,36.77662300973352,34.92844028990366,1047.85320869711,7.651006711409396
2,0,27900,46.3083338965629,229.99805835292906,0.35205263608102794,30.448152653321802,32.00907620030879,960.2722860092638,6.845637583892617
2,0,28050,38.14964537316858,189.47657202007062,0.4889744545337269,18.890473789717603,34.73163080718276,1041.9489242154832,10.671140939597315
2,0,28050,94.51053390777825,469.4023184086321,0.6056221589933475,62.57068003466218,30.168578703661744,905.0573611098524,8.456375838926174
2,0,28200,40.46173521004374,200.9599515432172,0.3226298164490761,27.27196362567077,27.489816706882706,824.694501206481,7.449664429530201
2,0,28200,77.23816886103583,383.616238676478,0.32230399159176937,61.58774228691838,26.50409363645283,795.1228090935849,6.040268456375839
2,0,28350,49.72228522746733,246.9540166297544,0.5260142996526158,38.554377183400476,22.853317903924413,685.5995371177322,5.23489932885906
2,0,28350,65.42121655997076,324.92537558118806,0.8418381322712734,44.62039892246643,26.220929825833792,786.6278947750137,8.053691275167784
2,0,28500,40.801575598288764,202.64782547150082,0.5102705767910434,29.143266803841634,25.71356867543542,771.4070602630625,5.4362416107382545
2,0,28500,73.21932598872193,363.6559857439855,0.3426406093347641,50.983232537764714,33.223424397581645,996.7027319274493,7.651006711409396
2,0,28650,62.472049037501186,310.2778435529226,0.6629460132757721,36.448456757455006,29.976852078888697,899.3055623666611,7.651006711409396
2,0,28650,87.8691091750023,436.41657556917806,0.6806835598296371,65.04398511776438,24.10760276767338,723.2280830302014,7.449664429530201
2,0,28800,37.92243817240067,188.34810958959002,0.1997698877418395,23.81931988953521,46.23132083151776,1386.9396249455328,6.845637583892617
2,0,28800,105.74765016338125,525.2133291447935,0.2288271346772147,75.86145266207362,22.2577881434466,667.7336443033981,8.25503355704698
2,0,28950,34.73729038214633,172.52854223132675,0.5700062710034882,23.747420912597242,54.757791609734596,1642.733748292038,6.845637583892617
2,0,28950,120.68868633610256,599.4204754693094,0.3829531336690128,107.50595332352525,18.592356347156382,557.7706904146913,5.033557046979865
2,0,29100,33.928220133415365,168.510159995963,0.152580481215954,20.13578903345851,51.662928489429056,1549.8878546828719,7.046979865771812
2,0,29100,148.53160713203826,737.7069820891234,0.7299115589688868,121.87571538251571,15.472125087669065,464.16375263007194,5.23489932885906
2,0,29250,33.451837262828015,166.14412507204582,0.4899096775853245,19.920090361239772,50.98306460652104,1529.4919381956315,7.85234899328859
2,0,29250,92.39114998286081,458.8760449148753,0.24094923990887826,70.4278354061812,26.47332857216314,794.1998571648943,6.845637583892617
2,0,29400,43.96741458515751,218.37149243961565,0.4345164023860975,26.8881014577083,33.60529206631971,1008.1587619895914,7.046979865771812
2,0,29400,82.95237797054371,411.9968105870338,0.3223432303883036,52.44168189522605,33.30576149119964,999.1728447359892,7.85234899328859
2,0,29550,61.563316061296646,305.76446977110663,0.779216449857468,42.49529385708516,39.70074745747806,1191.0224237243417,6.644295302013423
2,0,29550,97.20821213902434,482.8007869571542,0.23827966967853761,69.34414178573283,23.12624783739488,693.7874351218464,7.651006711409396
2,0,29700,32.133418340864594,159.5959777596275,0.44471696321072807,18.161773041198813,47.795925091373626,1433.8777527412085,9.261744966442953
2,0,29700,119.72357981140215,594.6271130632973,0.6928583929698429,94.68790841496018,13.60464739712191,408.1394219136573,6.241610738255034
2,0,29850,29.801096033708838,148.01211030075387,0.46553349923682374,16.82408987137367,47.779743930562034,1433.3923179168612,7.449664429530201
2,0,29850,127.75651196993849,634.5240094506944,0.2664266690308215,114.6003926694835,22.134574498547195,664.0372349564159,4.429530201342282
2,0,30000,43.74687881081421,217.27616476037716,0.5857541900262961,27.43319157516954,43.27673713835383,1298.3021141506151,8.053691275167784
2,0,30000,92.5988563766369,459.90765333729655,0.6038543842002962,56.62296353954121,19.168285368444376,575.0485610533314,8.657718120805368
2,0,30150,61.60847656638581,305.98876694638284,0.10346028387581233,44.12550282999706,42.37943609534931,1271.3830828604791,7.046979865771812
2,0,30150,79.12025378343714,392.96392712440445,0.13256320352640552,54.266011462055886,26.844208667358952,805.3262600207685,7.248322147651007
2,0,30300,44.69988150268569,222.00941146333895,0.07711712350991312,26.044769148528054,49.675975246116046,1490.2792573834813,8.25503355704698
2,0,30300,71.75301049495903,356.37328545829644,0.11674114485390263,42.21907151987093,36.70101294364116,1101.030388309235,7.651006711409396
2,0,30450,46.08839203663885,228.90568044863963,0.8537389681761125,17.454225849345995,36.31867981518516,1089.560394455555,10.06711409395973
2,0,30450,74.21160066720513,368.5842833137855,0.25258312533583605,54.372051644206614,29.306448089183373,879.1934426755013,6.644295302013423
2,0,30600,57.79177104843955,287.0324628739164,0.06492820230531171,42.90734202907559,39.25369059345732,1177.6107178037196,6.442953020134228
2,0,30600,84.65267815747414,420.4416348487882,0.1845866922274716,60.4937186821922,24.514355537509914,735.4306661252974,6.644295302013423
2,0,30750,47.89643314378284,237.88561794745482,0.3747619231667595,26.161995336746685,38.13877802161355,1144.1633406484063,8.456375838926174
2,0,30750,59.9632857091906,297.8176523556466,0.5235947057834763,12.369316876852485,38.1972140125336,1145.9164203760079,13.087248322147651
2,0,30900,42.11104985668801,209.15154762155046,0.5007942150957805,28.225520367211963,34.502177669271184,1035.0653300781355,6.442953020134228
2,0,30900,80.78272444226702,401.2208647299262,0.5090747709773126,57.77551384453665,24.366609174935345,730.9982752480604,7.046979865771812
2,0,31050,27.360606279048312,135.89101118593996,0.45389686090581427,15.900000000002592,36.99917805581592,1109.9753416744772,8.25503355704698
2,0,31050,91.78315192669847,455.85632123593564,0.473810003987225,62.23608278161364,22.892592843668947,686.7777853100685,8.456375838926174
2,0,31200,42.00194907743389,208.6096804179217,0.2631426950935343,29.79681191000175,31.83910196518614,955.1730589555841,6.040268456375839
2,0,31200,89.85830833523076,446.29626473164603,0.2877805377991953,68.7216123210156,21.359129286745354,640.7738786023605,6.845637583892617
2,0,31350,41.39467543068836,205.5935546390855,0.36927334343121404,33.10619277416037,27.95048137353023,838.514441205907,5.23489932885906
2,0,31350,86.08201061342061,427.5406527133224,0.1983802174263594,61.82184080080652,27.666348469214213,829.9904540764264,6.845637583892617
2,0,31500,36.11068010401049,179.34971118325214,0.7691187148018809,25.185710234178636,24.94616973201875,748.3850919605625,6.644295302013423
2,0,31500,90.77567589901487,450.8525236317738,0.18286372318037108,69.71950946471098,20.79670207780322,623.9010623340965,5.8389261744966445
2,0,31650,57.068230370196865,283.4388775053111,0.23351447637763922,41.04741161145197,27.425205514783595,822.7561654435079,7.046979865771812
2,0,31650,58.362073826832024,289.8649666732657,0.21715289982690725,42.10380030353414,37.11026734315167,1113.3080202945498,5.6375838926174495
2,0,31800,48.24027972934795,239.59338932242818,0.27739728467219077,33.92123228893662,22.62442886411663,678.7328659234988,7.248322147651007
2,0,31800,102.87133906589311,510.9276506939358,0.35075107348900286,71.92058119898616,27.739602903695285,832.1880871108585,8.25503355704698
2,0,31950,63.5520738877487,315.6419669758185,0.7337702467449491,44.80055803223915,23.144390668301572,694.331720049047,7.248322147651007
2,0,31950,52.518842541301495,260.8435846217974,0.3535274610169759,30.97418279793694,36.673217357339105,1100.1965207201733,8.25503355704698
2,0,32100,38.45861229644545,191.0111077390124,0.8144686797653072,28.176053662640815,26.62921968315618,798.8765904946854,5.033557046979865
2,0,32100,71.83428626717122,356.7769551269504,0.287561734355406,47.62824792074568,22.089967794559627,662.6990338367889,8.053691275167784
2,0,32250,32.29219410305924,160.38456404519422,0.04331077865091595,19.023406634984976,35.7365313871541,1072.0959416146234,8.657718120805368
2,0,32250,61.599155219955904,305.942470925781,0.27933333960912066,39.96198193283202,31.901947894457173,957.0584368337152,7.651006711409396
2,0,32400,62.27025179422935,309.27558391133914,0.5460611999323307,43.33832022587117,26.948660924721953,808.4598277416586,8.25503355704698
2,0,32400,28.61008774166557,142.09676911693896,0.2420532829453031,20.49243762952861,47.285435650252126,1418.5630695075638,5.4362416107382545
2,0,32550,69.79542474093913,346.65060954666427,0.4964126944690373,46.774031256671556,25.253310272047745,757.5993081614324,7.651006711409396
2,0,32550,61.04373871118055,303.1839022655301,0.7778523133199315,40.677389296758534,29.028990488338323,870.8697146501497,6.845637583892617
2,0,32700,54.97893110034764,273.0620244650599,0.7916595160839143,29.409182239568302,28.636149705412876,859.0844911623866,9.261744966442953
2,0,32700,69.12080130509581,343.29997981530914,0.07870338165155646,49.426308783886036,28.067910788391657,842.0373236517496,7.046979865771812
2,0,32850,53.62661976484257,266.3455448320514,0.6696259739280985,30.86502875424007,23.4918405074658,704.7552152239742,7.449664429530201
2,0,32850,75.46994627387794,374.8340664935937,0.12646030606837852,54.06829015236311,22.76009247543672,682.8027742631017,7.449664429530201
2,0,33000,57.91450674134949,287.6420501487024,0.8281024420176963,37.98170612281611,34.05596076843153,1021.6788230529457,7.248322147651007
2,0,33000,53.28335272616171,264.6406518732698,0.34829479604949165,39.711207486047186,34.55860480701703,1036.7581442105113,6.644295302013423
2,0,33150,62.35114369507766,309.6773470188856,0.625897951703723,39.7825338559522,35.36149416392573,1060.8448249177718,7.449664429530201
2,0,33150,61.576144734415436,305.8281855142633,0.14699508446531773,40.26375541352398,36.013411446386016,1080.4023433915802,7.449664429530201
2,0,33300,72.64736900692267,360.815266067716,0.2838418269454452,52.04632551871511,38.52468598862882,1155.7405796588646,6.644295302013423
2,0,33300,53.22631993555233,264.3573890132432,0.1900784086638591,38.95035301508915,32.63615228690766,979.0845686072296,6.845637583892617
2,0,33450,51.88498644111643,257.695432657545,0.6483172110559572,26.630809225406963,38.21127921606459,1146.3383764819375,10.671140939597315
2,0,33450,62.67424481433411,311.2820825778594,0.350603908251855,38.71046370169071,34.11522775439528,1023.4568326318584,8.657718120805368
2,0,33600,38.07162304034795,189.08906110039487,0.6368143055358518,21.308449028494774,33.90602322482442,1017.1806967447332,7.85234899328859
2,0,33600,49.03683867066391,243.54963206429738,0.6175909687275416,31.522848856030233,32.41145757037733,972.3437271113197,8.053691275167784
2,0,33750,56.32298252486434,279.73747987349293,0.7822469209302306,28.373403038761037,36.160357169490126,1084.8107150847038,9.664429530201343
2,0,33750,67.41513927005583,334.8285250412773,0.6191188906274874,42.00964175043559,26.726515296793057,801.7954589037917,8.25503355704698
2,0,33900,69.02753063574325,342.83673549085813,0.16041498259323075,53.43032846614624,40.85819809378323,1225.745942813497,6.040268456375839
2,0,33900,45.63063813334055,226.63216939559135,0.6485841667103056,31.9707678981905,31.37901957592945,941.3705872778833,6.040268456375839
2,0,34050,62.86402185814149,312.2246418954361,0.2970300736175535,47.18781622410609,46.9716715815509,1409.1501474465267,5.6375838926174495
2,0,34050,63.5320636672913,315.5425828808801,0.12339827785085382,45.82935740330469,21.20900849831593,636.2702549494779,7.85234899328859
2,0,34200,51.123262052898916,253.9122015293979,0.21265156333097787,37.0302578981018,40.28582690792726,1208.5748072378178,6.644295302013423
2,0,34200,55.60663235234458,276.1796073499781,0.4064226020741401,36.210633797270745,29.948024774264983,898.4407432279495,7.248322147651007
2,0,34350,53.87768422035416,267.5924982944257,0.22807379144733841,35.53702294790515,37.32905174303629,1119.8715522910888,6.845637583892617
2,0,34350,81.95461262843027,407.0412427212036,0.6573105067105856,64.5244139841666,25.38561291847769,761.5683875543308,7.248322147651007
2,0,34500,62.277644136721605,309.31229921238395,0.41988179362326356,42.3945751246552,41.074128700570355,1232.2238610171105,8.053691275167784
2,0,34500,33.3349905911441,165.56378660268234,0.48205643178244234,16.824089871371843,45.813187460769505,1374.3956238230853,7.85234899328859
2,0,34650,66.26416574921402,329.11202322109636,0.08336968710047514,48.45998349153676,37.40935187362106,1122.280556208632,6.644295302013423
2,0,34650,42.73807228224808,212.26575900183218,0.09863684713226349,26.297528400973324,45.18328839100089,1355.498651730027,7.248322147651007
2,0,34800,57.69275237373156,286.54067012286674,0.3147904040529723,39.11521443121657,36.48425249434118,1094.5275748302354,6.442953020134228
2,0,34800,44.78324500754045,222.42345020411756,0.4156776680688407,28.086473612755398,48.99942292822074,1469.9826878466224,7.248322147651007
2,0,34950,77.73056916167846,386.0618268363363,0.27676092599049,56.72856423354953,30.733174488082703,921.9952346424811,6.241610738255034
2,0,34950,79.76391143006678,396.160760102665,0.12014477096850151,55.68213357981246,26.204978949343,786.14936848029,8.859060402684564
2,0,35100,82.0945859771247,407.736443686386,0.2755389835176514,62.38918175453154,27.66983079048902,830.0949237146705,6.241610738255034
2,0,35100,47.58091966069718,236.31856764812932,0.574703511076983,28.713933899764292,32.363317892030715,970.8995367609214,6.845637583892617
2,0,35250,81.31236133493556,403.85139463017987,0.10692513914458363,56.412764513008746,30.24628233735184,907.3884701205552,7.85234899328859
2,0,35250,115.88532928622223,575.5638021215703,0.5972045400949717,87.54090472459126,18.278386373384105,548.3515912015232,7.046979865771812
2,0,35400,70.99311151827736,352.5991205407775,0.06760479368256546,46.80384599581779,29.22372674815525,876.7118024446577,6.040268456375839
2,0,35400,66.89224044497283,332.2314608766983,0.5568765228015846,45.73007762950049,28.3855568158064,851.5667044741921,7.449664429530201
2,0,35550,108.02602858270657,536.5292752941093,0.5427748853344444,78.38501132231892,15.797891190051889,473.93673570155664,7.651006711409396
2,0,35550,51.17716306282488,254.17990987869692,0.4929104649837182,36.00499965282394,34.45647833794655,1033.6943501383967,7.248322147651007
2,0,35700,94.49271253175644,469.3138055743904,0.3957304309157205,67.39324892005165,15.817358473123509,474.52075419370533,6.845637583892617
2,0,35700,51.47822694286006,255.675193816205,0.1329551132327609,39.73726211001582,38.783664205163944,1163.509926154918,6.040268456375839
2,0,35850,82.23962243595275,408.4567914318987,0.0692409405066718,61.320469665520505,25.230378677349247,756.9113603204775,6.845637583892617
2,0,35850,92.04028231386201,457.13340215884796,0.46446043467981774,66.56485559212204,15.279670330124862,458.39010990374584,8.053691275167784
2,0,36000,63.387143350263926,314.8228119729775,0.13312287963013436,45.99304295216703,27.933988624524833,838.0196587357451,5.8389261744966445
2,0,36000,81.8043540016372,406.29495820813145,0.7258171740502805,61.07339846447057,28.98017573755034,869.4052721265102,6.644295302013423
2,0,36150,83.83862483136124,416.3985033290942,0.22894264239030654,64.36590712481225,28.296041889532646,848.8812566859795,7.651006711409396
2,0,36150,46.43329840637446,230.61871541832647,0.5462935856427197,28.952720079467774,42.19022280395902,1265.7066841187707,7.449664429530201
2,0,36300,84.90765653851874,421.70802747464313,0.31307298088578656,58.76937978233216,23.857141858718407,715.7142557615522,6.442953020134228
2,0,36300,85.70855694853194,425.6858328443752,0.6989030922916551,66.65200672147775,28.268919737052904,848.0675921115871,6.241610738255034
2,0,36450,73.01067226426309,362.6196722458401,0.3329121483397272,52.27322450356456,21.825694895404954,654.7708468621487,8.053691275167784
2,0,36450,54.889547374485666,272.61808529327885,0.7549536060589159,36.64423556304535,34.10237433890464,1023.0712301671392,7.046979865771812
2,0,36600,100.70847667341482,500.18543414462704,0.26877497990139065,80.14549269921599,18.299187394122,548.9756218236602,6.644295302013423
2,0,36600,61.9590973147852,307.73018333009975,0.1550762671734993,41.04741161145286,28.249242975708636,847.4772892712589,8.456375838926174
2,0,36750,71.94977972847114,357.35057265140665,0.3711738315005377,52.18620507375381,20.781842982760523,623.4552894828158,6.442953020134228
2,0,36750,183.4940319444866,911.35369199095,0.25203185329333555,176.82448925417552,16.18975542082976,485.69266262489276,1.610738255033557
2,0,36900,61.50018183187384,305.45090309830675,0.4923400919541527,43.86262646034676,24.98894222731812,749.6682668195438,7.046979865771812
2,0,36900,93.09084314160961,462.3511876033277,0.2105162197186207,70.36710879380982,20.822647393974837,624.6794218192452,5.6375838926174495
2,0,37050,94.30488262078364,468.3809170165589,0.2903104144752279,72.851218246505,19.500712164403694,585.0213649321109,6.845637583892617
2,0,37050,167.40813242510427,831.4603910446846,0.31387403422052973,145.2449310647363,18.233634173930255,547.0090252179076,5.033557046979865
2,0,37200,88.57492339679457,439.922119537413,0.3382124966585027,62.32062258995844,22.68095334452462,680.4286003357386,8.657718120805368
2,0,37200,150.51104005679449,747.5381656154125,0.07029544378263143,121.24454626909963,17.750462137920746,532.5138641376225,5.23489932885906
2,0,37350,95.12444689591852,472.45141958306203,0.6548042587452081,75.1797845168506,16.751927585523912,502.55782756571733,6.442953020134228
2,0,37350,155.92479546521184,774.4264841438854,0.13563531873691742,129.25405216085136,13.960807265753479,418.82421797260446,4.026845637583892
2,0,37500,76.00662899760957,377.4995906881275,0.5696698687816788,54.213743644949304,24.917380849423687,747.5214254827106,7.651006711409396
2,0,37500,191.57135321362125,951.4710542943188,0.04875854157971662,179.48350899177203,14.379848477222765,431.39545431668296,1.006711409395973
2,0,37650,73.24154477100463,363.76633902932303,0.3220202000643722,50.707987536482136,20.731540615122405,621.9462184536723,7.046979865771812
2,0,37650,118.02136947260708,586.1728017139485,0.17853079177998718,85.45841093771853,22.405039815844276,672.1511944753285,8.053691275167784
2,0,37800,91.14879432998936,452.70567850561383,0.12249471895140462,72.48896467739061,23.118320268240215,693.5496080472063,6.241610738255034
2,0,37800,115.01450879545838,571.2387270174432,0.45871469150028166,99.27779207859281,21.964449475879945,658.9334842763983,4.429530201342282
2,0,37950,97.59421569141189,484.71793793401247,0.19447446220955308,77.38371921793342,18.970867160363394,569.1260148109018,6.644295302013423
2,0,37950,200.53034418866037,995.9673761370132,0.02657902674985339,193.15341053162965,9.739411680980183,292.1823504294054,0.40268456375838924
2,0,38100,96.59677852282474,479.76399999669616,0.626519970217828,68.37104650361913,19.97546096095138,599.2638288285414,7.651006711409396
2,0,38100,135.48187414782993,672.8933082675553,0.1565967207757746,112.39475076710632,26.046647672657087,781.3994301797128,6.644295302013423
2,0,38250,77.35428934870124,384.1929704318828,0.33840136609001414,56.32415112542818,25.15811396183925,754.7434188551773,7.046979865771812
2,0,38250,132.72072728003778,659.179612157521,0.16810711194269687,109.68723717917285,19.724448669876892,591.7334600963069,6.040268456375839
2,0,38400,46.32567373684029,230.0841795596401,0.696034811136459,29.54657340538956,28.11493171139753,843.4479513419261,8.657718120805368
2,0,38400,158.05614063924594,785.0121651749216,0.15619086907072047,137.39508724841804,18.489746811887407,554.6924043566222,4.832214765100671
2,0,38550,78.36876125836247,389.23151424986696,0.24020334752419356,67.54331943278956,21.713554117158207,651.4066235147462,5.4362416107382545
2,0,38550,116.38898613795222,578.0652978184959,0.5585892821499767,85.30345831207511,21.40186924257372,642.0560772772117,6.845637583892617
2,0,38700,54.83324638971486,272.33845706891714,0.25418854775682737,42.38502093900581,21.849571443663567,655.487143309907,5.6375838926174495
2,0,38700,133.36534771143687,662.3812269668031,0.24565685837970405,107.47413642360556,14.723523916564146,441.7057174969245,5.6375838926174495
2,0,38850,55.114798111641456,273.7368306211526,0.09757564131323258,41.93673807057475,20.10534957289745,603.1604871869235,6.040268456375839
2,0,38850,165.2684054313782,820.8330803091784,0.09402407610843044,155.2748530831711,13.377260328041048,401.31780984123145,2.8187919463087248
2,0,39000,42.62507067312003,211.70451767649615,0.7657403705954444,29.91738624947073,29.304904957121707,879.1471487136512,6.241610738255034
2,0,39000,159.27079439569144,791.0449454986007,0.15591826437254436,138.6694631128282,18.041762707854193,541.252881235626,4.630872483221476
2,0,39150,42.162559446351985,209.40737858354817,0.13990386950460298,25.251732613822647,29.939388337041667,898.1816501112501,7.046979865771812
2,0,39150,87.12608796604916,432.7262368980441,0.31594210443318627,59.100761416414045,24.853555202367062,745.6066560710118,8.053691275167784
2,0,39300,23.956636287751508,118.98462689583246,0.7371435848255448,19.55760721560792,33.49814915496783,1004.9444746490348,3.6241610738255035
2,0,39300,86.03800054755746,427.32206938620203,0.46164891108385464,57.01736577570232,31.761465869488035,952.843976084641,8.456375838926174
2,0,39450,28.41763825746794,141.14093667875744,0.5545751443356097,21.280977421159506,25.43269511758526,762.9808535275577,4.832214765100671
2,0,39450,62.60798625490586,310.95299839936575,0.5522040309586956,44.88786027424357,34.741156964917806,1042.2347089475343,7.046979865771812
2,0,39600,47.33801344858674,235.11213346131413,0.14003380443475158,23.843867136016815,25.26477899655426,757.9433698966278,10.06711409395973
2,0,39600,97.9930939109755,486.6990330911784,0.19648410915665795,67.22477221976942,20.50764718592944,615.2294155778832,7.449664429530201
2,0,39750,33.9769532565117,168.75220117400806,0.22764423437646608,20.11566553708827,27.89329685669743,836.7989057009229,7.449664429530201
2,0,39750,88.95864659167769,441.8279447386659,0.3117431402645404,63.25092884693513,32.82310364253582,984.6931092760746,7.85234899328859
2,0,39900,32.04376056987401,159.15067749704087,0.24377990504081762,21.308449028495136,20.59462917877697,617.8388753633092,5.4362416107382545
2,0,39900,128.89309923396888,640.1690595287123,0.32255159572210307,98.31947925004285,17.86633470756671,535.9900412270013,6.644295302013423
2,0,40050,29.595942425331366,146.9931807124791,0.5842358425500234,22.022942582680006,27.70036879521622,831.0110638564865,6.040268456375839
2,0,40050,134.81822101451414,669.597164372087,0.41192957023430776,112.99849556520923,16.212671770395964,486.3801531118788,4.832214765100671
2,0,40200,27.233091849320253,135.2576895182906,0.8134151679966722,21.83414756751537,26.131486181435946,783.9445854430783,3.0201342281879193
2,0,40200,131.3326393696225,652.2854422024584,0.3863982081598754,112.44998888394906,14.243106636211698,427.293199086351,5.033557046979865
2,0,40350,27.22390302645564,135.21205169806302,0.7039156111390992,19.44453650772003,25.071816507509084,752.1544952252724,5.033557046979865
2,0,40350,97.81561273759797,485.8175432634033,0.42648104601639586,66.43018892039898,21.868343561270034,656.050306838101,7.651006711409396
2,0,40500,31.32437269026032,155.57771769495957,0.13462741305602863,22.208106627986446,31.763224972392635,952.896749171779,4.832214765100671
2,0,40500,103.75482565784961,515.3156341006531,0.8639697531517938,79.89017461490673,24.877485466435413,746.3245639930624,6.845637583892617
2,0,40650,37.2421795335494,184.9694916832953,0.3379125591598425,24.901807163335565,34.08134417213404,1022.4403251640213,6.442953020134228
2,0,40650,100.41240273408633,498.71493357929535,0.26853125568032493,82.44106986205381,21.403871121054443,642.1161336316333,6.241610738255034
2,0,40800,55.10854088940914,273.7057530840654,0.16483970388302968,38.642981251451424,21.676071694384596,650.2821508315378,6.845637583892617
2,0,40800,85.84173867217433,426.34730207179916,0.21621113315521628,60.28805851907921,20.274192831598768,608.2257849479631,7.449664429530201
2,0,40950,75.04844415544542,372.7406059720455,0.5630914331263087,49.55905568107915,23.479734993873475,704.3920498162043,8.657718120805368
2,0,40950,121.01857060789808,601.0589006858938,0.2602636575748225,98.9058643357405,17.267667599620463,518.0300279886137,4.630872483221476
2,0,41100,49.43302034149212,245.51733436274418,0.31014938330936237,30.758413483141084,34.02861318066424,1020.8583954199271,7.651006711409396
2,0,41100,123.71860934500272,614.4690930801801,0.11315556529079324,95.63367607699595,18.32785858977114,549.8357576931342,7.046979865771812
2,0,41250,50.70055370550992,251.81275007069928,0.7813813160422012,30.811036983522115,34.6858359556688,1040.575078670064,9.060402684563758
2,0,41250,99.97587811240061,496.5468612915897,0.2719491521390323,75.6577160638627,24.11833330356028,723.5499991068084,5.8389261744966445
2,0,41400,49.72427489359791,246.96389863820298,0.18396157462969343,30.558795787792388,31.42199048746374,942.6597146239125,7.449664429530201
2,0,41400,126.4103434853874,627.8380393107575,0.19435932041508597,102.52146116789177,20.648246687491735,619.4474006247516,6.644295302013423
2,0,41550,90.49364626785457,449.45177646367773,0.6026653579911295,61.77378084592081,25.889696396194893,776.6908918858468,7.651006711409396
2,0,41550,84.71414966245952,420.746943323549,0.1465788987057076,58.8466651561497,22.285266531140586,668.5579959342176,8.25503355704698
2,0,41700,62.77364284544109,311.7757594656907,0.7313430055857711,36.31859028101296,42.36785685030802,1271.0357055092406,8.657718120805368
2,0,41700,109.72958675184337,544.9902808674888,0.6643091136072216,76.80527325646509,20.039909055745,601.1972716723501,7.85234899328859
2,0,41850,68.80839669358238,341.7483702447925,0.30773162093107254,41.091239942352544,28.85040947314058,865.5122841942175,9.261744966442953
2,0,41850,106.19003185652929,527.4104915540955,0.7717962355979993,84.93974334785653,24.450357477782624,733.5107243334787,6.040268456375839
2,0,42000,67.98483089441335,337.657993442253,0.682243001966868,39.45655839020964,30.799495088755325,923.9848526626598,9.261744966442953
2,0,42000,77.71211845103424,385.9701883068034,0.6417700717112574,53.116099254370106,31.329858568880923,939.8957570664277,7.449664429530201
2,0,42150,114.0705142767692,566.5502209079536,0.26901906056016794,88.55083285887142,16.93437298359877,508.0311895079632,7.651006711409396
2,0,42150,78.87162776388769,391.7290845606424,0.6209521965474768,39.18418048141161,30.271158352044704,908.134750561341,7.85234899328859
2,0,42300,115.317944256135,572.7457898054705,0.3089066071162463,74.65360004715129,16.193573817815942,485.8072145344783,9.463087248322147
2,0,42300,59.00027656156118,293.03470692242047,0.5722844294417314,42.048186643420784,37.58619776131075,1127.5859328393224,6.644295302013423
2,0,42450,89.29799729387999,443.5133865596039,0.41003854342602053,64.98445968075755,17.94791938127969,538.4375814383906,7.651006711409396
2,0,42450,90.13696464219144,447.6802577228843,0.15911131534041573,56.24419970094791,27.168153202968565,815.0445960890569,8.053691275167784
2,0,42600,64.27823371484875,319.24856078374887,0.23251833055795598,46.49516103854173,25.638705878087876,769.1611763426364,7.85234899328859
2,0,42600,64.42625291102532,319.98372279142575,0.5332320349263909,42.2670084108158,20.73885101572354,622.1655304717062,7.651006711409396
2,0,42750,84.46356328252907,419.50236430322764,0.1341502005054626,60.263421741552136,20.380591449529845,611.4177434858955,7.046979865771812
2,0,42750,71.04287514963286,352.84627990984325,0.11367686092520794,41.76038792923355,29.292942777011245,878.7882833103373,6.644295302013423
2,0,42900,84.6714876250397,420.53505520436386,0.2938439689859225,65.81565163393907,20.02014718352278,600.6044155056836,6.442953020134228
2,0,42900,53.946298735195654,267.9332837181384,0.6536329177148487,35.999999999997954,38.75066969272946,1162.520090781884,8.053691275167784
2,0,43050,98.69187383995933,490.169640071798,0.1870857218197624,72.67496130029801,24.355090844847012,730.6527253454103,7.651006711409396
2,0,43050,36.95285710230219,183.53252360810095,0.5226078117425283,24.945139807186028,39.40107882413038,1182.0323647239115,5.8389261744966445
2,0,43200,95.65627842383803,475.0928495050622,0.5505578298634886,75.26413488508317,20.59176432281999,617.7529296845997,6.644295302013423
2,0,43200,51.82908919876253,257.41780968718723,0.3721402359150553,41.2388166658556,45.04570052768036,1351.3710158304107,5.033557046979865
2,0,43350,78.26709077543599,388.72655085133204,0.42450226762059784,61.18823416311115,26.43780981695871,793.1342945087612,5.8389261744966445
2,0,43350,24.83289073466667,123.33669064884447,0.5771295399288288,19.167159413956824,29.26710419187271,878.0131257561815,3.825503355704698
2,0,43500,127.03901249167774,630.960428708666,0.10328812381859498,117.73347017734494,18.456058312001506,553.6817493600453,4.429530201342282
2,0,43500,47.4826300733247,235.83039603084598,0.43584912135831505,27.914512354688043,37.8189110625709,1134.567331877127,7.651006711409396
2,0,43650,111.23658154145315,552.4750216558841,0.2788125570310128,85.35724925277555,27.048803792309855,811.4641137692956,7.046979865771812
2,0,43650,57.19248042733621,284.0559861224365,0.6883132321271923,38.42460149435256,39.682736880492804,1190.4821064147845,6.845637583892617
2,0,43800,74.68693900920242,370.9451304123719,0.4159827880055503,50.472269614115994,36.788860362558424,1103.6658108767526,7.651006711409396
2,0,43800,62.2954775466965,309.40087181525934,0.7121748702510369,46.44868135910738,36.34407597304713,1090.3222791914138,5.4362416107382545
2,0,43950,50.81719438282079,252.39206543467662,0.5285703870172059,33.02181097396129,36.26189168146618,1087.8567504439857,8.456375838926174
2,0,43950,23.82552894437136,118.33346042371107,0.3407033761718894,16.376812876747955,29.004117057486955,870.1235117246086,4.630872483221476
2,0,44100,88.4966438224241,439.53333098470637,0.31748244848827806,67.35317364460319,19.022141352248582,570.6642405674576,7.046979865771812
2,0,44100,42.578890228457915,211.47515480134098,0.7299947539767473,26.558049627185255,32.2876004661107,968.6280139833207,7.046979865771812
2,0,44250,67.84038765149761,336.94059200243805,0.041191853399689955,50.00649957755371,22.513331317989906,675.3999395396974,6.644295302013423
2,0,44250,71.90253471759529,357.1159224307232,0.6899753161080918,47.67074574620997,38.69114279650654,1160.7342838951963,7.046979865771812
2,0,44400,127.75452473524477,634.5141395183823,0.49138979690625145,97.53645472335002,18.03117220990647,540.9351662971941,6.644295302013423
2,0,44400,59.08339883929697,293.4475475685083,0.5966366708408097,32.589722306272684,29.23014481247785,876.9043443743353,8.657718120805368
2,0,44550,133.18996430571772,661.5101560517312,0.17938870789109768,117.93091197815798,13.341511790634334,400.24535371903005,3.4228187919463084
2,0,44550,75.95751933261614,377.25567935199354,0.7065771255947072,48.53792331775275,28.181996570107245,845.4598971032173,7.449664429530201
2,0,44700,121.35586219663368,602.7341155766139,0.11769358768642149,96.98680322600553,17.528930475538093,525.8679142661429,5.6375838926174495
2,0,44700,47.19820416886492,234.41774737202905,0.29925058136655197,25.008198655642573,45.96569349799666,1378.9708049398998,8.657718120805368
2,0,44850,114.89264479903136,570.6334691685224,0.09670765024095888,101.55476355149484,16.159637561797897,484.789126853937,4.630872483221476
2,0,44850,112.06766076997341,556.6027151575347,0.6650557097121453,84.14398374215484,20.495862743022766,614.875882290683,6.644295302013423
2,0,45000,99.47849233865101,494.07651194863325,0.09305133011368005,79.22045190479498,23.35142938437523,700.5428815312569,6.644295302013423
2,0,45000,64.78405545827172,321.76080877608297,0.6111199232925999,42.02142310774386,25.83099170535744,774.9297511607231,7.046979865771812
2,0,45150,115.04467552869853,571.3885551258693,0.20300463463997212,95.1383203551543,27.854240455404973,835.6272136621494,6.442953020134228
2,0,45150,112.47619642884595,558.6317755966015,0.8742984154243054,79.17329095092607,27.816381212746837,834.491436382405,8.053691275167784
2,0,45300,87.83792184560858,436.26167849985586,0.1424166580803075,68.93605732851277,32.89982694460669,986.9948083382008,7.651006711409396
2,0,45300,109.22132834100987,542.465930760349,0.7251001270964341,86.55402936894355,22.59340004914395,677.8020014743184,6.845637583892617
2,0,45450,69.32851657002263,344.331632297779,0.15836049667958446,48.39214812343004,33.28705686436069,998.6117059308208,6.442953020134228
2,0,45450,104.5398903130195,519.2147885546635,0.8167228645216603,78.87261882301169,23.874651297433836,716.2395389230151,6.644295302013423
2,0,45600,82.65525087561336,410.52107934887965,0.09236090440075413,54.76294367544606,37.21034359912376,1116.3103079737127,8.053691275167784
2,0,45600,83.18839750441286,413.16904093858386,0.40643081950731585,54.18717560456522,33.556053129175474,1006.681593875264,9.261744966442953
2,0,45750,88.57882666878083,439.94150578827816,0.15233115711658435,72.09056803771242,34.27667488900492,1028.300246670148,6.040268456375839
2,0,45750,94.66131939345244,470.1512196541472,0.3154298999806679,69.84010309270836,15.521366595702858,465.6409978710859,6.845637583892617
2,0,45900,48.44918960862419,240.63097505616685,0.1772255577941845,27.958004220616203,39.48328323682338,1184.498497104701,8.456375838926174
2,0,45900,89.0172849718678,442.1191820269434,0.12615129009561526,63.85491367154164,26.493213281282028,794.7963984384606,7.046979865771812
2,0,46050,72.65353594158265,360.84589517652716,0.038834654871069636,48.07213329986506,38.51197364710524,1155.3592094131573,7.85234899328859
2,0,46050,95.83629514018908,475.9869325296058,0.07740060981843327,66.99141736073446,20.270201393450936,608.106041803528,7.651006711409396
2,0,46200,99.50385718835109,494.2024907021438,0.21702126248801362,80.40223877479964,23.40247116783241,702.0741350349724,6.241610738255034
2,0,46200,63.13716816497541,313.5812685527112,0.8192263332836535,37.54796931925758,29.380560403140308,881.4168120942091,9.664429530201343
2,0,46350,85.54334991548201,424.8653045802273,0.8405776750067822,62.8956278289683,24.604887413640135,738.146622409204,7.449664429530201
2,0,46350,110.08020142148129,546.7316670600237,0.7261424814166603,90.81877559183665,18.74539680523874,562.3619041571624,5.6375838926174495
2,0,46500,84.96424938625952,421.9891052850889,0.49284200397003536,58.63215841157484,27.9130290910654,837.390872731962,7.651006711409396
2,0,46500,74.81322735882635,371.57236254883765,0.6594171860763249,45.53679830642531,26.186949672760374,785.608490182811,8.25503355704698
2,0,46650,37.978704866607345,188.62756750414985,0.19000821192762146,29.977491556164644,45.467402517641304,1364.022075529239,6.644295302013423
2,0,46650,108.87879556389436,540.7646846340087,0.801697659732897,84.45412956155529,17.100591719711435,513.0177515913431,7.651006711409396
2,0,46800,66.26308426903395,329.1066518695352,0.36826593657316026,48.968969766577786,35.008728233907036,1050.261847017211,6.442953020134228
2,0,46800,61.25116497741797,304.21411938784263,0.753837896819028,42.521759135764476,26.57265487719778,797.1796463159334,6.845637583892617
2,0,46950,65.10616424929346,323.3606157714908,0.30101773489579836,44.62745791550188,42.087551881067355,1262.6265564320206,7.248322147651007
2,0,46950,84.19254898497071,418.1563266253545,0.2913816476073719,60.09742090971697,20.26524270867308,607.9572812601924,7.449664429530201
2,0,47100,64.79545838786242,321.81744332638345,0.16641133635716307,49.2438828688395,37.08148754761639,1112.4446264284916,6.845637583892617
2,0,47100,86.3102164334707,428.67407495290456,0.847034086042347,61.12053664685937,18.395761656478044,551.8728496943413,7.248322147651007
2,0,47250,99.0125471297885,491.7623174112829,0.6231569579792121,75.33823730350922,16.20187446427165,486.05623392814937,6.845637583892617
2,0,47250,48.76075004470704,242.17839188871162,0.7659293636377427,17.710166571775815,37.78213710457318,1133.4641131371957,10.671140939597315
2,0,47400,60.2221084546059,299.103138657876,0.6624461103932634,49.10570231653468,38.807865374161885,1164.2359612248567,5.8389261744966445
2,0,47400,105.69591357587883,524.9563707601981,0.6466570374512179,75.08515166129608,21.37827300664062,641.3481901992186,8.053691275167784
2,0,47550,69.43807864125219,344.8757905848859,0.3627122335983046,49.704124577341936,39.134684205376345,1174.0405261612905,6.845637583892617
2,0,47550,101.58646670672363,504.54611797672726,0.2620809550060337,73.82316709542906,22.258226111373375,667.7467833412013,7.85234899328859
2,0,47700,84.74013847396003,420.8760210873349,0.2525306456733502,57.352593664105356,35.62793049372065,1068.8379148116198,7.85234899328859
2,0,47700,97.55460946645792,484.52122701674114,0.4664557827074115,82.1019488197461,20.890896752306237,626.7269025691871,5.23489932885906
2,0,47850,62.989233865396045,312.8465281981337,0.2592461724277054,43.50000000000068,44.408386330249456,1332.2515899074835,7.651006711409396
2,0,47850,94.38709774871128,468.7892521519327,0.19979653552341162,70.108273406212,20.939386745235208,628.1816023570561,7.651006711409396
2,0,48000,88.10353534102975,437.58089219378115,0.2718712966457061,71.5416661813241,35.32500974054674,1059.7502922164022,4.630872483221476
2,0,48000,78.46396666841383,389.70436778645535,0.23892076664774825,60.318653831131826,19.02083400975567,570.6250202926701,4.832214765100671
2,0,48150,67.71133468473234,336.29962893417064,0.6842123228368489,44.01011247429442,34.84372716253605,1045.3118148760814,8.25503355704698
2,0,48150,130.73618562186854,649.3230552552805,0.06933623153210142,104.82757270871005,11.817318508977616,354.5195552693284,5.6375838926174495
2,0,48300,70.38136496240428,349.56077931327457,0.5841826661933173,53.78624359443548,29.93872425921555,898.1617277764666,6.040268456375839
2,0,48300,68.08230092295314,338.1420945840006,0.2619906850835682,34.53259329966335,20.383589469033872,611.5076840710163,8.456375838926174
2,0,48450,67.52189826141932,335.35876136504925,0.7201038231808654,44.10408144378563,26.145929793240796,784.3778937972238,7.449664429530201
2,0,48450,90.14258235694773,447.708159039507,0.41534458659456935,65.4481474145765,22.698924008168706,680.9677202450612,7.449664429530201
2,0,48600,58.16500750566821,288.88620394481876,0.25150509713766717,37.51919508731505,27.252539142653095,817.576174279593,7.248322147651007
2,0,48600,66.84940408505274,332.0187069557619,0.2977929568285857,46.39536614792567,27.966531404050045,838.9959421215012,6.845637583892617
2,0,48750,37.999207446255966,188.72939698307133,0.43298239163010593,21.01071155387193,41.482094227484644,1244.4628268245394,8.456375838926174
2,0,48750,55.736658352185884,276.82540314918987,0.8365046060117579,37.4038768044172,28.81805627321662,864.5416881964987,6.040268456375839
2,0,48900,61.13678402066497,303.64602730263596,0.7541898222243205,45.30099336659159,23.983082999295423,719.4924899788626,6.442953020134228
2,0,48900,70.48793378120682,350.0900711133272,0.6663513296320476,45.62466438232665,32.50184382509023,975.0553147527071,6.644295302013423
2,0,49050,23.78509939036036,118.13266030545648,0.8605238011409122,12.657013865838168,34.99593533504028,1049.8780600512084,8.25503355704698
2,0,49050,114.99034845895007,571.118730679452,0.8935284270256304,87.78524933039935,26.630033002329633,798.9009900698891,7.248322147651007
2,0,49200,15.644042962038778,77.69874671145925,0.22499092755416106,8.720665112248055,54.796893904520154,1643.9068171356048,8.859060402684564
2,0,49200,106.7956821190127,530.4185545244297,0.15336920524995998,74.3854824545753,16.356822416092236,490.70467248276714,8.657718120805368
2,0,49350,34.04579502938611,169.09411531261773,0.4715382318768575,24.62925090212659,46.25647242044571,1387.6941726133714,6.241610738255034
2,0,49350,44.57724773118443,221.40033039821603,0.3215386110847314,27.97087771236375,47.06173868212692,1411.8521604638076,7.449664429530201
2,0,49500,30.482681391858424,151.3973175795635,0.6332264183205261,20.16258911945681,40.37916906247783,1211.3750718743347,6.644295302013423
2,0,49500,40.05981692892795,198.96375741367547,0.6510264650260901,27.390509305232253,42.33795197017246,1270.138559105174,7.85234899328859
2,0,49650,37.360464437685174,185.55697337383634,0.4781703710689512,22.807893370497702,36.37632397922728,1091.289719376818,7.651006711409396
2,0,49650,46.8372816526433,232.62516554146168,0.5133193981117676,30.05544875725545,32.67482227010936,980.2446681032807,6.644295302013423
2,0,49800,32.70636506593129,162.44161316079206,0.5693169112179957,20.240553352119896,39.6427158413119,1189.2814752393567,7.651006711409396
2,0,49800,31.403209875413065,155.96927571455154,0.5803579969453738,19.729419656949013,51.432574058437424,1542.9772217531226,6.845637583892617
2,0,49950,49.8854792219352,247.76454680227812,0.5690660490056075,34.63018914184581,41.106503754770586,1233.1951126431175,6.845637583892617
2,0,49950,50.927098238651226,252.93792125196768,0.36865925710610087,30.901456276362268,36.88261072683621,1106.4783218050861,8.657718120805368
2,0,50100,62.83201039827194,312.0656516447506,0.607105635180901,42.30425510513299,43.52833999475783,1305.8501998427346,7.248322147651007
2,0,50100,78.18944635147551,388.340916878995,0.6316314385309973,60.62227313455124,38.05475514612344,1141.642654383703,5.8389261744966445
2,0,50250,49.417504038712366,245.4402700589381,0.42240347461712646,33.61205141017144,35.43671038761203,1063.101311628361,6.241610738255034
2,0,50250,87.53238518782177,434.74417976618145,0.29539434404075526,64.81249879459878,25.484984259624397,764.5495277887319,6.845637583892617
2,0,50400,39.879820220025174,198.06977375945837,0.7157634784640007,23.547611343828752,39.853892711689944,1195.6167813506986,8.25503355704698
2,0,50400,46.441781492286694,230.66084807835722,0.6775424659965988,29.651475511347318,34.53280728371724,1035.9842185115172,6.845637583892617
2,0,50550,46.72225157578524,232.05384949306674,0.561706820980689,38.71976239596475,41.0974214524118,1232.9226435723544,5.6375838926174495
2,0,50550,58.04689892793412,288.2995980087395,0.3454789233719392,42.96603309592336,29.844973171829565,895.3491951548871,5.6375838926174495
2,0,50700,41.2571935780663,204.91072810439596,0.3689612946683258,25.521167684885146,42.06049918219013,1261.814975465704,8.053691275167784
2,0,50700,77.69446855412467,385.8825271521525,0.8317453455646258,53.29033683511426,23.190030260914632,695.7009078274391,7.85234899328859
2,0,50850,54.38122360681324,270.09341058050575,0.35951734417304554,36.68964431552886,34.92382738608778,1047.7148215826335,7.046979865771812
2,0,50850,31.379637327771313,155.85219872793084,0.6472888389935073,20.8753443085376,43.38902184437303,1301.670655331191,6.845637583892617
2,0,51000,57.53778291698719,285.7709884877031,0.4371583576337318,33.792306816789086,30.986895011685686,929.6068503505707,8.25503355704698
2,0,51000,36.190748774413045,179.74738557958483,0.2869238298450608,21.098341167021385,33.810645960786715,1014.3193788236015,10.268456375838927
2,0,51150,83.79752133472414,416.1943559624632,0.3916363437508036,63.72793735874249,37.209508446644676,1116.2852533993405,6.040268456375839
2,0,51150,27.175127024420117,134.9697975546199,0.7339568379706649,17.08156901458466,31.951251769718,958.5375530915398,5.23489932885906
2,0,51300,64.87479502244211,322.2114819447959,0.8247618072550352,54.781018610461516,24.449996371434516,733.4998911430355,5.6375838926174495
2,0,51300,56.68349138396908,281.52800720704647,0.36672552875346065,42.667552074145036,37.98006148753598,1139.4018446260795,5.8389261744966445
2,0,51450,72.5854790803778,360.507879432543,0.5627573617653915,49.37894288054328,24.047254009586702,721.4176202876009,9.261744966442953
2,0,51450,63.26039974405705,314.1933187288167,0.41704668502133163,44.55883750727784,24.94978000955845,748.4934002867534,7.248322147651007
2,0,51600,76.1110781982326,378.0183550512219,0.4419682608949476,58.66898669654913,24.961706034882035,748.851181046461,6.644295302013423
2,0,51600,67.8795603816013,337.1351498952864,0.6116861473555043,47.585712141353966,40.44101286806268,1213.2303860418804,7.651006711409396
2,0,51750,63.46039143730647,315.18661080528886,0.4882845706525779,38.95035301508915,29.095868163811723,872.8760449143517,7.248322147651007
2,0,51750,82.57751115686126,410.13497207907756,0.212129269853689,61.502926759625275,29.194136986449674,875.8241095934902,7.046979865771812
2,0,51900,77.94136403305745,387.1087746975188,0.8298274523552805,55.00154543283042,22.058277771415543,661.7483331424663,8.25503355704698
2,0,51900,75.31329282139923,374.05602101294954,0.23187620414941532,49.50000000000273,37.18694823366882,1115.6084470100645,7.449664429530201
2,0,52050,75.65032358810238,375.72994048757516,0.6754588394260578,50.454434889312715,27.169379717762446,815.0813915328735,8.456375838926174
2,0,52050,80.06318526547342,397.64715348518473,0.2164483427898875,55.75239905151913,32.79872860577004,983.9618581731011,7.248322147651007
2,0,52200,71.60244004541313,355.62545222555184,0.506407137095257,49.68148548503513,26.37264493639227,791.179348091768,8.456375838926174
2,0,52200,46.307006149229075,229.9914638745044,0.39628785867039745,34.750827328281396,43.639244964403005,1309.1773489320904,6.040268456375839
2,0,52350,63.358963858963236,314.6828538328508,0.45692481834782644,46.71241804916517,35.698358915941,1070.95076747823,6.644295302013423
2,0,52350,66.38053136790944,329.68997246061684,0.04908684041897129,37.225394558015495,33.793913622442474,1013.8174086732744,8.859060402684564
2,0,52500,44.897792374724155,222.99236879446332,0.3829683463672228,26.644323973411762,49.82673389088394,1494.8020167265183,9.261744966442953
2,0,52500,62.37988336409076,309.82008737498415,0.12034375871219422,45.37245860651565,31.330929659540985,939.9278897862297,6.644295302013423
2,0,52650,89.32800586106752,443.6624291099688,0.7476730067565055,71.33253114813958,22.66365156626436,679.9095469879308,5.8389261744966445
2,0,52650,87.11244466315497,432.65847516033637,0.055936032013403074,64.26025210034706,23.459907026867036,703.7972108060112,6.442953020134228
2,0,52800,57.15284985358313,283.8591542727962,0.021351522172587435,39.89436050370879,32.03265608197409,960.9796824592229,6.442953020134228
2,0,52800,94.60460275676448,469.8695270252636,0.26239368118180445,71.00436606293923,21.369825395518877,641.0947618655664,7.248322147651007
2,0,52950,56.52663261974979,280.7489420114239,0.33487555659619417,42.53763039944693,35.83324045614093,1074.997213684228,5.8389261744966445
2,0,52950,160.46603367034672,796.981300562722,0.014019378084381329,147.64907720673273,14.587227206952708,437.61681620858127,2.214765100671141
2,0,53100,80.35149221062086,399.079077979417,0.5664795642937817,53.57163428532025,29.074109042939302,872.2232712881789,7.651006711409396
2,0,53100,194.57129971731322,966.370788595989,0.14287392141446614,192.0009374977105,12.712100993811775,381.3630298143533,0.20134228187919462
2,0,53250,69.28786082438839,344.129708761129,0.19709872079997054,53.4572726577026,31.1744546111304,935.2336383339119,5.8389261744966445
2,0,53250,169.25141647543845,840.6153684946776,0.20030708764414581,155.33859790792565,15.070832354783965,452.1249706435189,2.4161073825503356
2,0,53400,41.14995600592362,204.37811482942067,0.2963047766392394,32.35135236740605,42.51409421537718,1275.4228264613153,5.4362416107382545
2,0,53400,103.17579155187425,512.4397647076421,0.3472653007595846,76.77186984826925,23.407225424332047,702.2167627299616,6.644295302013423
2,0,53550,66.17344475993568,328.66144230768055,0.3634021050650607,55.278205470148976,34.066297285110295,1021.9889185533088,5.23489932885906
2,0,53550,196.12689665576337,974.0969200569581,0.17468120966249198,183.57107615308055,10.834277525124365,325.02832575373105,1.2080536912751678
0,1,54000,64.15425266800133,318.6327882510733,0.2628252040692243,39.249585985080486,48.71015590490397,1461.3046771471193,8.25503355704698
0,1,54150,57.41443323804814,285.15835174897245,0.05917162696770416,41.46733654335704,53.654969091990324,1609.6490727597097,5.6375838926174495
0,1,54300,54.979541956023844,273.0650583815851,0.124846684567751,37.337648560135214,57.01001374172217,1710.3004122516647,7.248322147651007
0,1,54450,54.263525750653784,269.5088445615804,0.1548878571640235,31.686590223625355,53.19763124315567,1595.92893729467,9.261744966442953
0,1,54600,11.722579235808828,58.22214353785051,0.2847570811305289,8.919641248392168,103.38727103118605,3101.6181309355816,4.026845637583892
0,1,54750,24.807594829700857,123.21105432084761,0.5251623225352227,11.48259552540312,86.53620946290991,2596.086283887297,8.25503355704698
0,1,54900,57.257630077394644,284.37956271772674,0.4209340271155498,33.84021276528919,48.18365879444383,1445.5097638333148,8.053691275167784
0,1,55050,56.01163080838377,278.1910996816394,0.3108973995172318,35.809495947302544,51.413034494817516,1542.3910348445254,8.25503355704698
0,1,55200,68.24045551313027,338.92759571521367,0.062087529335273665,50.507920171000855,46.693371694908464,1400.801150847254,6.241610738255034
0,1,55350,58.607235349734005,291.0826022370122,0.10123266671607142,41.59627387158644,53.37035473880552,1601.1106421641655,7.046979865771812
0,1,55500,52.79478932477588,262.2141203130535,0.044050761129005106,34.19999999999959,43.98063298275307,1319.418989482592,8.456375838926174
0,1,55650,42.04864923971004,208.8416245572265,0.40356869421091174,27.901612856605908,53.32928295403855,1599.8784886211567,7.046979865771812
0,1,55800,42.6033802289342,211.59678847037318,0.15625763117316102,31.569922394581848,51.12363525230511,1533.7090575691534,6.442953020134228
0,1,55950,44.24222855776335,219.73640183689133,0.16468262252318946,30.00000000000068,59.35590247437517,1780.6770742312551,7.046979865771812
0,1,56100,33.23885310658513,165.08630376270617,0.08408013737051975,20.806249061279996,58.87296718731037,1766.189015619311,9.060402684563758
0,1,56250,32.2228073433087,160.0399431384332,0.21176409715486083,18.483506160899807,73.32142394009314,2199.642718202794,7.449664429530201
0,1,56400,50.67381431737076,251.67994444294146,0.21660894027632727,26.139625092951164,40.694684807626125,1220.8405442287838,10.06711409395973
0,1,56550,32.95739041829453,163.68837241086277,0.20819291119026526,21.468348795378166,57.57656419126465,1727.2969257379398,8.456375838926174
0,1,56700,30.199087331064902,149.98880041095572,0.17026278998890557,17.824140933015027,65.86861045108351,1976.0583135325053,10.46979865771812
0,1,56850,45.17246852802433,224.35659368918743,0.12321410214692956,30.28663071389787,50.16937697105657,1505.0813091316975,7.248322147651007
0,1,57000,33.22125005453842,164.99887527087418,0.13580448935612885,21.869156362332102,58.04861976987852,1741.4585930963556,8.25503355704698
0,1,57150,46.13358170140517,229.13012245031237,0.5815550823481823,32.606287737181226,52.136312555751736,1564.089376672552,7.046979865771812
0,1,57300,40.347480836523715,200.39248815473445,0.21665060619850576,26.06549443229603,39.41076161878163,1182.322848563449,7.651006711409396
0,1,57450,49.8622768597824,247.64930840358588,0.5922450780932883,30.394900888143926,67.6679511681975,2030.0385350459246,8.456375838926174
0,1,57600,45.72218821313058,227.08686812521523,0.39546562138980373,29.724232538452753,63.90525892261889,1917.1577676785664,7.046979865771812
0,1,57750,42.1977968147957,209.58239084681864,0.3234883912734824,29.977491556166797,63.70938044649875,1911.2814133949626,5.23489932885906
0,1,57900,35.225745166300094,174.95453432595713,0.6861608552193729,25.28734861546405,47.59583486608537,1427.8750459825608,5.033557046979865
0,1,58050,37.48276345223962,186.16439181279011,0.09962330669852841,21.552030066795083,65.02517212766595,1950.7551638299785,8.657718120805368
0,1,58200,15.24985815392825,75.74096216451031,0.3704114361251385,8.782368700981438,91.6310336668634,2748.9310100059024,5.8389261744966445
0,1,58350,21.83307944425184,108.43762790645081,0.7481319761442087,12.73145710435167,64.7806044994108,1943.418134982324,8.456375838926174
0,1,58500,31.76025345842748,157.7425921768565,0.26446112376907516,22.499999999998497,48.80185514086389,1464.0556542259167,7.449664429530201
0,1,58650,35.27875919926619,175.2178373563554,0.34475587417229236,23.59152390160766,55.03495087696127,1651.048526308838,7.248322147651007
0,1,58800,34.564090278693676,171.66831505084525,0.5762415742158441,16.770509831247203,60.224492983965646,1806.7347895189691,9.261744966442953
0,1,58950,38.09720169385596,189.21610174615125,0.032047099154665505,23.123364807052436,58.618650408703814,1758.5595122611146,8.657718120805368
0,1,59100,49.3553270482333,245.1314576728921,0.2053069643091406,33.277019097268415,59.394553845563344,1781.8366153669,7.651006711409396
0,1,59250,42.674685254531774,211.95093676417446,0.5626534751654864,24.74772716836831,57.05351802829928,1711.6055408489785,8.053691275167784
0,1,59400,63.218543467955456,313.9854325575121,0.16254815479098197,38.84044283990576,49.62944141222977,1488.883242366893,8.25503355704698
0,1,59550,62.27224286091462,309.28547287587594,0.05423384819052137,42.34571997262514,35.576103722586765,1067.2831116776026,7.85234899328859
0,1,59700,55.59494846060652,276.12157735434573,0.2526119341509211,39.61022595239747,49.74515245254038,1492.3545735762116,7.046979865771812
0,1,59850,49.793409801173254,247.3072686791605,0.14367335468447315,44.41013397863267,71.33441759428547,2140.032527828564,3.4228187919463084
0,1,60000,54.863973697020256,272.4910693618673,0.19590602523245396,47.83565615730589,63.8560899769598,1915.6826993087939,4.026845637583892
0,1,60150,81.53597954928138,404.9620317614308,0.11151767997542018,52.97102981819506,21.397204577757734,641.9161373327321,9.060402684563758
0,1,60300,82.69174596823316,410.70233830889134,0.06770542448597382,62.72009247442084,40.41846442416991,1212.5539327250972,6.241610738255034
0,1,60450,64.37610499080743,319.73465478767685,0.05402052823021783,53.15420961692449,57.15948140504642,1714.7844421513923,4.630872483221476
0,1,60600,75.40264661967981,374.49981154440974,0.19673623206170918,61.989031287800515,56.62607568041927,1698.7822704125783,5.033557046979865
0,1,60750,62.636962499550265,311.0969137477663,0.2697089922238392,45.168683841794625,49.49798349176946,1484.9395047530843,6.040268456375839
0,1,60900,58.36178397683388,289.86352708494155,0.10274894438193373,43.73213921133952,55.18346212115299,1655.50386363459,6.241610738255034
0,1,61050,67.24125714533682,333.9649104885063,0.10967734638412228,45.62466438232754,49.705838918541275,1491.1751675562384,7.248322147651007
0,1,61200,61.631937483061044,306.1052894992032,0.4345427098265368,42.951367847834796,51.32893799573107,1539.8681398719318,7.449664429530201
0,1,61350,49.43446223991779,245.52449579159173,0.1852449474947365,32.447187859658044,47.94809075080798,1438.4427225242391,7.248322147651007
0,1,61500,42.17625683425335,209.47540894345832,0.1468923328285882,24.68400291686876,54.64771337263277,1639.4314011789832,8.456375838926174
0,1,61650,40.01103306653385,198.7214642304515,0.152663245290067,24.440335513244893,65.59608568136977,1967.8825704410933,9.664429530201343
0,1,61800,35.29182483018998,175.28272998994356,0.27838658447881287,24.242524621003337,65.59020143041501,1967.7060429124504,7.248322147651007
0,1,61950,24.13834474756411,119.88711224623506,0.10707531720426137,19.260841103128964,69.75579822791063,2092.673946837319,5.6375838926174495
0,1,62100,25.320609349494998,125.75902643582515,0.46672201088755516,21.674870241825253,59.98383864910912,1799.5151594732736,3.825503355704698
0,1,62250,35.47257730590665,176.180467286003,0.08991472568732227,27.424988605285858,53.71157040008718,1611.3471120026156,5.4362416107382545
0,1,62400,34.717740733790215,172.4314456444914,0.1297535981982142,28.260573242593743,59.94727276966217,1798.418183089865,5.4362416107382545
0,1,62550,11.473913365177376,56.98710304704764,0.3284860516581376,8.448076704196575,88.92148176737088,2667.644453021126,5.8389261744966445
0,1,62700,29.804791187500808,148.0304628979207,0.34708454737200617,22.89650628371134,60.92466345994168,1827.7399037982502,6.040268456375839
0,1,62850,33.524213861552575,166.50359551237773,0.4438321179119723,27.658633371879475,62.133278754661916,1863.998362639857,6.040268456375839
0,1,63000,37.98162048118466,188.64204838988383,0.33061432825651166,30.001499962502333,61.58492738304039,1847.5478214912114,5.4362416107382545
0,1,63150,42.0183659490073,208.6912175467363,0.1305484940852436,29.70605998782153,82.36408526852496,2470.9225580557486,8.456375838926174
0,1,63300,33.13245722764248,164.55787089729097,0.4095159212810507,15.789236840330274,88.0139217790853,2640.4176533725586,9.060402684563758
0,1,63450,61.46732168853191,305.2876977197085,0.32709039385841154,42.95136784783386,49.15472899297452,1474.6418697892357,8.657718120805368
0,1,63600,81.52391708939165,404.90212154397847,0.4283664930602845,60.249232360255206,27.259853915078637,817.7956174523591,8.25503355704698
0,1,63750,81.87945154266765,406.66794266191596,0.4610328821976211,56.820506861519114,22.704058512165787,681.1217553649735,8.456375838926174
0,1,63900,64.69459702814692,321.31649857312965,0.5441631275171956,41.58004329002194,48.643182338469764,1459.2954701540928,8.657718120805368
0,1,64050,47.7928272282142,237.37104190013054,0.12387283783982986,34.593785569089064,58.5020583155769,1755.0617494673072,7.85234899328859
0,1,64200,75.72724482141243,376.111982613015,0.5742446080401759,31.28785706947682,33.94594348851575,1018.3783046554726,10.872483221476509
0,1,64350,67.14642160486753,333.493893970842,0.5177663069849447,52.81533868110643,45.912255270857294,1377.3676581257191,5.8389261744966445
0,1,64500,50.566787973176496,251.14838026677657,0.12968654797888907,51.53193184812678,69.0488859449997,2071.466578349991,1.4093959731543624
0,1,64650,64.80653701830812,321.87246719093025,0.1747554753023127,51.81669615094993,63.29147131160309,1898.7441393480933,5.8389261744966445
0,1,64800,74.6874672944836,370.9477542292686,0.24021827905075555,63.66011310074766,60.36340109083742,1810.9020327251224,5.6375838926174495
0,1,64950,66.6449336391717,331.0031704078861,0.10658776208571683,56.3401277953813,63.99819392733202,1919.9458178199604,6.040268456375839
0,1,65100,44.1075037930905,219.06726883901618,0.2543898680299682,13.406341782901968,67.8229221911118,2034.6876657333537,13.087248322147651
0,1,65250,21.298228512172685,105.78120161045766,0.15186001403141183,0.0,84.19359686642707,2525.8079059928123,9.463087248322147
0,1,65400,32.29241081234144,160.38564036796242,0.22054084492621118,0.0,96.54457306085193,2896.337191825558,11.879194630872483
0,1,65550,33.92777498799153,168.5079491070246,0.08272702551401671,14.945902448497401,75.30383954067027,2259.115186220108,11.879194630872483
0,1,65700,46.58887390471123,231.39140706006577,0.11619152784862205,39.07492802296523,83.71911593423603,2511.5734780270814,6.644295302013423
0,1,65850,43.06974437855235,213.91306374681,0.005351774105727925,30.0674242328795,84.56989011908585,2537.0967035725757,8.657718120805368
0,1,66000,39.90089318203785,198.17443613745462,0.09947508705767474,24.275913988972444,85.40995663077105,2562.2986989231317,10.268456375838927
0,1,66150,47.711659014583795,236.9679064390995,0.30086868416664997,35.82080401107561,69.56879573965134,2087.06387218954,6.442953020134228
0,1,66300,42.05952992260643,208.89566528227863,0.09643762321808218,29.97749155616597,71.69822716708072,2150.9468150124208,8.25503355704698
0,1,66450,42.600527570447575,211.58262026655632,0.08348566695053998,31.442805218363247,77.45786894062589,2323.736068218777,8.053691275167784
0,1,66600,52.58179695047285,261.1562581873485,0.03766600087343218,33.040883765421746,82.71065683939204,2481.3197051817615,9.664429530201343
0,1,66750,41.2106420762736,204.67952231215884,0.05684038113774822,35.26372073392105,68.69346003824725,2060.8038011474173,4.630872483221476
0,1,66900,46.618337409863635,231.5377424689894,0.04197657532126769,40.610959112041975,70.62235802441285,2118.670740732385,3.6241610738255035
0,1,67050,46.25419619450132,229.7291744326899,0.005375498808857551,41.12736315398803,72.76875214584526,2183.0625643753574,3.4228187919463084
0,1,67200,42.04713523677487,208.83410500931518,0.027640041340543868,33.36615051215796,67.33715210213204,2020.114563063961,4.832214765100671
0,1,67350,39.29523224201787,195.16632013535542,0.014304678889060183,29.693938775447155,58.84958936460262,1765.487680938079,7.046979865771812
0,1,67500,33.324097988690696,165.5096866771638,0.11700609580694707,22.89650628371013,57.95154220106418,1738.5462660319254,7.046979865771812
0,1,67650,51.156580357650675,254.07768244299837,0.2169736906484791,32.336047996007416,47.36155576901199,1420.8466730703597,8.053691275167784
0,1,67800,40.86477398828931,202.96171080850354,0.09131970297623587,25.22855524995531,53.21416638946815,1596.4249916840445,7.248322147651007
0,1,67950,51.436425089120014,255.46757794262942,0.7580181918898803,28.260573242594283,43.431240298660526,1302.9372089598162,10.06711409395973
0,1,68100,55.53389358475963,275.8183381376395,0.5077180939833099,35.21647341798946,38.74305223640887,1162.291567092266,9.463087248322147
0,1,68250,33.117897856662836,164.48555935475878,0.3957676479721253,18.909521411183157,74.91744711641589,2247.5234134924767,8.859060402684564
0,1,68400,33.355231655205316,165.6643172208531,0.21606956171004207,21.850629281556785,58.50330120990366,1755.0990362971102,9.463087248322147
0,1,68550,34.54005749929666,171.5489522465067,0.165556324853514,26.184346468836154,61.41929890491019,1842.5789671473062,6.644295302013423
0,1,68700,43.03666401778117,213.74876462164647,0.29895993538264,30.726210309766575,52.97899488529304,1589.3698465587913,7.449664429530201
0,1,68850,27.679734779680057,137.47601607241094,0.27901372575950817,18.55397531527939,66.7841751551444,2003.5252546543318,7.85234899328859
0,1,69000,33.30361876214766,165.40797318533336,0.2761628151386528,22.55393535505395,55.39228481698286,1661.7685445094855,7.046979865771812
0,1,69150,33.70605786050309,167.40675404049864,0.06733950183518812,20.708693826506696,58.096077085775455,1742.8823125732636,9.463087248322147
0,1,69300,36.85986371191672,183.07065643585298,0.6733330025669085,27.64073081522764,51.240211636977044,1537.2063491093113,6.442953020134228
0,1,69450,28.912459905146797,143.5985508622291,0.15301999746171974,20.96783250600714,55.55238474554003,1666.571542366201,6.845637583892617
0,1,69600,40.1394447228655,199.3592421235653,0.5803333360720614,31.022088904523823,57.1543374205797,1714.630122617391,6.442953020134228
0,1,69750,11.479778272718342,57.016232087834425,0.24737137583428334,7.925906888172668,98.57159128988305,2957.1477386964916,6.442953020134228
0,1,69900,23.996304817952097,119.18164726249537,0.5137982749783868,16.33554406807399,74.65086068601262,2239.5258205803784,8.25503355704698
0,1,70050,30.472838197482485,151.348429714163,0.6443428829446601,20.665188119154486,65.69865048600172,1970.9595145800522,6.644295302013423
0,1,70200,20.09322935422099,99.79637245929759,0.5412853323667196,13.203408650799236,88.0069951521012,2640.2098545630356,7.651006711409396
0,1,70350,30.54926308117407,151.72800663649787,0.2544206682146491,23.396153530014832,62.28837642018675,1868.6512926056027,5.6375838926174495
0,1,70500,24.744815393896435,122.89924978968563,0.06750969593529087,18.976037521044102,60.25740940747158,1807.7222822241472,6.241610738255034
0,1,70650,14.694220577415354,72.98129553449624,0.12238704456983902,11.8869676536942,98.76857270771652,2963.0571812314956,3.4228187919463084
0,1,70800,17.880110322161723,88.80454793340323,0.4818735462734736,13.24424403278771,76.33756835506351,2290.1270506519054,6.241610738255034
0,1,70950,10.789808268809299,53.58938106841951,0.14037245528215747,9.183136719004821,106.80592980695755,3204.177894208727,3.221476510067114
0,1,71100,26.680129591666834,132.51131030527858,0.532969311111304,18.476200908195583,75.48737800494467,2264.62134014834,7.248322147651007
0,1,71250,20.775534854847116,103.18515644574066,0.3938181824410789,15.925451327983534,84.5300437663741,2535.9013129912237,5.23489932885906
0,1,71400,20.48178900979664,101.72621874865663,0.4500984736401426,15.297058540778488,69.5685808265493,2087.0574247964787,7.85234899328859
0,1,71550,8.706364345054622,43.24160958043795,0.36524892405969933,5.3413481444293875,95.55507072428287,2866.6521217284862,6.241610738255034
0,1,71700,18.563413622931193,92.19828766055826,0.5185850674855875,10.435516278555868,72.73890614566855,2182.1671843700565,8.456375838926174
0,1,71850,13.559337046316179,67.34470733003702,0.38389671277974263,9.241753080447856,80.41147511610546,2412.3442534831643,6.845637583892617
0,1,72000,8.348014856641049,41.46180712131721,0.20105149370029515,6.378087487642369,105.70707295315869,3171.2121885947604,5.6375838926174495
0,1,72150,20.854317048856238,103.57644134265264,0.42731428257243326,16.81338752304123,62.61470678888467,1878.4412036665403,5.033557046979865
0,1,72300,18.224305462356,90.5140504630348,0.2989058048700126,15.026975743641989,84.29821360362297,2528.9464081086894,5.4362416107382545
0,1,72450,15.383244895592933,76.40344964811158,0.3100442845487959,9.109335870412627,95.2391712318356,2857.1751369550684,7.651006711409396
0,1,72600,25.567710098626105,126.98629348984295,0.18726902393929123,19.922349259061008,70.7613272370979,2122.8398171129375,6.644295302013423
0,1,72750,24.437809247463665,121.37445259573619,0.2283159029393913,19.00447315765433,69.39423885025992,2081.8271655077974,5.4362416107382545
0,1,72900,23.565873465972984,117.0438382143325,0.20848997658214716,17.415510328440895,79.40082878633721,2382.0248635901166,6.040268456375839
0,1,73050,24.782061074012674,123.08423666759629,0.10630445687382475,19.192967462068857,54.96201372730676,1648.860411819203,6.442953020134228
0,1,73200,17.63331035690498,87.57877477262805,0.24853026088202537,12.244998979174524,83.97371075424174,2519.2113226272522,7.248322147651007
0,1,73350,23.339276570526668,115.91840696694912,0.5574773704832031,20.806249061280486,64.53925930653415,1936.1777791960242,5.033557046979865
0,1,73500,18.82351396491833,93.4901193590944,0.07511656034649301,12.791403363197311,82.68469949546326,2480.540984863898,7.046979865771812
0,1,73650,21.49698436948949,106.7683557017978,0.32136927725067055,15.074813431682081,74.66511464928797,2239.9534394786397,6.644295302013423
0,1,73800,33.53404358277667,166.55241646112412,0.6277186030586939,19.536888186197178,59.00437865657485,1770.1313596972457,6.845637583892617
0,1,73950,16.099715731619362,79.96192146704283,0.47903278902080787,9.143850392475972,87.28775772433657,2618.632731730097,6.040268456375839
0,1,74100,31.224272330536547,155.08055257499825,0.32040406404451016,20.976415327698486,62.666636847063025,1879.9991054118912,8.053691275167784
0,1,74250,23.177472648440204,115.11478082058633,0.10801020860649956,17.760912138737012,53.7910344503724,1613.731033511172,6.241610738255034
0,1,74400,33.75546692281519,167.6521523833154,0.25227140901311057,22.998478210524116,54.49957793957233,1634.9873381871703,8.053691275167784
0,1,74550,30.03135114190106,149.1557106714419,0.7279967018300193,14.894629904769259,64.73596753198849,1942.0790259596547,9.261744966442953
0,1,74700,15.992954971530345,79.43167635860071,0.563999718130646,6.413267497928778,102.21753284192066,3066.5259852576196,7.248322147651007
0,1,74850,30.240552392013452,150.19474354700014,0.45952958760846624,18.98552079875612,73.78453142046182,2213.535942613855,7.449664429530201
0,1,75000,10.560815157919508,52.452048617666904,0.037009740713039474,9.529428104560111,113.27026523162817,3398.1079569488456,2.8187919463087248
0,1,75150,36.89850346888223,183.26256722878176,0.7649500276039894,21.74120511839419,61.62255814250125,1848.6767442750374,7.651006711409396
0,1,75300,39.18980472574153,194.64269680451628,0.2806131188413852,30.85190431723792,46.76525788915541,1402.957736674662,6.241610738255034
0,1,75450,37.3984011530748,185.74539239360485,0.5442937777490874,20.708693826507783,48.060020403591984,1441.8006121077597,8.859060402684564
0,1,75600,42.836465047884715,212.7544430711607,0.484444968256465,28.23349075123571,49.80001703006902,1494.0005109020703,8.25503355704698
0,1,75750,45.854245345197995,227.74275188115,0.16943637992215368,29.917386249471292,45.052150889595424,1351.5645266878626,8.456375838926174
0,1,75900,37.82493760515486,187.86385677226917,0.30843291260583316,21.7846276075602,53.19219193376145,1595.7657580128434,9.463087248322147
0,1,76050,31.199947887570055,154.95974117493125,0.363554187153353,22.41985726984098,47.903160127759534,1437.0948038327858,6.845637583892617
0,1,76200,12.878678210366358,63.96410177815291,0.40909992294591463,8.00499843847555,95.90842045060927,2877.252613518278,5.23489932885906
0,1,76350,39.76086514007483,197.4789635290383,0.22391251324208103,27.24059470716383,54.84396605139532,1645.318981541859,8.456375838926174
0,1,76500,3.3242611127868646,16.510496860174758,0.14817273805869882,3.0594117081562326,114.59593015159818,3437.877904547946,2.4161073825503356
0,1,76650,36.92263210232927,183.3824061082354,0.18813007805948945,14.821943192441559,61.89800587051741,1856.940176115522,10.872483221476509
0,1,76800,36.55374172336774,181.55025055939313,0.2783522383746871,24.016869071550236,50.36448928795397,1510.934678638619,9.060402684563758
0,1,76950,37.013275171271204,183.8326000173136,0.4321504396953251,26.106895640807362,56.2332328027521,1686.9969840825631,7.449664429530201
0,1,77100,22.285154148099664,110.68293226889499,0.2819467514332968,13.583077707206012,66.05046230052224,1981.5138690156675,7.651006711409396
0,1,77250,25.778866253851792,128.0350357274639,0.2857272705257605,13.529966740535222,75.09970829545696,2252.9912488637087,9.060402684563758
0,1,77400,31.60284091632397,156.96077655107567,0.17878836125619763,23.64487259428395,50.148474491580245,1504.4542347474076,5.6375838926174495
0,1,77550,43.91533854669246,218.11284811523922,0.8176577831836347,22.36358647444416,46.41839277665369,1392.551783299611,10.268456375838927
0,1,77700,12.659063452364189,62.87334848007548,0.34503287615773265,7.523961722389881,100.33240912545382,3009.9722737636143,7.046979865771812
0,1,77850,37.89424467332366,188.20808187750754,0.7664831705253393,21.633307652782708,66.1726665056793,1985.1799951703797,8.859060402684564
0,1,78000,36.523923491027986,181.40215333877234,0.3066349450481001,18.667619023323553,50.75316053755824,1522.5948161267472,9.664429530201343
0,1,78150,88.02282210239858,437.18001644191287,0.06781011132786491,55.429414573854174,40.88244973017158,1226.4734919051475,8.657718120805368
0,1,78300,90.59208254887665,449.9406766594208,0.2275912727363686,54.21374364494661,31.751932273337996,952.5579682001402,9.463087248322147
0,1,78450,65.01930884135876,322.9292339120819,0.1314711844409837,33.68827689271231,44.36946782122712,1331.0840346368136,9.664429530201343
0,1,78600,54.112195195214184,268.7572361362304,0.2665571198257438,33.71364708838311,48.71022805871644,1461.3068417614932,8.25503355704698
0,1,78750,62.556390869389375,310.6967413179671,0.27502521559663745,40.66743168679305,48.10541443200031,1443.1624329600095,7.651006711409396
0,1,78900,70.47469177148294,350.02430246503184,0.14852356429762859,40.120443666540794,48.2029991949581,1446.0899758487433,10.268456375838927
0,1,79050,120.77597963712603,599.854032197726,0.009736058647095326,87.79396334600764,23.542138475841416,706.2641542752423,8.053691275167784
0,1,79200,109.10695380676347,541.8978705735918,0.06373818096130503,75.51542888708214,21.73844813785785,652.1534441357355,8.25503355704698
0,1,79350,98.66291861956562,490.02582914384266,0.05338681712362275,68.01470429252716,29.930604298891947,897.9181289667582,8.456375838926174
0,1,79500,82.74583972940093,410.97100398935794,0.2088729367528808,57.531208921766265,40.68779950205849,1220.6339850617544,7.651006711409396
0,1,79650,100.43116670058399,498.8081279462337,0.013753849756991057,68.12048150152768,27.542429785865487,826.2728935759646,9.463087248322147
0,1,79800,94.18952443840509,467.8079713774119,0.16301658719127937,70.48723288653034,30.10803236411619,903.2409709234857,7.651006711409396
0,1,79950,75.62330522392516,375.59574927882824,0.21051443624033728,48.21047603996351,40.416254201761625,1212.4876260528488,8.053691275167784
0,1,80100,47.76487979291071,237.2322363047899,0.21439496065992564,23.363432966924403,62.93920759498054,1888.1762278494164,9.463087248322147
0,1,80250,87.23594292552359,433.2718498634339,0.09500609004680766,53.589271314322836,35.66014179712222,1069.8042539136666,9.261744966442953
0,1,80400,99.64367271506038,494.89690781813323,0.11010764748113067,65.63078545926476,31.261851669857194,937.8555500957157,9.060402684563758
0,1,80550,104.1184415668288,517.1215931152498,0.06352109693768546,71.35712998713035,26.52826961931797,795.8480885795393,9.060402684563758
0,1,80700,91.76315137836662,455.7569851792209,0.05211809324271336,59.10685239462592,32.654226660039875,979.6267998011963,9.060402684563758
0,1,80850,76.56470237649756,380.2713551366046,0.08509790764955667,47.97186675542169,40.53312481206181,1215.9937443618542,8.456375838926174
0,1,81000,108.76327637428736,540.1909393256271,0.06826096392600046,65.35388282267719,28.459893786028324,853.7968135808496,10.06711409395973
0,1,81150,96.04897997801251,477.0432672241287,0.08972404647119307,62.40937429585308,29.020125998071773,870.6037799421534,9.060402684563758
0,1,81300,83.85605330381013,416.485064742257,0.08668608154160122,52.50342845948255,39.44048272013517,1183.214481604055,8.456375838926174
0,1,81450,97.57680362198204,484.63145798917753,0.2610153477981612,62.65476837400303,31.47473549795369,944.2420649386104,9.060402684563758
0,1,81600,108.08686189026405,536.8314140549782,0.04081423805200666,67.96705084083115,28.44122653173667,853.2367959521002,10.06711409395973
0,1,81750,95.96216782946142,476.6121002196585,0.05717714899880964,57.61249864395759,28.326578425864177,849.7973527759252,9.463087248322147
0,1,81900,79.88692886259732,396.77174668423334,0.12246421528229215,50.14399266113529,41.12361556112303,1233.708466833691,8.859060402684564
0,1,82050,56.64577343410031,281.3406747226983,0.08290292221096086,30.23011743278571,49.8969718753254,1496.9091562597619,9.463087248322147
0,1,82200,89.07654276880508,442.41349575173194,0.08993821334243597,57.082834547699214,36.051568447730105,1081.547053431903,9.060402684563758
0,1,82350,74.8340676288563,371.67586922331964,0.28739803513963835,48.679564500927896,43.17610033862397,1295.283010158719,9.060402684563758
0,1,82500,43.12493411435188,214.18717276794763,0.2080539092776344,24.689471440272285,58.66618555719863,1759.9855667159588,9.261744966442953
0,1,82650,65.43397799374229,324.98875736892,0.08915278195544647,42.03534227290247,41.412672735707204,1242.380182071216,9.060402684563758
0,1,82800,65.53202499147943,325.47572412434783,0.2210587362489105,36.32354608239734,54.00541791659919,1620.162537497976,9.664429530201343
0,1,82950,20.640205477490372,102.51302053820218,0.16932470181123183,12.369316876852485,90.74444783714902,2722.333435114471,6.845637583892617
0,1,83100,50.77810344032744,252.1979137536263,0.13801358359954666,27.945124798432204,60.77602333953941,1823.2807001861818,8.859060402684564
0,1,83250,58.11547810110758,288.64020790216773,0.19168905475956138,34.51173713390781,56.28143693060673,1688.4431079182016,8.859060402684564
0,1,83400,69.57682473820614,345.5648961997572,0.17883735674810386,47.01201973963584,41.15266524278292,1234.5799572834876,7.85234899328859
0,1,83550,68.5455571436146,340.4429338132859,0.1529186136553894,40.67849554740175,35.381108395572376,1061.433251867171,9.664429530201343
0,1,83700,63.53472876974757,315.55581955641287,0.25944749246562404,38.223814566313884,45.45376448997872,1363.6129346993614,9.261744966442953
0,1,83850,72.43588231049938,359.7648821421469,0.17795519947084515,43.342473395042376,40.38866069616281,1211.6598208848843,8.25503355704698
0,1,84000,61.9530704593568,307.7002499481388,0.1599736173049543,37.99473647757012,44.543795393695014,1336.3138618108503,9.664429530201343
0,1,84150,70.25826665618082,348.9493910590314,0.08832708901397789,44.25788065418434,47.31836917236306,1419.5510751708919,8.25503355704698
0,1,84300,76.0552807023551,377.7412274883637,0.09666776672287845,43.101972112654416,44.05972174140166,1321.7916522420498,10.268456375838927
0,1,84450,79.47549772938673,394.72830538928747,0.11977280598565689,47.72357907785304,41.93651642432373,1258.0954927297119,9.463087248322147
0,1,84600,64.51046244265085,320.40196346516586,0.06016696574437456,35.53702294790515,48.3044646927902,1449.133940783706,9.463087248322147
0,1,84750,101.66958666111861,504.9589470835558,0.05137303579350661,59.79715712306043,30.197859376789282,905.9357813036784,11.073825503355705
0,1,84900,80.47818587128677,399.70832316072426,0.08159295632840463,50.707987536482136,34.09561293011849,1022.8683879035549,9.463087248322147
0,1,85050,87.17174762644338,432.9530132113355,0.04388177642235938,52.835783329103485,31.350005559052548,940.5001667715765,9.463087248322147
0,1,85200,71.59854971137811,355.60613023317796,0.1974210868968198,41.155801535142004,43.95087464018094,1318.5262392054283,10.06711409395973
0,1,85350,61.33752765111546,304.6430540005401,0.36540331466035186,33.27296199619169,51.23140374261607,1536.9421122784822,10.268456375838927
0,1,85500,87.06579328339305,432.42677330751883,0.1459773624036525,53.988332072772096,36.38372744552219,1091.5118233656654,9.664429530201343
0,1,85650,47.26444448302855,234.74674093237508,0.27410008446210055,27.365854636755348,49.98562364099073,1499.568709229722,7.85234899328859
0,1,85800,30.327817327453154,150.6281593930173,0.27084607154826235,16.12761606685948,60.96813975883174,1829.0441927649524,8.053691275167784
0,1,85950,30.220933920687923,150.09730513941665,0.5313173861443574,15.373353570382811,71.41818982779247,2142.545694833774,8.859060402684564
0,1,86100,32.933967078353014,163.57203648915328,0.22324355646162924,21.136697944569853,58.694897146207005,1760.8469143862103,9.261744966442953
0,1,86250,31.499518208968578,156.44760710454398,0.22234095724177827,23.5227549406945,54.9406375312324,1648.2191259369722,8.053691275167784
0,1,86400,33.35452798150427,165.66082230813788,0.18631058408952467,22.92596780945104,54.92987038086066,1647.8961114258198,7.449664429530201
0,1,86550,35.15318344645638,174.59414445073335,0.1745808489099416,23.63154671196945,55.996282875333435,1679.8884862600032,8.25503355704698
0,1,86700,42.547989202912056,211.3216797077965,0.1957477659491028,35.6886536591112,57.497131178233175,1724.9139353469955,4.832214765100671
0,1,86850,39.03576048864895,193.87761042695644,0.23254744402029032,31.408438356594576,55.39918995354958,1661.9756986064874,5.4362416107382545
0,1,87000,40.746962216104116,202.37657900665042,0.24091311997750556,30.62058131388093,51.67377832471481,1550.2133497414445,7.248322147651007
0,1,87150,38.20872245188779,189.76998817770934,0.25426465180174274,31.592720680562106,54.688370985873476,1640.651129576204,5.4362416107382545
0,1,87300,39.21267799116238,194.75630068943985,0.2281958280712415,29.947453981931837,48.403303280344424,1452.0990984103328,5.6375838926174495
0,1,87450,22.173149600928344,110.12664301794413,0.09528010888028517,12.182364302547464,77.25678101844946,2317.7034305534844,9.463087248322147
0,1,87600,41.0454099339766,203.85886933875042,0.1480394182924401,30.513111935690606,52.37748314755678,1571.3244944267035,5.4362416107382545
0,1,87750,28.778429704141036,142.93286753056714,0.1869382500586587,18.74459922217519,56.04413180197911,1681.3239540593734,8.859060402684564
0,1,87900,30.149342865853,149.74173623373656,0.2054524474290136,21.10260647408302,55.68526127881532,1670.5578383644597,8.456375838926174
0,1,88050,30.436774548430126,151.16931359053632,0.1699415241596421,21.064187617851132,54.677263381547974,1640.3179014464397,8.859060402684564
0,1,88200,33.70370031244193,167.39504488512824,0.18491065544042348,23.661994844053183,49.38888473938772,1481.6665421816315,8.657718120805368
0,1,88350,32.01427902041851,159.00425246807862,0.07875017881738176,24.418230894149467,54.20683505269003,1626.2050515807005,6.644295302013423
0,1,88500,34.222474035434445,169.97162104265777,0.06769313285065572,24.596341191324992,51.31503726581253,1539.4511179743754,7.248322147651007
0,1,88650,33.37127812194786,165.74401467234105,0.07639631069640748,22.965191050805252,51.72215440381303,1551.6646321143912,8.25503355704698
0,1,88800,34.154018479628256,169.63162511548705,0.07835670762209916,26.53770901943087,57.92148870596707,1737.6446611790125,6.241610738255034
0,1,88950,32.89945131577224,163.40060820166877,0.026100758627023303,28.094483444265087,60.55797591558408,1816.7392774675225,4.832214765100671
0,1,89100,39.1655866399408,194.52241364503925,0.018367610758547048,27.621187519728238,58.011198853307135,1740.3359655992142,6.442953020134228
0,1,89250,35.061816506452494,174.1403553153807,0.1352015500015614,25.894014752448076,59.78940498768082,1793.6821496304249,6.241610738255034
0,1,89400,23.886892354059896,118.63823202516414,0.07304123725224582,18.78297101099793,53.004897878690265,1590.1469363607077,5.4362416107382545
0,1,89550,25.826002635315287,128.26914642206592,0.24458277826084177,18.124568960391365,49.92347988998283,1497.7043966994847,6.442953020134228
0,1,89700,30.76236041000735,152.78639003636988,0.034688830142398694,21.06418761784989,69.30808901929713,2079.242670578914,7.85234899328859
0,1,89850,33.96149458880679,168.67542312440702,0.04022355697227852,28.39242856819403,59.461746370299544,1783.8523911089865,5.23489932885906
0,1,90000,34.7299104991999,172.49188881269288,0.07932104375132391,26.239283526803092,58.5862907650266,1757.5887229507982,6.040268456375839
0,1,90150,31.230305423421658,155.11051693632757,0.03658827898846883,22.817756243766187,55.173177741316785,1655.1953322395034,7.651006711409396
0,1,90300,29.282933142517397,145.43856794116977,0.038225489181932894,21.604166264865665,60.37906816100323,1811.372044830097,6.845637583892617
0,1,90450,33.65662656326653,167.16124526422377,0.034784495035600674,30.127230207903178,58.67751282741889,1760.3253848225663,3.4228187919463084
0,1,90600,25.911229080658703,128.69243776727154,0.01379667773227962,14.727525250360516,59.70723188842016,1791.2169566526047,10.46979865771812
0,1,90750,26.35417821663873,130.89241847597236,0.03939517583165162,17.864489917150763,54.354010762776824,1630.6203228833047,7.651006711409396
0,1,90900,35.29370458267934,175.29206609397409,0.06041634066798984,28.348015803580147,54.58275158773309,1637.482547631993,5.8389261744966445
0,1,91050,35.95991162585399,178.60089440840812,0.018809312625413983,29.340245397747367,51.84903615813707,1555.471084744112,4.832214765100671
0,1,91200,37.53873863739632,186.4424018990684,0.23388761284136456,30.0,48.79151302924703,1463.745390877411,5.8389261744966445
0,1,91350,17.124622266685577,85.05229059120504,0.28899411525329394,12.211879462228902,76.43640266676755,2293.0920800030267,5.6375838926174495
0,1,91500,31.634591432228017,157.11847078006585,0.2966875361331162,17.580102388779594,54.34005509293538,1630.2016527880614,8.053691275167784
0,1,91650,33.92668742987408,168.5025475683746,0.22024074353461473,28.220737056285667,54.16568200294202,1624.970460088261,4.429530201342282
0,1,91800,37.99455359555344,188.70628285791545,0.08479136064765906,28.301943396168657,47.68614249249108,1430.5842747747326,6.845637583892617
0,1,91950,22.356880284525936,111.03917207981215,0.2361254654311143,13.097327971765006,76.01705489116256,2280.511646734876,8.25503355704698
0,1,92100,10.34863150382532,51.39820313566576,0.1441276296701027,7.523961722390629,101.15250361207694,3034.5751083623077,5.033557046979865
0,1,92250,33.065317696312455,164.22441122501854,0.1527393295520384,27.324714088164946,55.13073208050496,1653.921962415149,4.630872483221476
0,1,92400,28.203086416559806,140.07532920224702,0.05190020357566297,22.483994307062392,49.48161966612366,1484.4485899837098,5.23489932885906
0,1,92550,27.82949078818595,138.21980424799017,0.04446492778975512,26.04649688537546,55.53892908849666,1666.1678726548996,1.610738255033557
0,1,92700,26.2823377238094,130.53561069492002,0.06599388164320914,22.693170778891343,54.09245970274636,1622.773791082391,4.630872483221476
0,1,92850,28.92154438963545,143.6436704685227,0.16516541018491246,24.610973162394288,50.469151168977405,1514.074535069322,4.832214765100671
0,1,93000,23.930608653848488,118.85535631411413,0.2288190614613617,19.432961688841544,51.02721045948933,1530.81631378468,5.033557046979865
0,1,93150,42.30970125042724,210.13818287712195,0.41284482330910344,29.138634147811462,56.7984462511691,1703.9533875350735,7.248322147651007
0,1,93300,25.644138804229033,127.36588939433753,0.5348628020885815,13.06981254647535,69.97184050111728,2099.155215033519,8.25503355704698
0,1,93450,27.09031523675317,134.54856567587404,0.3784729301327692,20.12461179749719,52.77681027857665,1583.3043083572993,6.845637583892617
0,1,93600,21.68511799013481,107.70275268433622,0.07197479589753329,18.263077506268413,61.277440132677526,1838.3232039803263,5.4362416107382545
0,1,93750,36.90631148850591,183.30134705957937,0.18242168121956315,26.715164233072116,50.35239954656347,1510.5719863969039,7.85234899328859
0,1,93900,27.38491035828109,136.0117214461294,0.08356999602970673,18.959430371189843,50.930946035931946,1527.9283810779586,7.449664429530201
0,1,94050,10.99443141289363,54.60567601737169,0.12821534512280827,5.7939623747485065,88.09325414849106,2642.797624454731,7.449664429530201
0,1,94200,24.206274941188134,120.22449887456774,0.25545687773878134,19.892963580120757,68.17900172552919,2045.3700517658758,5.8389261744966445
0,1,94350,29.89566915606279,148.48182347511184,0.27953009509668275,24.44953987297101,41.49666699381081,1244.9000098143244,5.6375838926174495
0,1,94500,25.887068326589763,128.57243935539583,0.05816114924411161,16.36856743884332,55.013162497047084,1650.394874911413,8.25503355704698
0,1,94650,24.275493264240335,120.56828321239365,0.12853083066376472,14.921796138535242,51.95150384019397,1558.5451152058192,8.053691275167784
0,1,94800,10.774166339754675,53.51169282078156,0.04629751451381099,8.077747210701439,101.71972948392657,3051.591884517797,5.4362416107382545
0,1,94950,17.674770090414082,87.7846914490566,0.10562096469015649,11.947384651044494,64.9192019144777,1947.5760574343308,7.449664429530201
0,1,95100,21.97442606628802,109.13964946256382,0.09544358062923038,14.818906842273666,57.49952020097719,1724.985606029316,9.060402684563758
0,1,95250,19.51918264559764,96.94527380646828,0.29073330162620314,15.697770542341546,75.82669859081363,2274.800957724409,4.630872483221476
0,1,95400,12.867210946149823,63.907147699210796,0.042791529958405794,11.164676439556827,98.30742024234209,2949.2226072702624,3.221476510067114
0,1,95550,18.088109683732135,89.83761142920292,0.027181321444429186,12.535549449465082,51.22386403881124,1536.7159211643375,7.248322147651007
0,1,95700,29.15267209173041,144.79160472226104,0.11025371417060187,20.604125800432033,48.346303265078376,1450.3890979523514,6.845637583892617
0,1,95850,28.31885328347917,140.65030464127986,0.22625746800274416,15.428869044747481,63.27425285108376,1898.227585532513,8.456375838926174
0,1,96000,10.06094380808879,49.969354246841,0.09245948362021564,7.523961722390629,98.1355553816083,2944.066661448249,3.825503355704698
0,1,96150,19.23028460834068,95.51041355475871,0.22447311016905958,12.535549449465082,67.04380076137582,2011.314022841275,7.449664429530201
0,1,96300,9.915725301871438,49.24810233262814,0.02815423126400536,7.517978451685785,89.44854318735568,2683.45629562067,5.033557046979865
0,1,96450,18.211378886726298,90.4498484707406,0.31050135112832183,9.868130522039317,70.24057530263079,2107.2172590789237,9.865771812080537
0,1,96600,16.869449087914646,83.78493046997606,0.17750197283009103,10.344563789741374,79.05250761465551,2371.5752284396654,8.053691275167784
0,1,96750,16.99646355306998,84.41576898024758,0.10041226948780756,12.343824366864057,70.97474609834889,2129.2423829504664,7.449664429530201
0,1,96900,10.40409521985007,51.67367292525536,0.2434420891636038,8.746427842268478,85.57336135554979,2567.200840666494,3.825503355704698
0,1,97050,38.27791054337531,190.11362236543076,0.18576145229039828,20.369094236121807,65.81737691058552,1974.521307317566,9.463087248322147
0,1,97200,37.297526226038464,185.24438025599108,0.05228765931256606,23.183614903633647,46.31722418277049,1389.5167254831147,7.449664429530201
0,1,97350,13.366733542306608,66.3881099267895,0.3752588784088606,8.188406438373008,103.61879623999326,3108.563887199798,5.033557046979865
0,1,97500,24.031824807880962,119.35806321247544,0.348993841239934,14.252368224263998,67.0900499815024,2012.701499445072,9.060402684563758
0,1,97650,43.48947344255249,215.9977180980107,0.434655786113358,26.508866441250944,52.21401938562042,1566.4205815686123,10.268456375838927
0,1,97800,15.5851248136711,77.40611990789981,0.25193996057868323,8.40535543567231,87.64513786403889,2629.3541359211663,7.248322147651007
0,1,97950,17.586366402557747,87.34561979937017,0.14207666511448858,12.955693729013772,78.99197470193344,2369.7592410580037,7.046979865771812
0,1,98100,22.73732828414641,112.92873047792716,0.06293433935211191,14.647866738880813,67.17355264364414,2015.206579309324,8.053691275167784
0,1,98250,22.874868820435424,113.61184847482927,0.27143791720987653,8.590692637966693,80.67082478655483,2420.124743596645,9.865771812080537
0,1,98400,51.24247309167741,254.50428302199776,0.38611713827955446,34.550832117330444,48.06753553284877,1442.026065985463,7.85234899328859
0,1,98550,42.831771113808536,212.73112986524904,0.5414014641238607,23.131147831441258,56.367941330232085,1691.0382399069622,8.25503355704698
0,1,98700,29.941203696470822,148.70797835913845,0.16155955701614563,21.319005605326034,59.72025444721201,1791.6076334163604,6.442953020134228
0,1,98850,30.19181081897162,149.9526604008924,0.28456362978866273,21.90821763631183,58.31613872209499,1749.4841616628496,5.4362416107382545
0,1,99000,52.348329913100834,259.99670523506745,0.6666591154804006,34.83231258472387,40.60859633698279,1218.2578901094837,6.644295302013423
0,1,99150,49.95988950817955,248.13411789062513,0.7410343384633051,27.614670014324435,38.03081766485286,1140.9245299455858,8.25503355704698
0,1,99300,40.71135130372928,202.19971147518874,0.44951148747868935,27.05993348107056,47.51708968307298,1425.5126904921894,7.248322147651007
0,1,99450,41.374610981214985,205.49390120670108,0.6248981254238192,21.902054698133668,53.29634092944548,1598.8902278833646,8.053691275167784
0,1,99600,36.79382410001028,182.74265969671774,0.2471126419566578,22.865038814750513,52.38974239019038,1571.6922717057114,7.85234899328859
0,1,99750,37.790606389307854,187.6933450668957,0.3685515608167677,24.552392958729634,49.31824353267717,1479.5473059803155,7.651006711409396
0,1,99900,37.76219517457899,187.55223603374236,0.3676824273354654,22.8709422630547,46.112360229440114,1383.3708068832034,8.053691275167784
0,1,100050,38.32441741186806,190.34460647894468,0.3311236512689647,23.123364807051992,45.57712463349154,1367.3137390047461,7.248322147651007
0,1,100200,34.70652576471663,172.37574463142587,0.4411977703462991,16.06051057718813,49.805858876099904,1494.1757662829975,10.671140939597315
0,1,100350,22.82275376792715,113.35301038070484,0.2427180893338022,13.32553938870785,77.96679981092231,2339.0039943276693,7.046979865771812
0,1,100500,22.393241428634393,111.21976576221748,0.11514971121189431,11.356495938449012,80.5474556566799,2416.4236697003976,8.657718120805368
0,1,100650,23.800934201872938,118.21130653596893,0.09492883900929247,10.81665382639192,79.75243750190648,2392.573125057195,10.46979865771812
0,1,100800,15.000293966673619,74.50146003447897,0.10750294076116367,8.82326470191197,102.5753387019425,3077.2601610582747,6.040268456375839
0,1,100950,27.50242845000337,136.59539463501673,0.39183297131227834,15.64608577248488,67.49737427649232,2024.92122829477,9.060402684563758
0,1,101100,18.142049670606244,90.10551336401102,0.14885829062287304,12.237646832622215,77.02320821563228,2310.696246468969,6.442953020134228
0,1,101250,22.571403615541765,112.10463795719076,0.059264557174529685,13.024976007655683,82.57454827990907,2477.2364483972724,9.060402684563758
0,1,101400,27.69007700986836,137.52738248234618,0.052347403219993795,14.80979405663684,77.2393041452673,2317.1791243580187,9.463087248322147
0,1,101550,27.10259522967209,134.60955630737135,0.2648520405955096,16.47543626129616,66.9139939953972,2007.4198198619156,7.651006711409396
0,1,101700,23.947382785209804,118.93866783320868,0.5101347504192767,13.069812546475402,86.59847898141932,2597.9543694425793,7.248322147651007
0,1,101850,28.09832435607328,139.5550109684973,0.06779537182227233,18.909521411183157,88.94828235952278,2668.448470785683,7.449664429530201
0,1,102000,21.089363906556315,104.74384073589637,0.1387711734479052,15.443445211480856,96.79604727032653,2903.881418109795,6.644295302013423
0,1,102150,28.072658672743113,139.42753807462412,0.28727209012728716,13.476646467129674,70.72412863684553,2121.723859105366,10.46979865771812
0,1,102300,26.263849666095187,130.44378667493945,0.027038109283629364,17.76091213873857,67.28181142170398,2018.4543426511193,8.456375838926174
0,1,102450,29.80551037822252,148.03403487850517,0.07641520482333414,15.877342346879296,71.54715444706781,2146.4146334120346,10.06711409395973
0,1,102600,26.75863122690365,132.9012017602881,0.08409026177535674,14.261837188805222,71.15540881602355,2134.6622644807067,9.463087248322147
0,1,102750,26.530949928332987,131.77038464405382,0.049554505345223876,14.128694207179853,73.7641995280291,2212.9259858408727,8.657718120805368
0,1,102900,31.81909280615062,158.0348276038814,0.14882780569475532,21.06418761785026,55.51416918988006,1665.4250756964018,8.456375838926174
0,1,103050,31.049436695074064,154.21220225220122,0.034204683800721294,19.820443990990576,66.9043102169751,2007.1293065092534,9.060402684563758
0,1,103200,32.76221410312647,162.71899671219484,0.311840145893627,17.64652940382089,73.09230796890313,2192.7692390670936,10.268456375838927
0,1,103350,35.8692886641563,178.15080036530958,0.294172135815182,22.12690669750269,64.73516543602815,1942.0549630808446,8.456375838926174
0,1,103500,35.177832602404514,174.71656859194246,0.07117144192825794,19.428329830430325,72.99210015193883,2189.763004558165,9.463087248322147
0,1,103650,33.38156955841412,165.7951288067901,0.33910106994494005,21.068459839294373,64.9157508503124,1947.4725255093722,7.449664429530201
0,1,103800,34.40080133570795,170.8573133006828,0.46487471792171997,22.000454540756053,61.277060914778026,1838.3118274433405,8.053691275167784
0,1,103950,24.359151521092965,120.98378588809507,0.05901761972043181,15.3733535703824,76.29853772232987,2288.956131669896,7.651006711409396
0,1,104100,28.168399330725602,139.9030500092705,0.10160491367314656,19.777259668619227,57.507359137408784,1725.2207741222637,6.845637583892617
0,1,104250,22.702568294255205,112.75608919480085,0.07737492774878425,11.525623627379233,80.65698315818832,2419.70949474565,9.664429530201343
0,1,104400,25.795468546222242,128.11749377957048,0.03884720958848062,16.810710871345037,87.13561035563451,2614.0683106690353,8.053691275167784
0,1,104550,18.431458568668315,91.54291089105263,0.06788135296920907,13.148764200485758,97.51197030086382,2925.3591090259147,5.6375838926174495
0,1,104700,22.056594424144816,109.54775230658592,0.2678702813819685,14.477914214415753,74.54884485465051,2236.465345639516,7.449664429530201
0,1,104850,20.826373639098154,103.43765574085418,0.16957716276452658,14.700000000000273,77.7621326825691,2332.8639804770733,5.23489932885906
0,1,105000,18.631434635192875,92.53612535479128,0.09272444966607891,10.653168542737632,87.78040039937927,2633.4120119813774,7.651006711409396
0,1,105150,29.68587671234661,147.43985433798815,0.1478801868992178,18.161773041198643,51.17968279249362,1535.3904837748084,10.46979865771812
0,1,105300,23.188218736025195,115.1681530555918,0.16976511255847784,18.04993074778995,59.90330609712809,1797.0991829138422,5.033557046979865
0,1,105450,36.41957942551715,180.88391114673516,0.1697610886701588,24.390571949012564,44.13780141155813,1324.134042346744,6.845637583892617
0,1,105600,31.65293972129136,157.20960061574712,0.22646236225630087,26.139625092950276,52.3577434519188,1570.7323035575641,4.630872483221476
0,1,105750,34.81261445209268,172.90265177872698,0.23411019303691447,23.210773360661623,51.62333370338691,1548.7000111016075,5.23489932885906
0,1,105900,32.23616364111178,160.10627941752182,0.3005904198171096,25.612692166190467,56.40097364589139,1692.029209376742,5.4362416107382545
0,1,106050,34.36029149085351,170.65611440457246,0.2960127252264224,22.707047364198438,59.83609290041725,1795.0827870125172,8.053691275167784
0,1,106200,72.7110530021712,361.1315632441169,0.8698614119919333,43.10823587204714,11.722731215219422,351.68193645658266,9.463087248322147
0,1,106350,67.47964030687918,335.1488801908332,0.7581427892299639,38.23676241524671,16.002339678587777,480.0701903576332,9.261744966442953
0,1,106500,14.06786070460401,69.87037483286659,0.44769551960142523,8.8232647019119,100.74016199630307,3022.204859889092,4.228187919463087
0,1,106650,10.247081519002023,50.89383821104339,0.006269150331083286,10.322790320451974,115.93509447818842,3478.052834345652,0.40268456375838924
0,1,106800,29.73673248361997,147.69243800197918,0.6534746439484523,17.311845655505678,78.25567151559542,2347.6701454678628,6.845637583892617
0,1,106950,27.408982128676833,136.1312779057616,0.40803497818533135,16.475436261294274,65.5115719536816,1965.347158610448,7.248322147651007
0,1,107100,17.02919753891332,84.57834777660281,0.3011067583457093,9.486832980505273,77.99875685251716,2339.9627055755145,7.046979865771812
0,1,107250,16.880513513456833,83.83988378350227,0.16218844196973395,10.60660171779785,104.03870773091174,3121.161231927352,5.23489932885906
0,1,107400,48.40521985026219,240.4125919229689,0.5658675302925217,25.935689695860816,54.12333349458371,1623.7000048375112,8.657718120805368
0,1,107550,27.10312141681519,134.61216970351543,0.2639636849477806,15.611534197509643,57.56299502034742,1726.8898506104224,9.060402684563758
0,1,107700,29.109809285228557,144.5787194499685,0.17757695364832798,15.241062955057943,70.98782613670824,2129.6347841012475,9.865771812080537
0,1,107850,10.00163248622295,49.67477468157399,0.05040620611930553,6.1846584384280625,100.36362718754143,3010.9088156262433,5.033557046979865
0,1,108000,19.578102985225776,97.23791149328801,0.14559265205331692,10.357605900978848,81.74120518796032,2452.2361556388096,7.85234899328859
0,1,108150,14.152070912634237,70.28861886608337,0.3988212821532328,8.746427842267842,107.05127654676009,3211.538296402802,4.026845637583892
0,1,108300,30.25772750584571,150.28004661236702,0.1548358352350729,18.667619023325965,62.9791452966074,1889.374358898222,7.449664429530201
0,1,108450,24.14593983122337,119.92483449507608,0.1488083090439908,16.66283289239749,60.85516290052947,1825.6548870158842,7.449664429530201
0,1,108600,22.465349826181512,111.57790413670152,0.29052080907618,8.736131867136583,65.607871963063,1968.23615889189,10.872483221476509
0,1,108750,36.48100141761653,181.18897370749545,0.17571017382261586,16.36856743884243,66.32475350240055,1989.7426050720167,11.275167785234899
0,1,108900,6.484191230160301,32.20481644312949,0.12662556003157566,0.0,72.33657252720181,2170.0971758160545,4.630872483221476
0,1,109115,29.01796375975705,144.12255334012667,0.10540335480679273,13.645878498652875,72.95634671948527,2188.6904015845575,8.859060402684564
0,1,109265,26.4915758806898,131.57482687409268,0.063712482881302,9.716480844420575,77.28144936308934,2318.44348089268,11.073825503355705
0,1,109415,19.67880884477409,97.73808392904465,0.06057807952496266,8.448076704196378,81.78314398802759,2453.4943196408276,7.449664429530201
0,1,109565,20.780949864610832,103.2120509942338,0.1207434078678998,10.084641788382584,85.90843733835096,2577.2531201505294,9.865771812080537
0,1,109715,23.491130299937872,116.67261382302479,0.10899406949673042,14.252368224262742,77.22852376248566,2316.8557128745697,8.657718120805368
0,1,109865,21.753193198990814,108.0408595549877,0.10375968408573522,14.515164484083549,81.45220823260937,2443.5662469782806,8.25503355704698
0,1,110015,10.756260923679596,53.422762587608666,0.01242921518617529,9.767292357657958,119.10327379280407,3573.098213784121,2.61744966442953
0,1,110165,10.502555696356149,52.16269329190221,0.009411276093398093,9.343446901436836,114.5161712315569,3435.4851369467074,3.6241610738255035
0,1,110315,12.069507494986157,59.945220558431245,0.0035387647652272425,11.715374513859773,114.62741208850726,3438.822362655217,1.610738255033557
0,1,110465,21.679375001732062,107.67422917526923,0.1693041149057363,11.587924749496617,83.70291969358843,2511.0875908076528,8.456375838926174
0,1,110615,7.512384529421668,37.311509829460945,0.0026935054804959244,6.958448102845933,114.50904043103222,3435.2712129309666,2.8187919463087248
0,1,110765,26.767428143717193,132.9448931137954,0.07231818255675129,20.6455806409036,63.53043336612827,1905.9130009838482,6.845637583892617
0,1,110915,43.31480937698624,215.1302199056983,0.5995978853109227,21.35907301359311,60.531036766863586,1815.9311030059077,7.85234899328859
0,1,111065,30.877110786245275,153.3563169050182,0.325216902791112,20.66518811915284,47.41222265235724,1422.3666795707172,5.8389261744966445
0,1,111215,25.549177704732212,126.89424926683662,0.222935249495623,14.302796929269626,51.00557280760693,1530.167184228208,8.859060402684564
0,1,111365,24.914925048012943,123.74412773846426,0.4820927394656182,12.354756169184675,67.44188873954755,2023.2566621864264,7.651006711409396
0,1,111515,29.32072944691821,145.62628958636043,0.48122428411792667,15.498709623707354,66.71459830531363,2001.4379491594086,7.85234899328859
0,1,111665,21.489747376339167,106.73241196915119,0.29367164849040106,7.988116173416197,94.22488118566054,2826.7464355698157,10.268456375838927
0,1,111815,21.786257788933657,108.20508035170381,0.014978699854019928,11.276967677528372,86.20674185123704,2586.2022555371113,8.456375838926174
0,1,111965,14.037931846865252,69.7217281727641,0.02102714821953196,8.989994438262851,93.88010511623841,2816.403153487152,5.23489932885906
0,1,112115,11.122564752954549,55.24207160634093,0.038926347225971554,8.319254774317288,109.00947427450248,3270.284228235075,4.630872483221476
0,1,112265,8.02006680709422,39.83299847523463,0.00383208347520206,7.130918594403373,115.12082889583316,3453.6248668749936,2.4161073825503356
0,1,112415,20.348469770942426,101.06406652901407,0.015437338925321648,10.948972554537072,87.7703538523424,2633.110615570271,9.261744966442953
0,1,112565,26.08601685431651,129.56055037643864,0.11391692531740552,13.958868148958251,73.44747592585257,2203.4242777755767,9.261744966442953
0,1,112715,27.450179838898674,136.3358931998634,0.11267134930523474,14.230249470759352,77.21844647767759,2316.553394330327,8.859060402684564
0,1,112865,24.033114954907496,119.36447094270723,0.12914702914414797,14.800675660252573,78.08817876316378,2342.645362894913,8.25503355704698
0,1,113015,26.200730747330265,130.13029604507364,0.029010174896578433,15.00299970005998,82.54176897154866,2476.253069146461,8.25503355704698
0,1,113165,33.2741966875401,165.2618435481158,0.20337466999820322,19.2841904159857,65.75965836794215,1972.7897510382647,9.060402684563758
0,1,113315,31.370189944438692,155.80527672404548,0.7066135794010495,16.714065932620496,78.27919881089545,2348.375964326864,6.845637583892617
0,1,113465,22.19898248762299,110.25494635519419,0.35741831982205685,11.699999999999328,90.95686524524355,2728.7059573573065,6.241610738255034
0,1,113615,16.05514140175105,79.74053562869688,0.1633670473254666,12.773801313626418,105.90367430091773,3177.110229027532,4.228187919463087
0,1,113765,8.915943469218075,44.282519230449765,0.4176155578610024,8.237718130647114,99.3797787885393,2981.3933636561787,3.0201342281879193
0,1,113915,10.450403654896908,51.90367148598797,0.3714479513683879,9.660745312864629,97.81117613122501,2934.335283936751,2.8187919463087248
0,1,114065,9.954457424768748,49.44047187635145,0.4005368756240667,8.989994438262467,96.61859808527245,2898.557942558173,2.013422818791946
0,1,114215,10.570896328802766,52.50211843305374,0.3640855665480854,10.062305898747528,95.24251584160143,2857.275475248043,1.4093959731543624
0,1,114365,16.715154844850932,83.01860239609297,0.2145141342778697,11.292918134830561,74.98731485503994,2249.619445651198,6.040268456375839
0,1,114515,31.26920068150223,155.30369671812772,0.28674327445358805,22.800000000001432,55.70018751832603,1671.005625549781,6.644295302013423
0,1,114665,10.344566325746282,51.37801275120653,0.5643294420013395,5.531726674375696,88.00280006950254,2640.084002085076,6.442953020134228
0,1,114815,4.551120217215232,22.603897078835647,0.03907435499239653,3.6124783736378014,114.0388472370782,3421.1654171123455,6.040268456375839
0,1,114965,3.7340071994470985,18.545569090587257,0.002749454324470495,3.6000000000001364,107.96671626782555,3239.0014880347667,1.8120805369127517
0,1,115115,4.845702800207221,24.066990574362528,0.008565893631107468,4.080441152621185,116.27787943421438,3488.336383026431,4.228187919463087
0,1,115265,5.258378944417354,26.11661542393953,0.00836261870587353,4.883646178829136,119.93349301449973,3598.004790434992,2.8187919463087248
0,1,115415,8.095697020166302,40.20862853349262,0.1759948224441564,6.155485358606507,115.00034413899347,3450.010324169804,2.8187919463087248
0,1,115565,16.100761315796834,79.96711453512427,0.19988222155350124,10.682696288858775,96.14247364012293,2884.2742092036883,5.8389261744966445
0,1,115715,9.072057681345171,45.05788648401436,0.015575152257306496,7.92022726946687,113.21795740535914,3396.5387221607743,3.6241610738255035
0,1,115865,10.057163830212431,49.950580356721744,0.00937729919853124,9.674709297957921,116.2344105440768,3487.032316322303,2.214765100671141
0,1,116015,9.26806693295989,46.03139910036745,0.01182927623849034,8.590692637964668,112.1565601882538,3364.6968056476144,2.4161073825503356
0,1,116165,17.711788770979084,87.96855089586279,0.33610779455914586,8.989994438262467,83.17044143841336,2495.113243152401,8.456375838926174
0,1,116315,24.3575323601304,120.97574405531432,0.09854078195940819,14.061649974311905,88.95807793633396,2668.7423380900186,7.449664429530201
0,1,116465,18.5510621120568,92.13694182321545,0.23478938665092242,13.553228397691726,99.83382394291596,2995.014718287479,4.228187919463087
0,1,116615,46.60235846542069,231.45838037825604,0.5836615528847565,25.50705784680064,43.527336558779425,1305.820096763383,8.859060402684564
0,1,116765,32.055584191264884,159.20940148328225,0.7395284395746512,16.32727778902526,43.12283504700526,1293.6850514101582,8.053691275167784
0,1,116915,4.155369480658078,20.638335087268455,0.0353743888182228,4.080441152618991,113.87731798728487,3416.319539618546,1.610738255033557
0,1,117065,9.985205390018038,49.593186770422925,0.363638014086155,4.45982062419574,99.73271759801217,2991.981527940365,6.241610738255034
0,1,117215,9.028753198195286,44.842807551036586,0.10428185746844827,6.328506932919084,100.13038107857429,3003.911432357228,3.825503355704698
0,1,117365,6.855196757895102,34.04747723087901,0.005792817714385868,6.17737808459122,111.43227513304939,3342.9682539914807,3.221476510067114
0,1,117515,10.70018762016967,53.144265180176035,0.01119238157309928,9.990495483208004,116.06278878911301,3481.883663673391,2.61744966442953
0,1,117665,12.111937123288941,60.15595437900174,0.12568049098389503,9.76729235766,110.11213204883899,3303.3639614651693,2.61744966442953
0,1,117815,9.367246237509368,46.523989646296535,0.008565412810316543,7.8517513969827695,112.08299498343668,3362.4898495031002,4.630872483221476
0,1,117965,15.694638064661328,77.95003572115127,0.39580883242194026,10.239628899527686,79.63346035436828,2389.0038106310485,7.046979865771812
0,1,118115,17.94941694208528,89.14877081235687,0.3658041688599102,8.405355435673163,92.3074413539025,2769.223240617075,9.261744966442953
0,1,118265,13.895233675533069,69.01299392181423,0.15145576788773882,9.10933587041563,83.83249119365146,2514.9747358095433,5.8389261744966445
0,1,118415,9.898657425462593,49.16333187979755,0.05305248551507743,8.919641248391997,119.04431264544748,3571.3293793634243,3.0201342281879193
0,1,118565,7.686939565851079,38.17846651039369,0.009465708107828067,6.184658438428145,112.29420844566678,3368.8262533700035,4.630872483221476
0,1,118715,7.502613657895736,37.26298116754883,0.020402637913791512,7.022819946430998,113.39541199146176,3401.862359743853,2.214765100671141
0,1,118865,8.126189969325639,40.360076847650674,0.013190095454419539,7.156116265125577,113.38412032980887,3401.523609894266,3.0201342281879193
0,1,119015,13.80521638905922,68.56590806566078,0.4309615355519636,7.595393340703665,101.13239278414588,3033.9717835243764,5.8389261744966445
0,1,119165,24.03576470030285,119.37763134483748,0.44543200770677366,15.831929762349995,66.7764963895192,2003.2948916855757,7.046979865771812
0,1,119315,9.40964398820039,46.734565141395265,0.14635988948356993,7.523961722390629,108.65582971015188,3259.674891304557,4.832214765100671
0,1,119465,9.359022263140425,46.48314390693078,0.3987026882192951,4.965883607174071,100.19188637671611,3005.7565913014832,4.832214765100671
0,1,119615,12.863160410317318,63.887030037909355,0.2343156785917852,7.64852927038677,90.4849632318748,2714.5488969562443,7.248322147651007
0,1,119765,4.859757037660593,24.13679328704761,0.05319911631471791,4.7434164902537015,109.18722947368215,3275.6168842104657,2.61744966442953
0,1,119915,5.740622546590643,28.51175864806686,0.03900075857743572,5.408326913195794,110.45428832720822,3313.628649816247,2.013422818791946
0,1,120065,11.762953344521987,58.42266827779253,0.3069312057213371,7.256031973466749,100.98612438909439,3029.5837316728316,5.4362416107382545
0,1,120215,17.588854564433756,87.357977670021,0.4316160405109237,11.164676439555956,92.74306410620595,2782.2919231861783,6.040268456375839
0,1,120365,4.306166359311,21.387292917911296,0.0707897594527015,3.945883931389684,110.83508659446596,3325.0525978339797,2.61744966442953
0,1,120515,5.024893033271146,24.956968731913353,0.034152773225397386,4.695742752749863,111.88573692954444,3356.5721078863326,2.013422818791946
0,1,120665,4.917870556421304,24.42542376355915,0.03976544334825951,4.242640687119647,109.929116079283,3297.87348237849,3.6241610738255035
0,1,120815,14.475044614011074,71.89272158292165,0.45097538190819436,6.661080993352211,99.17653555609995,2975.2960666829986,7.85234899328859
0,1,120965,24.659378874822835,122.47491507828674,0.46926591017459446,13.366001645965953,75.21550882896865,2256.465264869059,8.053691275167784
0,1,121115,17.490177511670094,86.86788164129482,0.2272525462734698,11.403946685246945,67.84025426869349,2035.2076280608044,6.442953020134228
0,1,121265,22.003130579501086,109.28221521152204,0.22451960764175605,16.595180023129306,57.695345829674395,1730.8603748902315,5.6375838926174495
0,1,121415,20.771739352458958,103.16630545054616,0.20623912746330508,15.074813431681454,60.769146032430925,1823.0743809729277,7.651006711409396
0,1,121565,16.89941403227105,83.93375636027957,0.29719005776272,13.325539388708581,60.10553408411053,1803.1660225233159,5.033557046979865
0,1,121715,19.25814920382102,95.64880771231107,0.09513821823170006,14.712239802287359,65.12720319263245,1953.8160957789737,5.8389261744966445
0,1,121865,20.913333573523445,103.86955674849979,0.05882882242328767,15.098675438594645,54.43783625492715,1633.1350876478148,7.449664429530201
0,1,122015,21.687071490367963,107.71245506882757,0.2509025427272523,14.776332427230182,60.5658594814394,1816.9757844431824,5.6375838926174495
0,1,122165,14.793824890383387,73.4759969555708,0.27639696471002584,10.21763181955616,71.06548160121254,2131.9644480363763,6.040268456375839
0,1,122315,12.97843818687112,64.45957632812656,0.2501117375605502,10.057832768544134,94.77243301512048,2843.172990453615,4.832214765100671
0,1,122465,9.16337501265558,45.511429229522705,0.15557897349134786,7.71297607930948,110.11178328754434,3303.3534986263303,4.832214765100671
0,1,122615,6.986252504767884,34.698387440347155,0.20074628810436254,6.074537019397031,101.10215470979041,3033.064641293712,4.026845637583892
0,1,122765,7.5658417617422895,37.57701408332004,0.16995807685770467,6.579513659840806,104.38578643896825,3131.5735931690474,3.221476510067114
0,1,122915,6.474359831448101,32.1559871628589,0.1592675737490441,6.029925372674007,109.37126627984114,3281.137988395234,2.4161073825503356
0,1,123065,6.035187346046484,29.97476381869754,0.19336405076750734,5.366563146001478,105.47804198473283,3164.341259541985,3.0201342281879193
0,1,123215,3.46430148221803,17.20603069501622,0.0029635071586128475,3.24499614791795,109.09285777207802,3272.785733162341,2.61744966442953
0,1,123365,15.860133874879924,78.77199824523697,0.061905667385781044,9.004998611882513,66.55906215890815,1996.7718647672446,8.456375838926174
0,1,123515,11.699993848943858,58.109969449754495,0.13865480650350845,6.4899922958359,79.9703026641627,2399.109079924881,5.23489932885906
0,1,123665,21.980144385616615,109.16805044856252,0.03813951242690506,15.783535725558735,57.42864010364076,1722.8592031092228,6.040268456375839
0,1,123815,18.44902534708689,91.6301592238649,0.0944678885601627,12.503199590504256,60.61682355552852,1818.504706665856,5.6375838926174495
0,1,123965,33.509710739889876,166.43156334145306,0.43087923187415733,16.224980739589277,60.75293370341056,1822.588011102317,7.248322147651007
0,1,124115,36.743190833014765,182.49118113730668,0.8571130388951067,14.773286702694469,47.55302994332195,1426.5908982996584,9.261744966442953
0,1,124265,12.125406117495586,60.22285038356142,0.468622906277361,7.6837490849188885,97.40266008851394,2922.0798026554185,4.429530201342282
0,1,124415,8.223892121260114,40.84533086892524,0.008211714521331029,7.68960337078597,109.14208964956177,3274.262689486853,1.8120805369127517
0,1,124565,22.42686034396982,111.38673970838346,0.38037291532421585,12.059850745345129,89.01253336612614,2670.376000983784,6.845637583892617
0,1,124715,19.660606652971833,97.6476797097601,0.44881002485647314,9.674709297956335,85.18368320179857,2555.5104960539566,9.463087248322147
0,1,124865,5.235297906338268,26.001979601480063,0.007397661392126016,4.45982062419574,114.94918724460359,3448.4756173381074,3.825503355704698
0,1,125015,5.300520152608239,26.325916757954257,0.0066447280242376665,4.26380112106331,113.21812562720659,3396.543768816198,5.23489932885906
0,1,125165,16.742396784491874,83.15390402964297,0.4186699258584321,8.746427842268478,85.8786606824127,2576.359820472381,6.845637583892617
0,1,125315,15.588124250882796,77.42101711271789,0.6242218495757663,7.82304288624293,90.68735291405581,2720.620587421675,5.4362416107382545
0,1,125465,13.883866803548218,68.9565384576228,0.36177374424205455,7.003570517956323,101.33483596233957,3040.0450788701874,5.8389261744966445
0,1,125615,12.596911704253055,62.56466146445683,0.025586026071085344,11.541230437002683,109.21061289227265,3276.31838676818,2.61744966442953
0,1,125765,18.141437541499073,90.10247312277875,0.3099006705058318,11.00227249253527,90.35102886856436,2710.530866056931,7.651006711409396
0,1,125915,11.002572685031213,54.6461110023217,0.2915574823404469,8.275868534481424,91.99016165697367,2759.7048497092105,4.429530201342282
0,1,126065,18.879487160248406,93.76811956256708,0.5045949030083686,12.65701386583734,84.94209306645926,2548.262791993778,6.040268456375839
0,1,126215,19.591321444348356,97.30356317359684,0.6843751272097482,14.15097169808572,64.40143189325164,1932.0429567975496,4.228187919463087
0,1,126365,11.111463240121505,55.18693409260349,0.21715575573241144,8.06101730552534,112.21660422636644,3366.4981267909934,4.429530201342282
0,1,126515,25.10820353860751,124.70407757508396,0.5650883332458378,17.76091213873929,74.25067588330641,2227.520276499192,5.033557046979865
0,1,126665,30.12174101380497,149.60464703523138,0.4110747105560884,17.181385275933387,62.683623352116555,1880.5087005634964,8.25503355704698
0,1,126815,17.740514358891147,88.11122131582603,0.37411719201245497,11.200892821556875,77.84448026245288,2335.3344078735868,6.644295302013423
0,1,126965,22.506127427503834,111.78043288993572,0.4898280682816929,11.100000000000689,84.78921602438027,2543.6764807314075,8.053691275167784
0,1,127115,27.460101841835733,136.38517248111748,0.5016597109624549,14.128694207179853,69.56506736772589,2086.952021031777,8.25503355704698
0,1,127265,32.57953870326626,161.8117088928891,0.42400201566132817,18.06488306078989,55.56892750337923,1667.067825101377,7.651006711409396
0,1,127415,24.923144386270565,123.78495045181046,0.466660919185093,12.241323457862553,74.10668757543361,2223.2006272630083,8.25503355704698
0,1,127565,6.772347220557644,33.635991195436304,0.2737571850304978,4.80936586256345,112.6472265356846,3379.416796070537,3.4228187919463084
0,1,127715,11.503779411870251,57.13543774562224,0.09922661745791753,6.926037828368764,85.35083719936921,2560.525115981077,6.241610738255034
0,1,127865,13.712304034371117,68.10444337070987,0.30438829453858235,9.10933587041243,90.67100913421284,2720.1302740263855,4.832214765100671
0,1,128015,10.301224317634002,51.162747444248865,0.35824731781289837,9.990495483208004,113.10153888533058,3393.0461665599173,1.610738255033557
0,1,128165,13.743859597708399,68.26116933528506,0.2364415993050493,10.21763181955561,83.97993303682513,2519.3979911047536,4.630872483221476
0,1,128315,13.519994054329672,67.1493038031707,0.4524211165330971,10.199999999998749,94.94409941040728,2848.322982312218,3.221476510067114
0,1,128465,12.294109654843863,61.06074461905784,0.26243799060612893,8.16088230524077,81.36105049251354,2440.831514775406,6.040268456375839
0,1,128615,6.019813827335643,29.89840867576703,0.13497556102699548,4.695742752749291,98.58623652134743,2957.587095640423,3.825503355704698
0,1,128765,14.037450502767966,69.71933749708091,0.027903006687438454,8.705170877127898,67.2073180398763,2016.2195411962887,7.248322147651007
0,1,128915,11.697573354376578,58.097947660070346,0.07693422107346001,8.705170877128324,92.37774870330614,2771.332461099184,4.630872483221476
0,1,129065,15.453374044915181,76.75175775641208,0.2809589141852277,10.94897255453693,88.93416726723106,2668.0250180169323,5.6375838926174495
0,1,129215,14.347018097191704,71.25685654938546,0.1839129695869717,8.105553651664074,82.31216109504747,2469.3648328514237,7.651006711409396
0,1,129365,21.343272407243223,106.00491962264135,0.49961741796203596,19.34244038377783,59.214438277868055,1776.4331483360418,2.61744966442953
0,1,129515,19.168286715766314,95.20249068830603,0.04164234083158985,15.13439790675515,57.361612423034636,1720.848372691039,6.040268456375839
0,1,129665,19.563003317472425,97.16291647677971,0.0619965909045797,15.065855435386856,65.1054147510076,1953.1624425302284,6.442953020134228
0,1,129815,20.83391929357535,103.47513249142423,0.4359993723322526,12.36931687685265,67.95336776944136,2038.6010330832414,7.651006711409396
0,1,129965,24.755208160036933,122.95086719485013,0.09799802260166265,15.766420012165327,54.29331541546919,1628.799462464076,8.657718120805368
0,1,130115,19.57424517981592,97.2187510597524,0.22633348518308713,11.90965994476696,55.94385964814351,1678.3157894443054,7.046979865771812
0,1,130265,22.283599128467888,110.67520900472383,0.13619919841365338,14.356183336806758,49.61632767507105,1488.4898302521315,8.053691275167784
0,1,130415,25.038346002697402,124.35711848006378,0.20175098359794866,16.56804152578296,52.88190011508736,1586.4570034526212,8.25503355704698
0,1,130565,25.595417162615213,127.12390524098888,0.22023619813786183,16.82408987137031,52.64701257709474,1579.410377312842,7.248322147651007
0,1,130715,19.335168163488376,96.03133521199226,0.10538478997116102,12.369316876852485,74.49149144198833,2234.74474325965,6.644295302013423
0,1,130865,21.098113720465665,104.78729814497949,0.3518908217314199,10.653168542739627,62.2131577312839,1866.3947319385168,8.25503355704698
0,1,131015,23.02496277150765,114.35731509848799,0.1217983777061691,14.855302083768581,55.60395098696784,1668.118529609035,7.449664429530201
0,1,131165,19.165350478596082,95.18790737702717,0.2550907071975932,9.333809511662983,70.89710344627022,2126.9131033881067,9.060402684563758
0,1,131315,22.278461257324313,110.6496909113774,0.2498881377812917,12.149074038790735,64.95793873334141,1948.7381620002425,8.657718120805368
0,1,131465,24.859381082759413,123.4682593777051,0.07197114621144929,14.55231940275908,61.16111066113904,1834.8333198341707,8.657718120805368
0,1,131615,17.96419500528634,89.2221685262555,0.07237003761935992,13.069812546477031,71.1879310387203,2135.637931161609,5.4362416107382545
0,1,131765,17.8423546632773,88.61702816094393,0.2178029684064566,9.20271699010718,85.51341047538126,2565.4023142614383,6.644295302013423
0,1,131915,24.7242638007439,122.797176877028,0.3983397495114662,9.604686356147674,81.07024759076383,2432.107427722915,8.657718120805368
0,1,132065,19.080245269184076,94.76521817028092,0.07799504822919417,11.164676439557697,81.50599384390932,2445.17981531728,6.241610738255034
0,1,132215,21.991805516719428,109.22596739970649,0.0828874638623478,10.465658125507067,73.397214466929,2201.91643400787,8.053691275167784
0,1,132365,25.946172109904996,128.86598814586148,0.12794639029770571,8.590692637965622,65.98822025952698,1979.6466077858095,10.06711409395973
0,1,132515,25.384599907356925,126.07684620653939,0.03393142306067971,11.200892821557273,72.20587826385966,2166.176347915789,10.46979865771812
0,1,132665,12.13227236131161,60.25695272784766,0.17712445484496728,6.90651865993267,102.60199345413979,3078.059803624194,7.248322147651007
0,1,132815,10.78649511422827,53.57292573400042,0.28938485264813113,5.707889277130372,84.71906676586832,2541.5720029760505,6.644295302013423
0,1,132965,74.24397585077519,368.74508005885014,0.2527359620971997,7.92022726946813,99.28893416797725,2978.668025039317,5.4362416107382545
0,1,133115,23.181580208905675,115.13518170423153,0.1364994040254174,16.08011193990755,72.1848507724879,2165.545523174637,7.651006711409396
0,1,133265,15.970148141893631,79.3184024380717,0.08734855157664895,12.299999999999045,77.13556642602927,2314.0669927808785,6.442953020134228
0,1,133415,10.674589222032886,53.01712646943001,0.1659494802381156,7.71297607930988,103.7840135518031,3113.520406554093,5.4362416107382545
0,1,133565,6.675553930391412,33.15525118761067,0.0006744234766449174,6.242595614007305,117.39497686529376,3521.849305958813,2.4161073825503356
0,1,133715,7.662058882958068,38.054892452025065,0.008175742031443922,7.409453421137143,118.08664667899673,3542.599400369903,1.4093959731543624
0,1,133865,6.443639659437536,32.003410308539756,0.01399139214314612,6.441273166075424,117.40700697902548,3522.2102093707645,1.610738255033557
0,1,134015,7.2572629408561085,36.044405939585346,0.005300398959706732,6.900000000000546,118.18808207738367,3545.64246232151,1.8120805369127517
0,1,134165,9.088747439894032,45.14077895147369,0.015272666137791945,7.874642849043283,113.24061115040512,3397.218334512154,4.429530201342282
0,1,134315,7.389364952944485,36.700512599624275,0.006092743177442183,7.0292247083149455,110.85927176578411,3325.7781529735234,1.8120805369127517
0,1,134465,10.168620605558932,50.50414900760936,0.08655268773520582,9.124143795447791,108.92526419404462,3267.7579258213386,3.0201342281879193
0,1,134615,12.657138703770277,62.86378889539239,0.1865477932069422,9.771898484939788,104.36248839313025,3130.8746517939076,5.23489932885906
0,1,134765,8.981290966091438,44.60707846492081,0.022713062540843834,7.505997601918088,125.3146161762434,3759.438485287302,3.6241610738255035
0,1,134915,7.841228354074744,38.94476749190456,0.03071428079762234,7.206247289675459,112.85319558023797,3385.5958674071394,3.4228187919463084
0,1,135065,9.165613079147414,45.5225449597655,0.004480434490732313,8.495881355105054,117.3540188622286,3520.6205658668578,1.4093959731543624
0,1,135215,14.313308962219487,71.08943451235679,0.3072404178488935,10.6320270880026,85.21663541326008,2556.499062397802,6.845637583892617
0,1,135365,8.253879228541518,40.99426683508953,0.014008840868521123,7.25603197346897,117.8263950097105,3534.7918502913144,3.0201342281879193
0,1,135515,8.161336939035776,40.53464013054436,0.011699529748576645,7.648529270389244,113.06741225061354,3392.0223675184056,1.8120805369127517
0,1,135665,14.332361118195523,71.1840602203711,0.08136693787234502,8.335466393670343,101.58452217145361,3047.5356651436077,6.845637583892617
0,1,135815,12.361663879601435,61.39626393535379,0.06656224991371386,9.304837451562417,106.2726889785862,3188.1806693575854,4.429530201342282
0,1,135965,8.843076445604051,43.920613013166786,0.012951971001920809,7.874642849045166,118.53870587525095,3556.1611762575285,3.0201342281879193
0,1,136115,7.785395754121191,38.66746557880191,0.010425117896424384,6.476109943478012,115.7824313481309,3473.472940443927,5.033557046979865
0,1,136265,8.307692664546837,41.26154023391596,0.02101245709141181,7.2124891681022545,113.42145626658517,3402.6436879975554,3.6241610738255035
0,1,136415,14.77518226494494,73.38340524922654,0.2737665319563668,9.019977827024048,88.29885471390088,2648.965641417027,7.651006711409396
0,1,136565,10.618733242357857,52.739708437044015,0.06871148996745728,8.004998438475935,96.94388508631275,2908.3165525893833,4.630872483221476
0,1,136715,7.924214077993103,39.356929920699066,0.08125711661071097,5.604462507681567,105.8459320782625,3175.3779623478745,7.248322147651007
0,1,136865,6.100286275190747,30.29808850011404,0.026038715839438707,5.531726674375696,114.36997439450289,3431.0992318350873,4.429530201342282
0,1,137015,6.8498794888911,34.02106812815913,0.007157797407193324,6.007495318349882,117.79963601418038,3533.989080425411,4.429530201342282
0,1,137165,8.914256620134758,44.274141213335966,0.19808827227418524,6.70820393249914,94.03443969769923,2821.033190930977,5.8389261744966445
0,1,137315,5.1314414354808,25.486159129554636,0.03494735701988647,4.74341649025203,112.41616481636643,3372.484944490993,2.8187919463087248
0,1,137465,6.676119595275726,33.1580606565361,0.25854786583863815,5.660388679234237,105.68955889070064,3170.6867667210195,4.630872483221476
0,1,137615,13.844302841301555,68.76003744513106,0.11529780195453626,10.841586599756278,91.08867345040507,2732.660203512152,5.8389261744966445
0,1,137765,10.256475133951572,50.94049316529281,0.08932853328380638,8.746427842268389,100.34527010222966,3010.3581030668906,3.6241610738255035
0,1,137915,7.945627591370461,39.463283703806624,0.05933080720105878,6.363961030679048,93.72887090624559,2811.866127187368,4.429530201342282
0,1,138065,6.4782135733039174,32.175127414076115,0.005864145313643633,5.126402247189849,110.97860822023465,3329.3582466070397,8.25503355704698
0,1,138215,54.17617180899255,269.07498665132965,0.0018585896676082542,5.580322571321862,117.43780532794247,3523.1341598382737,7.85234899328859
0,1,138365,12.562593877960564,62.39421626053746,0.27018949960022925,9.02496537389489,86.20857514167184,2586.257254250155,6.040268456375839
0,1,138515,10.915921951886995,54.21574569437208,0.23641288418583886,7.305477397132191,100.62030604643526,3018.6091813930575,6.442953020134228
0,1,138665,6.254674276106518,31.064882237995707,0.15045420313486618,4.743416490253001,102.34814362211536,3070.444308663461,4.630872483221476
0,1,138815,6.878295068511109,34.16219884027184,0.16683465240308168,5.247856705358922,101.71868686676835,3051.560606003051,4.026845637583892
0,1,138965,11.366462446114202,56.45343014903386,0.08086636091693719,8.19390017024842,96.46221467380674,2893.866440214202,5.4362416107382545
0,1,139115,9.892570961540944,49.13310244232002,0.10459735469817551,7.30547739712897,89.04902089800589,2671.4706269401768,5.23489932885906
0,1,139265,6.440789286441034,31.989253455990475,0.005040603876166798,5.474486277270287,119.33206488944755,3579.961946683426,3.825503355704698
0,1,139415,8.248089057354422,40.96550898486031,0.3125530295177485,5.53172667437551,101.96448539964936,3058.9345619894807,5.8389261744966445
0,1,139565,5.616803515906735,27.896790795670114,0.005094733120972155,5.161395160225144,114.47279377856597,3434.1838133569786,2.61744966442953
0,1,139715,5.1835833528303805,25.745130652390888,0.00429027188337954,4.26380112106595,114.74884856748243,3442.465457024473,3.825503355704698
0,1,139865,5.917903708777893,29.392255086930206,0.009453132431220736,5.408326913197875,113.0875805060113,3392.62741518034,2.8187919463087248
0,1,140015,6.128426453795219,30.437851387182917,0.016017716346929615,5.707889277133799,111.82762334331262,3354.8287002993784,2.214765100671141
0,1,140165,6.176691861550087,30.677569579032095,0.0019007215939384175,5.692099788301681,110.39104038370076,3311.7312115110226,2.61744966442953
0,1,140315,8.295589979311245,41.20143023057919,0.11408532841507199,5.366563145999953,97.52527097573578,2925.7581292720733,5.23489932885906
0,1,140465,11.389180218661027,56.56626175268309,0.3481756831079845,8.29759001156308,89.12473909948676,2673.7421729846033,7.046979865771812
0,1,140615,10.062518423733865,49.977174837878195,0.2971468940989811,6.768308503607772,99.3659242173548,2980.9777265206444,6.442953020134228
0,1,140765,5.947141537585277,29.537469636673542,0.011177378578648152,5.247856705360238,116.44193477606863,3493.2580432820587,3.0201342281879193
0,1,140915,6.8917591483636,34.22907043687255,0.006100257106406404,5.977457653552964,110.30855522086652,3309.2566566259957,3.6241610738255035
0,1,141065,6.837652400060196,33.9603402536323,0.006041837147519751,6.184658438428145,114.11325241689856,3423.3975725069567,2.8187919463087248
0,1,141215,9.105781153296615,45.225379728039854,0.1513966311397192,7.130918594403157,110.16024198984923,3304.807259695477,4.228187919463087
0,1,141365,5.931100084382854,29.45779708576817,0.007161100013117354,5.660388679235954,114.91608807802018,3447.482642340606,1.610738255033557
0,1,141515,6.054115518094653,30.06877373987011,0.012196786592983164,5.636488268416964,118.97027885331377,3569.108365599413,2.61744966442953
0,1,141665,6.64492095330811,33.00310740143028,0.0034547517336196653,5.707889277132051,109.1769054467659,3275.307163402977,4.228187919463087
0,1,141815,11.592852146537053,57.5778323278007,0.17642483003254547,8.160882305241868,101.68486570942082,3050.5459712826246,5.6375838926174495
0,1,141965,9.424777239848932,46.80972695791637,0.1609456884276251,6.579513659837851,98.002360246857,2940.07080740571,6.644295302013423
0,1,142115,14.350306902167626,71.27319094743254,0.14175159695180822,11.308846094983416,82.51619956924445,2475.485987077333,3.6241610738255035
0,1,142265,8.227399547405962,40.86275108544962,0.2241876085014367,7.648529270389579,99.52948197323761,2985.8844591971283,2.013422818791946
0,1,142415,7.725649961008134,38.37072813967373,0.32077502126939217,6.441273166075424,98.16061466955733,2944.8184400867203,3.825503355704698
0,1,142565,8.941785812999683,44.41086953789843,0.05134717694724154,6.26418390534439,102.45090239960895,3073.5270719882683,5.4362416107382545
0,1,142715,4.357737367619828,21.64342892584515,0.016562484983637632,3.9115214431214325,107.47162339741688,3224.1487019225065,2.61744966442953
0,1,142865,7.590524774850503,37.6996063817575,0.05386435325537778,4.88364617882898,105.95113168763267,3178.5339506289793,6.040268456375839
0,1,143015,4.9716366607915,24.69246208193112,0.027613113471101493,4.459820624194019,114.82819425629819,3444.8458276889464,3.221476510067114
0,1,143165,7.010310079290807,34.81787339381101,0.024581114669206153,5.770615218499657,105.91562786115921,3177.468835834776,3.4228187919463084
0,1,143315,5.128520750368656,25.47165306016433,0.1423777322865465,3.6619666847208316,109.08935238922444,3272.6805716767335,4.429530201342282
0,1,143465,3.598995707306936,17.875012012957782,0.003752838838729454,3.4205262752978176,116.25137128632869,3487.54113858986,1.8120805369127517
0,1,143615,8.059066692495055,40.02669790605877,0.17170107010258925,5.660388679234237,95.77704264531151,2873.311279359345,6.644295302013423
0,1,143765,5.609392611525009,27.859983303907548,0.015890852036565636,5.108815909778381,114.117464883873,3423.5239465161903,2.4161073825503356
0,1,143915,6.286799690786822,31.224438464241217,0.01727337588549918,6.029925372670529,113.22825973204979,3396.8477919614943,2.013422818791946
0,1,144065,7.457535903737818,37.03909498856449,0.18574104543458012,5.909314681076443,104.89616542329655,3146.8849626988967,5.23489932885906
0,1,144215,6.411648480835001,31.844520788147175,0.04305360806315704,3.818376618408104,91.91496843400748,2757.4490530202247,8.053691275167784
0,1,144365,6.330933490726736,31.44363633727612,0.0036260927739699134,5.316013543999483,112.48287997729989,3374.486399318996,3.825503355704698
0,1,144515,4.786253415549858,23.77172529723096,0.016018553577074074,4.200000000000443,112.48574219602189,3374.572265880656,3.4228187919463084
0,1,144665,5.056729165151136,25.115088186917312,0.0055885405391213885,4.883646178830289,118.49414413713527,3554.8243241140576,1.8120805369127517
0,1,144815,4.947393314482574,24.572053461930118,0.0027300135671979885,4.295346318982334,120.34559131807873,3610.3677395423624,3.825503355704698
0,1,144965,4.78561520777113,23.768555531929948,0.006408275922052909,4.45982062419574,116.06906140839897,3482.0718422519694,2.214765100671141
0,1,145115,8.409004951291468,41.7647245914143,0.17384146140073126,5.707889277130349,95.40533194709194,2862.1599584127584,5.4362416107382545
0,1,145265,7.311506520171631,36.31381571685243,0.013400437073814053,6.586349520031666,114.61786873344293,3438.536062003288,3.825503355704698
0,1,145415,6.612065533520926,32.839925483153934,0.009561726000968782,6.184658438424382,118.2615843402405,3547.8475302072143,2.4161073825503356
0,1,145565,7.223920096804382,35.87880314746176,0.002122638560312584,6.184658438424382,113.2620421718457,3397.8612651553713,4.228187919463087
0,1,145715,6.955515951028567,34.54572922344189,0.013981797399767416,6.708203932500513,124.27223399187659,3728.1670197562976,1.610738255033557
0,1,145865,7.371004952225448,36.60932459605306,0.012976992775769735,6.552098900353535,116.06598777335984,3481.979633200796,3.825503355704698
0,1,146015,7.868030590851576,39.077885267896164,0.01228849219577131,7.130918594400467,125.18308500839497,3755.492550251849,2.8187919463087248
0,1,146165,6.647303060503367,33.01493853383339,0.01242231399788543,5.692099788304916,117.8496708519343,3535.490125558029,3.221476510067114
0,1,146315,7.500689650594491,37.253425264619295,0.09425125641937518,6.1554853586047615,114.2241974730872,3426.725924192616,4.228187919463087
0,1,146465,5.8181593127942905,28.896857920211637,0.08981331891274508,4.657252408877507,110.67044787961129,3320.1134363883384,4.026845637583892
0,1,146615,4.866009494953759,24.16784715827033,0.04422727060965527,4.036087214122688,111.43459947727108,3343.0379843181327,3.4228187919463084
0,1,146765,4.210672871267083,20.91300859395984,0.20970141194396183,3.4985711369079464,101.71348122978902,3051.4044368936707,4.429530201342282
0,1,146915,3.8485962715875064,19.11469481555128,0.007777298508175159,3.6249137920788854,112.82391606303696,3384.7174818911085,2.4161073825503356
0,1,147065,3.7705910335959403,18.727268800193173,0.0032038841669921737,3.420526275298042,117.22640680677671,3516.792204203301,2.214765100671141
0,1,147215,3.6558079382455926,18.157179426619777,0.003971488292042771,3.4205262752978176,111.67919378134879,3350.375813440464,1.8120805369127517
0,1,147365,5.6341405167367276,27.982897899792405,0.1313884253116184,4.242640687119647,107.03154438199516,3210.946331459855,3.825503355704698
0,1,147515,5.149595359269929,25.57632361770731,0.009416204423105368,4.809365862565151,111.91519184205512,3357.455755261654,2.013422818791946
0,1,147665,5.45288092554462,27.082641930204943,0.0048143031407365975,5.1000000000004775,116.17537610330896,3485.2612830992684,2.214765100671141
0,1,147815,5.6349327568601995,27.98683269240566,0.004767121814304336,5.10881590977808,116.20778174533122,3486.2334523599366,2.8187919463087248
0,1,147965,7.744153008873901,38.46262661074037,0.04110351323738264,6.378087487640443,111.54944925049996,3346.4834775149984,2.4161073825503356
0,1,148115,8.984989498818432,44.62544784413154,0.270863722982523,7.206247289678849,105.44733062526781,3163.4199187580343,4.026845637583892
0,1,148265,8.792215532428905,43.668003811063556,0.29760575714917453,7.6837490849185555,95.02594768616466,2850.7784305849395,3.4228187919463084
0,1,148415,6.0707011957708925,30.151149272328762,0.10464826438286297,5.636488268417736,110.38578523592301,3311.57355707769,2.214765100671141
0,1,148565,5.914626239619727,29.375976990111315,0.042463176315154255,4.9658836071733505,107.40396960597381,3222.1190881792145,3.4228187919463084
0,1,148715,6.6736131947117965,33.14561220040192,0.18892360364939997,5.604462507681567,109.99484229425165,3299.8452688275497,4.429530201342282
0,1,148865,6.3328788356595584,31.45329821710914,0.01695801217544873,5.126402247189849,113.96935696754042,3419.080709026213,5.23489932885906
0,1,149015,7.635974767757138,37.92534134652713,0.08011584166404516,6.037383539248517,99.87620602800847,2996.286180840254,3.825503355704698
0,1,149165,5.3503729404516145,26.573518937576353,0.026537509395992625,5.099999999999124,116.58676838468116,3497.6030515404345,2.61744966442953
0,1,149315,5.577345984001706,27.70081838720848,0.0038374843891391982,4.920365840057325,119.7940466523421,3593.8213995702636,3.221476510067114
0,1,149465,4.896032485945557,24.316961346862936,0.008437848889096369,4.509988913512024,114.83027459791434,3444.908237937431,1.8120805369127517
0,1,149615,5.565408172393909,27.641527256223085,0.0035813849375439244,5.099999999999976,120.04034340064057,3601.2103020192167,2.214765100671141
0,1,149765,5.934529144340827,29.47482808355944,0.00848181367814014,5.731491952361019,117.65347929896656,3529.604378968997,1.610738255033557
0,1,149915,6.654344979342069,33.04991339739894,0.047234295123937155,4.883646178830289,97.41304771987214,2922.3914315961642,4.026845637583892
0,1,150065,6.071316656540742,30.15420606081903,0.0035252613818743655,5.515432893257011,115.42030223146205,3462.6090669438613,2.214765100671141
0,1,150215,6.01089409170606,29.854107322140095,0.014979968775296656,5.707889277132051,114.68082185967533,3440.4246557902607,2.4161073825503356
0,1,150365,10.836101828457391,53.819305748005036,0.1581159117100464,7.409453421137213,86.40180976929074,2592.054293078722,5.033557046979865
0,1,150515,7.6772153285694165,38.13016946522811,0.024107913194061987,5.999999999999659,108.54412299359932,3256.3236898079804,6.442953020134228
0,1,150665,8.501994451530239,42.226572442600194,0.0066856452688325565,7.206247289678885,119.36412068526681,3580.9236205580046,6.040268456375839
0,1,150815,6.992376370881602,34.72880264204529,0.0053094513809301075,6.184658438426988,109.06432369995046,3271.929710998514,4.832214765100671
0,1,150965,7.758281347753926,38.53279736051117,0.07056822349900138,6.067124524848359,100.23911526116437,3007.173457834931,3.4228187919463084
0,1,151115,4.67379963161417,23.213204837017038,0.011883851730925186,4.295346318982513,113.87310898260367,3416.1932694781094,2.013422818791946
0,1,151265,4.872166256578258,24.19842574100535,0.007949022910642166,4.3266615305566365,114.38235889666059,3431.4707668998176,4.026845637583892
0,1,151415,4.954688239450818,24.60828492260573,0.0052827736841008655,4.368065933569374,112.66006163509962,3379.8018490529894,3.221476510067114
0,1,151565,4.899056624704953,24.331981236034608,0.003487295708443396,4.429446918070208,110.1557593583097,3304.6727807492907,3.221476510067114
0,1,151715,5.278017487673439,26.214153522111417,0.005188598021012918,4.947726750742483,116.84683982404742,3505.405194721422,2.013422818791946
0,1,151865,7.597129969437264,37.732412181538415,0.025904669067015298,6.441273166075424,117.76198570100472,3532.8595710301406,4.026845637583892
0,1,152015,6.5219695401038225,32.392448715848985,0.05819318910805128,5.6364882684189155,111.36287584909832,3340.88627547295,3.0201342281879193
0,1,152165,6.014103948671702,29.870049611736114,0.00878766853018536,5.770615218503026,108.20700165753175,3246.2100497259526,1.8120805369127517
0,1,152315,5.683664963883627,28.228869320622014,0.008940796969790282,5.399999999998499,110.40661652516792,3312.1984957550376,1.610738255033557
0,1,152465,5.983025998703514,29.71569579356079,0.00802731359530395,5.366563145998428,105.37617480633092,3161.2852441899277,3.221476510067114
0,1,152615,6.503387108474302,32.30015597208903,0.0094515565408821,6.363961030679531,116.15325420890528,3484.5976262671597,1.2080536912751678
0,1,152765,5.113810303201666,25.398591172568274,0.031225952532850678,4.3680659335685545,116.12204598310363,3483.661379493109,4.832214765100671
0,1,152915,8.85559461691468,43.9827865973429,0.2168427327487788,6.661080993353055,98.95002948544294,2968.500884563288,5.033557046979865
0,1,153065,12.518238206931489,62.17391642775972,0.3377746650344692,7.988116173416197,90.73131603319862,2721.939480995958,7.85234899328859
0,1,153215,6.282333363563509,31.20225570569876,0.005883407893272602,5.7706152185015185,119.26902919807293,3578.0708759421877,1.610738255033557
0,1,153365,5.771294977942646,28.66409839044848,0.014809456057311335,4.8836461788297125,118.7421312775212,3562.263938325635,3.825503355704698
0,1,153515,8.104729349229098,40.25348910117118,0.09293544217065787,6.328506932919084,104.85030415461996,3145.509124638598,3.6241610738255035
0,1,153665,7.278685975079009,36.15080700955908,0.16983527921205285,5.408326913196221,103.73963682743384,3112.189104823016,4.228187919463087
0,1,153815,11.466694771116726,56.951250696546396,0.154622835854911,9.019977827024048,79.66242928961954,2389.8728786885868,4.228187919463087
0,1,153965,9.663953316889131,47.99763480721602,0.054091150578428414,6.926037828369614,87.70124523628472,2631.0373570885413,6.442953020134228
0,1,154115,7.924767461911298,39.359678394159445,0.13510089101184927,5.7939623747500955,101.8083651013673,3054.2509530410193,4.630872483221476
0,1,154265,5.119965761210798,25.429163280680292,0.008097498157802082,4.883646178827985,109.03630206045534,3271.0890618136605,1.2080536912751678
0,1,154415,5.670188219704699,28.16193482453334,0.016368805117150758,5.408326913196173,105.7663663343569,3172.9909900307075,2.214765100671141
0,1,154565,5.524540514795171,27.43855122348269,0.015026688515861216,4.846648326421079,110.67212288864242,3320.1636866592726,3.221476510067114
0,1,154715,4.861212543206532,24.144022297925776,0.01018751036964181,4.509988913511173,109.55704834135119,3286.711450240536,2.214765100671141
0,1,154865,5.95750590723951,29.588946005956227,0.017626048332754794,5.5803225713206706,108.79123567628628,3263.7370702885887,2.013422818791946
0,1,155015,7.269269230798341,36.10403717963176,0.034789058940953924,6.067124524846546,86.13853889577976,2584.1561668733934,3.4228187919463084
0,1,155165,6.454957789701185,32.059623688849214,0.18946006659878184,4.920365840057325,94.5667376865963,2837.002130597889,4.630872483221476
0,1,155315,4.939440291349996,24.532553447038318,0.009410676638725484,4.459820624198493,108.9767960410089,3269.3038812302657,3.0201342281879193
0,1,155465,4.860847342477593,24.142208467638703,0.0053045057961594025,4.1785164831552315,112.94513537908834,3388.3540613726504,5.4362416107382545
0,1,155615,4.4461627160785,22.082608156523214,0.012235199746654534,3.9000000000002566,117.1558898401057,3514.6766952031708,4.630872483221476
0,1,155765,6.851087323077191,34.02706703795005,0.0970835326812218,5.366563145998809,105.85891638797087,3175.767491639126,5.4362416107382545
0,1,155915,5.758945153700306,28.602760930044848,0.007530972020923885,5.091168824543335,116.85141305087396,3505.5423915262186,2.8187919463087248
0,1,156065,5.89592502125789,29.283094272247517,0.022197107790484408,5.1088159097775305,110.67936704021277,3320.3810112063825,3.4228187919463084
0,1,156215,6.067934711441365,30.13740906682544,0.007831080432322288,5.909314681078349,111.8587236628059,3355.7617098841765,2.214765100671141
0,1,156365,5.650276977689196,28.063042322523003,0.010389023092776032,4.509988913514578,115.56316517354949,3466.8949552064846,5.033557046979865
0,1,156515,5.923435540575021,29.419729851522607,0.013446785911821515,5.408326913195889,117.61635803659074,3528.4907410977216,2.8187919463087248
0,1,156665,7.039231058415166,34.96151425679532,0.04074279220239131,6.6610809933515585,113.55711030921115,3406.7133092763347,1.8120805369127517
0,1,156815,7.42797554308097,36.89227853063549,0.06318243566431046,5.76281181369178,106.44955769946114,3193.486730983834,3.6241610738255035
0,1,156965,4.267538287350524,21.1954401605076,0.007076993865854575,3.9458839313895537,115.07933649003641,3452.3800947010927,2.61744966442953
0,1,157115,5.097583025497927,25.317995693306365,0.007282997097380819,4.459820624195854,108.91933377445172,3267.5800132335517,3.0201342281879193
0,1,157265,4.514419203887296,22.421615379306907,0.0029918468491282727,4.242640687117235,116.01846533085747,3480.5539599257245,2.214765100671141
0,1,157415,4.564981674676754,22.6727423175612,0.005999040750442836,4.295346318983883,112.41482624276146,3372.4447872828437,2.61744966442953
0,1,157565,5.019909164458623,24.932215516811155,0.0017937178314463614,4.5000000000001705,108.48229155450055,3254.4687466350165,3.4228187919463084
0,1,157715,5.3572009439075075,26.60743135474062,0.009244315027843052,4.883646178827985,107.13721922057124,3214.116576617138,2.61744966442953
0,1,157865,5.069273995989914,25.177394180083237,0.004782700899329441,4.579301256740864,104.32854311933492,3129.856293580048,2.8187919463087248
0,1,158015,9.494323074615775,47.15513793725833,0.2480452153696323,7.553806987208506,96.61785567053604,2898.5356701160817,4.228187919463087
0,1,158165,6.481818571591571,32.193032238904806,0.08755307427459891,6.155485358604179,112.99333282881256,3389.7999848643767,2.4161073825503356
0,1,158315,6.531530495197445,32.43993479281397,0.007500338788159959,5.515432893254878,115.28080644757068,3458.424193427121,4.429530201342282
0,1,158465,6.378628033170401,31.680519231412987,0.011520194765495909,5.7706152185012085,112.06773746785193,3362.032124035558,3.825503355704698
0,1,158615,5.911531746965508,29.360607676595357,0.0038833509090075206,5.408326913197875,119.82007124826389,3594.6021374479174,3.6241610738255035
0,1,158765,7.040856059246008,34.96958509425517,0.036335282837692225,6.06712452484739,113.41233964894033,3402.37018946821,3.4228187919463084
0,1,158915,7.663051144384405,38.059820683775875,0.02894483285842771,6.599999999999966,109.99434941339129,3299.830482401739,4.026845637583892
0,1,159065,6.74322530019241,33.49135232428897,0.03590595473760717,5.977457653550824,111.82018777890006,3354.605633367002,2.8187919463087248
0,1,159215,6.981344395937534,34.67401049982308,0.008318740690194485,5.699999999999932,102.57488064676691,3077.2464194030076,3.825503355704698
0,1,159365,4.6957957974890565,23.322452460862312,0.007326848460432028,4.263801121064331,118.89171276012608,3566.7513828037836,2.4161073825503356
0,1,159515,5.000197942953613,24.834316450002945,0.011972198854153066,4.459820624196313,118.74272555642659,3562.281766692797,2.61744966442953
0,1,159665,4.973498114508716,24.70170730205995,0.012960894077348017,4.539823785126564,121.04821440406663,3631.446432121998,2.8187919463087248
0,1,159815,5.071722344855221,25.189554312780928,0.01544693980430812,4.992995093128862,113.71997311479714,3411.599193443914,1.4093959731543624
0,1,159965,5.899910045944333,29.302886561523522,0.12999668612316084,4.686149805543988,108.73173121786435,3261.951936535931,4.630872483221476
0,1,160115,6.64713850592741,33.01412124610614,0.09753449149559294,5.636488268418552,113.07360171660059,3392.2080514980175,2.8187919463087248
0,1,160265,5.391264591732202,26.7766141389366,0.004543339571415927,4.920365840056806,108.91570498987376,3267.471149696213,2.214765100671141
0,1,160415,6.086310636181124,30.228676159699575,0.009227215646035418,5.93969696196642,123.2872504441027,3698.617513323081,1.610738255033557
0,1,160565,8.672853267135922,43.07517122677508,0.09651869654389372,6.441273166076535,103.93950557559232,3118.18516726777,5.8389261744966445
0,1,160715,6.564762642414404,32.60498779065821,0.030739084488064807,5.762811813689116,95.80796092352489,2874.238827705746,3.4228187919463084
0,1,160865,6.923805551194547,34.38823423759958,0.024628646151407568,5.909314681076443,100.15560354196255,3004.668106258877,3.825503355704698
0,1,161015,5.990140788129025,29.75103258104083,0.024128372426683125,5.474486277270287,104.52894931988143,3135.868479596443,2.8187919463087248
0,1,161165,6.489498355581988,32.2311751660572,0.037699933595160516,5.028916384274509,110.33552842471131,3310.0658527413393,3.6241610738255035
0,1,161315,7.11075209912977,35.316735425677855,0.08144198223448336,6.378087487642369,104.5120101041874,3135.360303125622,3.0201342281879193
0,1,161465,6.177611341483098,30.682136329366053,0.00481218872823811,5.939696961967023,111.59780073649277,3347.934022094783,1.2080536912751678
0,1,161615,6.697737868930471,33.265431415688006,0.01450746675881011,6.640783086354568,122.1527364454738,3664.5820933642144,0.8053691275167785
0,1,161765,7.120215223079823,35.36373560796313,0.025664121225976406,6.184658438426325,107.9989580691198,3239.9687420735936,2.61744966442953
0,1,161915,6.451651517147489,32.043202535165854,0.0065163939200218795,6.074537019395599,115.36549463102064,3460.9648389306194,1.8120805369127517
0,1,162065,6.5936567027433455,32.748494956958616,0.0050082361001364765,6.441273166073835,114.94112738155904,3448.233821446772,1.610738255033557
0,1,162215,6.663056015625303,33.093178210939,0.014365334448384061,6.328506932920539,114.06904318801685,3422.0712956405055,1.610738255033557
0,1,162365,6.581030390322561,32.68578427193538,0.0028206587856632517,5.731491952361109,114.79703805398121,3443.9111416194364,3.4228187919463084
0,1,162515,6.472243542535836,32.145476261261315,0.0037972856636275722,6.067124524844987,118.45470882096954,3553.641264629087,1.2080536912751678
0,1,162665,6.2988465877464925,31.28427138580759,0.0024965419777832464,5.731491952364411,113.17834482736765,3395.350344821029,2.8187919463087248
0,1,162815,6.117558790369694,30.383875325502814,0.011631562371662085,5.307541803886233,116.09720515149941,3482.916154544982,3.0201342281879193
0,1,162965,5.854147242473036,29.075597970949413,0.010115314694159386,5.161395160226333,115.84666417536158,3475.399925260847,1.610738255033557
0,1,163115,6.500808150864582,32.28734714929409,0.0063775014363233445,6.074537019393705,118.41616088347062,3552.484826504119,2.61744966442953
0,1,163265,5.980610673253057,29.703699677156845,0.007859369477066332,5.894064811317005,108.57704748681718,3257.3114246045157,0.8053691275167785
0,1,163415,5.957782733504709,29.590320909740054,0.009193188914864444,5.7706152185003665,117.6944869510553,3530.8346085316593,1.4093959731543624
0,1,163565,6.287986187234416,31.230331396597595,0.008902524022510398,5.770615218503026,115.94338114029124,3478.301434208737,1.8120805369127517
0,1,163715,6.532411049788169,32.444308213947906,0.006240988896355568,6.420280367709428,110.24399377180875,3307.319813154262,0.6040268456375839
0,1,163865,6.616560592176193,32.86225094114177,0.011690844152278727,6.242595614005216,120.97716746781285,3629.315024034386,1.8120805369127517
0,1,164015,6.589822823706061,32.7294533577401,0.007789649674041924,5.977457653549712,116.492422454896,3494.7726736468803,2.61744966442953
0,1,164165,6.376524874967456,31.670073545671706,0.006203611329180233,5.8249463516837245,108.83747971349416,3265.1243914048246,2.8187919463087248
0,1,164315,6.159965614016944,30.594495882950824,0.015309993632097249,5.307541803886233,115.81401142364433,3474.42034270933,3.4228187919463084
0,1,164465,6.397557810947653,31.774537127706672,0.01355844092517384,5.707889277132051,111.62025139684434,3348.6075419053304,3.221476510067114
0,1,164615,6.2034559797776705,30.810498032895758,0.0020782280866070307,5.433231082880993,113.14397368088632,3394.31921042659,3.4228187919463084
0,1,164765,6.274662903417284,31.16415908697251,0.004058864737974393,5.762811813689782,110.22309080882742,3306.692724264822,1.8120805369127517
0,1,164915,6.299435976251647,31.287198682049855,0.005203029124317376,5.89406481131783,117.73907192532954,3532.172157759886,2.214765100671141
0,1,165065,5.714704563275721,28.383032664269418,0.010241641212670776,5.239274758974062,108.81269690398022,3264.380907119406,3.0201342281879193
0,1,165215,6.451178328584048,32.04085236530078,0.014827287844666864,6.037383539250042,121.92456909252473,3657.7370727757416,2.013422818791946
0,1,165365,5.852431550069957,29.06707669868078,0.009089214543699278,5.2392747589706445,113.41543005206896,3402.4629015620694,2.61744966442953
0,1,165515,5.925442692470844,29.429698705938527,0.00490056158778997,5.433231082882123,109.97338533073162,3299.2015599219494,2.214765100671141
0,1,165665,6.269029628412827,31.136180487783705,0.008054896912551256,5.7706152185012085,114.86665923170443,3445.9997769511338,2.214765100671141
0,1,165815,5.76419089973761,28.628814802030128,0.012245388615748849,5.4083269131950855,112.21298348876924,3366.3895046630773,2.4161073825503356
0,1,165965,5.853957944044438,29.07465778875404,0.009488066428400346,5.239274758974062,112.50670800508674,3375.201240152602,2.8187919463087248
0,1,166115,6.045770363138577,30.027326136921594,0.004950846665311877,5.028916384272576,114.86286233131412,3445.8858699394236,4.630872483221476
0,1,166265,5.860336066591996,29.106335797406917,0.0064183763364447565,5.366563145998428,116.52740317094754,3495.822095128425,1.4093959731543624
0,1,166415,6.0532262347603325,30.064356965976316,0.009036000818229459,5.762811813687652,110.98712830155583,3329.6138490466756,1.8120805369127517
0,1,166565,5.918587820658344,29.395652842603113,0.005579471071683679,5.366563146001478,113.872178181427,3416.16534544281,2.013422818791946
0,1,166715,6.172805012361665,30.658264894729594,0.03188196246653868,6.029925372673837,115.7871895801142,3473.6156874034264,1.4093959731543624
0,1,166865,6.48534238962472,32.21053386846943,0.033155052640497985,5.9169248769966005,113.94980082804594,3418.494024841379,2.013422818791946
0,1,167015,5.499228314031334,27.31283395968896,0.01548596971941511,5.3413481444293875,115.43111156623178,3462.9333469869534,1.610738255033557
0,1,167165,4.798232799764183,23.831222905495444,0.012789734471086852,4.837354648981605,118.63680634461458,3559.104190338437,1.2080536912751678
0,1,167315,5.588432204790942,27.755879950461676,0.01309472578626204,5.507267925206125,108.36555596396259,3250.966678918877,2.013422818791946
0,1,167465,5.131012714658613,25.484029816137777,0.006327302084062732,4.920365840057325,113.34243394861242,3400.273018458373,1.4093959731543624
0,1,167615,5.759620282073331,28.60611406763088,0.0151773801186471,5.731491952362447,118.16971974407853,3545.0915923223565,1.8120805369127517
0,1,167765,5.827737719598269,28.944430674004742,0.01097439459296808,5.247856705360238,120.50236713583497,3615.0710140750493,2.61744966442953
0,1,167915,5.092599442567221,25.293243898083865,0.009627705889325258,4.1677331968349565,111.84996854651314,3355.4990563953943,4.026845637583892
0,1,168065,5.326409217229082,26.454499112237773,0.007756066157832101,4.579301256741591,114.31372010418876,3429.4116031256626,4.026845637583892
0,1,168215,4.876015660363526,24.217544446472182,0.016335298145996675,4.509988913514578,112.0461621587765,3361.384864763294,2.214765100671141
0,1,168365,5.311548089614416,26.380688845084933,0.02290130868937974,4.992995093127682,118.23614183784832,3547.08425513545,1.8120805369127517
0,1,168515,5.579280856896484,27.710428255919197,0.011274094508789566,5.433231082880993,109.9942685933354,3299.8280578000627,1.610738255033557
0,1,168665,4.902046345869256,24.34683018448397,0.0012988457372931806,4.539823785126564,118.18876402582069,3545.6629207746196,4.832214765100671
0,1,168815,6.492944977702898,32.248293389257725,0.090236800524398,5.5154328932547845,105.80649546679957,3174.1948640039877,4.228187919463087
0,1,168965,11.27159850647756,55.98227258217187,0.26412144073440047,9.124143795449404,90.26448286725886,2707.9344860177657,4.228187919463087
0,1,169115,6.030460196061323,29.951285640437902,0.038431954378879946,5.408326913195322,115.38018908899649,3461.4056726698946,2.4161073825503356
0,1,169265,5.4757454366092695,27.196202335159366,0.006839585545253875,4.666904755831792,117.9596174644722,3538.7885239341654,3.825503355704698
0,1,169415,5.716554031279372,28.392218355354217,0.01166551690636356,5.099999999999575,117.7985675503919,3533.957026511757,3.221476510067114
0,1,169565,6.427462133026332,31.92306192736412,0.011246617327537024,5.8249463516839874,115.147009397705,3454.41028193115,3.0201342281879193
0,1,169715,6.09208689081913,30.25736489106834,0.0078000339842504455,5.178802950488417,118.84119975183633,3565.2359925550913,4.429530201342282
0,1,169865,6.250286587100854,31.04309004926757,0.01733541863998934,5.824946351682495,114.16677852630342,3425.003355789102,1.8120805369127517
0,1,170015,5.575173088434516,27.69002633922476,0.0003611408626886592,5.10881590977668,116.48375339546655,3494.512601863996,2.4161073825503356
0,1,170165,6.418358878757337,31.87784909782811,0.0015684872541597593,6.067124524844861,106.15708952589559,3184.712685776867,2.4161073825503356
0,1,170315,5.335157743683605,26.497950126961904,0.0035602682799436977,5.108815909780134,110.94290760303126,3328.2872280909373,1.4093959731543624
0,1,170465,5.6743518963515305,28.18261441854593,0.004980257913329631,5.028916384272576,112.50663006946577,3375.1989020839733,3.221476510067114
0,1,170615,6.012352210961138,29.861349314440318,0.003919682191005593,5.793962374749124,114.66501297515339,3439.9503892546013,2.013422818791946
0,1,170765,6.554344387530703,32.55324379140249,0.06194107453826949,5.474486277268185,101.71338329224578,3051.401498767373,4.832214765100671
0,1,170915,6.811956755794884,33.83271855378126,0.010611812374743766,6.0074953183481785,112.10409205262404,3363.122761578721,3.4228187919463084
0,1,171065,6.785342028679819,33.70053207577644,0.01454891055674737,6.363961030678566,114.06792808210314,3422.0378424630935,2.214765100671141
0,1,171215,6.8688456255164985,34.115266606731936,0.007694153412135304,6.3285069329171835,112.2846496865919,3368.5394905977573,2.4161073825503356
0,1,171365,7.430617303533757,36.905399274217665,0.011495989125047347,6.92603782836629,112.90911914502809,3387.2735743508424,2.4161073825503356
0,1,171515,7.73255680017222,38.40503210752202,0.002816467851427905,7.500000000001194,125.04007441182216,3751.2022323546653,2.214765100671141
0,1,171665,7.450330782208683,37.00330955163645,0.006326298945982088,6.606814663662906,116.22036393377577,3486.6109180132726,3.0201342281879193
0,1,171815,8.000435401548208,39.735495827689434,0.011956034042433696,6.640783086354568,114.63439910658009,3439.0319731974027,4.630872483221476
0,1,171965,7.315697933839582,36.33463307140325,0.012935317086493625,6.177378084592711,118.40161842815043,3552.048552844513,3.221476510067114
0,1,172115,9.01394669623252,44.76926859128818,0.013956448111240664,7.800000000000187,114.76271531044983,3442.8814593134957,3.221476510067114
0,1,172265,8.77133122833103,43.56427843404411,0.007807934373317134,7.823042886242865,119.04579037512563,3571.3737112537697,3.0201342281879193
0,1,172415,7.7397759136864295,38.440887037975926,0.007615475238044418,6.4761099434767875,110.80523692077347,3324.1571076232035,5.033557046979865
0,1,172565,8.777605038019926,43.595438355498956,0.009246675859243757,7.8917678627791075,115.82937000225361,3474.8811000676083,2.214765100671141
0,1,172715,8.910598035690855,44.25597024393125,0.007804558772061134,7.742092740339351,106.22137972286029,3186.641391685809,2.8187919463087248
0,1,172865,8.730636854795636,43.36216304548499,0.022971463950039607,7.742092740338163,112.8357258645294,3385.071775935882,3.0201342281879193
0,1,173015,9.473762167795941,47.05301876671983,0.012414150887032334,8.705170877127898,108.87762448309442,3266.328734492832,2.4161073825503356
0,1,173165,9.40171231581445,46.6951711685451,0.0031181425004321627,8.405355435673043,113.12448364216655,3393.734509264996,3.4228187919463084
0,1,173315,7.116438625713144,35.34497850770862,0.010810572806191212,6.6610809933515585,115.41179024758654,3462.353707427597,2.4161073825503356
0,1,173465,8.532905055919905,42.38009511106886,0.0437258457473303,7.523961722390662,111.36314577374056,3340.8943732122166,2.8187919463087248
0,1,173615,9.514326753801909,47.25448954388281,0.04250615129915,8.949860334106155,108.28768391734228,3248.6305175202688,3.221476510067114
0,1,173765,7.911762957436543,39.29508935526816,0.005019223329664676,7.305477397131911,115.21834900026302,3456.550470007891,1.610738255033557
0,1,173915,8.305744349942657,41.25186360471519,0.03577382874382207,7.200000000000273,111.37121664711326,3341.1364994133983,4.026845637583892
0,1,174065,6.485591824688699,32.211772729287205,0.009441831378573249,5.8249463516837245,117.46610764199485,3523.9832292598453,2.61744966442953
0,1,174215,6.737447032375302,33.46265359413067,0.01822927755218404,6.5795136598397175,114.12101614432464,3423.630484329739,1.8120805369127517
0,1,174365,6.211778075515765,30.85183110839497,0.02296752329003429,5.5317266743764355,116.42479257054954,3492.743777116486,2.013422818791946
0,1,174515,6.569975739984123,32.63087950858781,0.0031252724967161033,6.328506932917629,112.62266923644225,3378.680077093267,1.4093959731543624
0,1,174665,6.579219454966941,32.67678995966914,0.0008655767987744826,6.307138812486262,115.88836509763966,3476.6509529291893,1.610738255033557
0,1,174815,6.769588174675651,33.6222879342224,0.0029742175843465203,6.177378084592711,104.65969411981146,3139.790823594344,2.61744966442953
0,1,174965,6.767055348964925,33.609708233192464,0.002166073516248185,5.977457653549712,113.56049239041108,3406.814771712332,3.4228187919463084
0,1,175115,7.5864300592898175,37.67926929447276,0.0035408499989393652,7.130918594403804,116.62335683429774,3498.700705028932,1.8120805369127517
0,1,175265,6.813872989966363,33.842235850166276,0.00954753373443247,6.184658438426325,117.3557859927905,3520.6735797837146,3.4228187919463084
0,1,175415,6.710054039453324,33.326601729284846,0.005709042207479455,6.307138812489709,113.06764732985002,3392.0294198955007,2.214765100671141
0,1,175565,6.944416160811693,34.49060026536474,0.019393100009318806,6.328506932917305,110.29923822804491,3308.9771468413473,4.026845637583892
0,1,175715,6.935067134704439,34.444166769032044,0.006626789544391516,6.356886030125302,108.64509300757655,3259.352790227297,3.0201342281879193
0,1,175865,7.141257380621354,35.46824499041938,0.005319677438003146,6.627216610312273,112.05141970285116,3361.542591085535,2.8187919463087248
0,1,176015,6.332979532675337,31.45379834562084,0.022901753569561416,6.606814663660971,114.70530793962477,3441.1592381887435,1.8120805369127517
0,1,176165,6.941354284318905,34.475392945450565,0.021413567473468252,5.731491952364411,109.91843348803829,3297.553004641148,4.228187919463087
0,1,176315,5.285835038106953,26.252980689264533,0.01607508731733411,4.920365840057325,113.10904587064672,3393.2713761194013,3.4228187919463084
0,1,176465,5.442739145712497,27.03227109037207,0.003984248892098409,5.161395160225144,111.30381587258238,3339.1144761774713,1.8120805369127517
0,1,176615,5.717536173359448,28.397096327685254,0.011705964544262551,4.992995093127682,114.69566396673565,3440.86991900207,3.4228187919463084
0,1,176765,6.589589082767351,32.728292444411174,0.011505745627116332,6.177378084592711,115.4047370227643,3462.142110682929,2.013422818791946
0,1,176915,5.734306296671697,28.48038794013609,0.010533564382289128,5.531726674377545,115.80065164225702,3474.0195492677108,1.4093959731543624
0,1,177065,5.8799453657891165,29.203728650085946,0.010431233897717938,5.515432893254878,115.76542038364028,3472.9626115092083,2.013422818791946
0,1,177215,5.403747263901476,26.838611410710666,0.009836856743770894,4.96588360717371,113.95063057429034,3418.5189172287105,2.013422818791946
0,1,177365,5.410897968206913,26.874126575427667,0.006401938491209058,5.2392747589739646,113.1687866192686,3395.0635985780577,1.610738255033557
0,1,177515,5.694196732572612,28.281177105110636,0.0022640939638512094,5.408326913197875,114.62874986936829,3438.8624960810494,1.8120805369127517
0,1,177665,5.552249675788229,27.576173389748202,0.011386872461388009,5.531726674375603,119.27618529378401,3578.2855588135203,1.2080536912751678
0,1,177815,5.301324957601505,26.329913956087474,0.009903871947435973,4.837354648979384,114.771333946393,3443.1400183917895,1.8120805369127517
0,1,177965,5.871004101139286,29.159320368991786,0.013896619902636555,5.366563145998428,114.7516526141091,3442.549578423273,2.013422818791946
0,1,178115,5.680296401908831,28.212138796147197,0.003267935311073818,5.126402247192842,110.1106939685243,3303.320819055729,2.4161073825503356
0,1,178265,5.3816361823046925,26.72879303877997,0.008613082092050722,4.992995093128143,114.7239810721367,3441.7194321641005,2.214765100671141
0,1,178415,4.8887977693601705,24.281028921155514,0.009579250852489063,4.579301256742205,112.46953537872376,3374.0860613617133,1.2080536912751678
0,1,178565,5.53870007101785,27.50887701938865,0.013932788229217825,4.947726750740829,115.468367619367,3464.05102858101,3.0201342281879193
0,1,178715,5.1910038692075595,25.78198588373088,0.009021572971187343,4.920365840055246,114.79310964237018,3443.7932892711056,2.4161073825503356
0,1,178865,5.509620079165347,27.364446393187883,0.01296145194838275,5.100000000000728,114.14052936452305,3424.2158809356915,3.0201342281879193
0,1,179015,5.404556338391349,26.842629814010365,0.009614175652663271,4.6957427527491005,109.77134486243314,3293.1403458729947,4.026845637583892
0,1,179165,6.228159389801132,30.933191636012282,0.01060428529965432,5.604462507682753,112.08948586082712,3362.6845758248137,3.825503355704698
0,1,179315,6.100063578201361,30.296982438400086,0.005322152306548604,5.247856705360238,117.21881711482139,3516.5645134446413,4.630872483221476
0,1,179465,7.863819886711691,39.0569721040014,0.008587716316868005,7.451845409025719,113.3708513789615,3401.125541368846,2.013422818791946
0,1,179615,6.17233140438946,30.655912641800985,0.00490388152981732,5.707889277133799,113.97738889723998,3419.3216669171984,2.4161073825503356
0,1,179765,6.409756641767523,31.835124654112036,0.00710768914644484,6.029925372672989,116.32377745817551,3489.713323745265,2.214765100671141
0,1,179915,6.28294748504447,31.205305842387535,0.006813037415129847,5.408326913196173,111.27164040207893,3338.1492120623684,4.228187919463087
0,1,180065,5.971356137246945,29.657735481659824,0.002454708618527938,5.408326913196173,112.72318732219996,3381.695619665999,3.4228187919463084
0,1,180215,6.687470932074518,33.21443896263676,0.011200595776231847,6.155485358604803,116.55848568377053,3496.7545705131156,3.825503355704698
0,1,180365,6.3736364803295995,31.655727852303677,0.018160735294241562,5.636488268416964,114.13735276303844,3424.1205828911525,3.6241610738255035
0,1,180515,7.109807023277271,35.31204154894378,0.00749784023476824,6.184658438426904,113.39860422786558,3401.9581268359675,2.8187919463087248
0,1,180665,6.894839352154326,34.24436878236649,0.0014890096371771764,6.067124524846546,111.10068258106945,3333.0204774320837,4.026845637583892
0,1,180815,6.727277461096005,33.41214472344349,0.022432956467227746,6.242595614004519,115.73616945012007,3472.0850835036017,2.4161073825503356
0,1,180965,6.482388573187891,32.1958632468332,0.008334243292152295,5.824946351686052,118.3447769428124,3550.3433082843717,3.6241610738255035
0,1,181115,6.789742119507447,33.72238586022032,0.009604382565234758,6.000000000002046,109.57494759980966,3287.24842799429,4.630872483221476
0,1,181265,6.372708005320574,31.651116426425514,0.0018956677291121218,5.7706152185012085,112.50105326963768,3375.03159808913,2.013422818791946
0,1,181415,5.9988611363909525,29.794343644075063,0.0020415829940620017,5.239274758972891,109.32442820838227,3279.7328462514683,4.026845637583892
0,1,181565,6.882873763557361,34.18493969233489,0.00381407863455389,6.067124524844987,106.17841232720534,3185.3523698161603,4.429530201342282
0,1,181715,6.569466212964804,32.6283488577252,0.0181239443116623,6.029925372672141,117.71240337338467,3531.37210120154,3.0201342281879193
0,1,181865,6.698142103838828,33.26743911573284,0.009924162759743671,6.06712452484739,120.44141165172142,3613.2423495516427,2.4161073825503356
0,1,182015,6.903690541177282,34.28832968784717,0.010993872840444544,6.264183905346349,120.61831801073463,3618.549540322038,3.6241610738255035
0,1,182165,6.394407876061255,31.758892451104224,0.0067971618274037604,5.93969696196642,111.50653315243827,3345.1959945731487,3.4228187919463084
0,1,182315,5.757711846939543,28.59663550646639,0.0042253383167620675,5.4332310828825925,110.32419888408089,3309.725966522427,3.0201342281879193
0,1,182465,6.308912821741715,31.334267014650514,0.006055244870460174,5.408326913196504,120.39878737706795,3611.963621312038,4.630872483221476
0,1,182615,5.99743823159363,29.787276550248368,0.007332100210975148,5.770615218499657,116.61684801687427,3498.5054405062288,2.214765100671141
0,1,182765,6.493429203425361,32.25069837701263,0.007893114073109464,5.53172667437551,115.647609026025,3469.4282707807497,4.026845637583892
0,1,182915,6.095805412984024,30.275833551153987,0.006647087606520413,5.239274758970938,109.12885602464539,3273.865680739362,4.429530201342282
0,1,183065,5.466049825033305,27.14804746433208,0.010739173604485255,4.9658836071733505,120.62837102500501,3618.8511307501512,2.8187919463087248
0,1,183215,6.361078192867831,31.59335502457689,0.0034961025850518894,5.731491952361019,113.1462437513635,3394.3873125409054,2.214765100671141
0,1,183365,5.990006988789086,29.750368044319124,0.014045259799579502,5.316013544000878,115.5945464219962,3467.8363926598863,3.4228187919463084
0,1,183515,5.89769968532238,29.291908437101156,0.012594513454326755,5.507267925207518,114.09528036293189,3422.858410887957,2.013422818791946
0,1,183665,5.954168956977377,29.57237248632097,0.013648168458546954,5.507267925204453,123.74895464775305,3712.468639432592,2.61744966442953
0,1,183815,5.945689914517739,29.530259908771434,0.004848525244108395,5.707889277132051,111.79441268561482,3353.8323805684445,2.214765100671141
0,1,183965,6.228085917534619,30.93282672375527,0.004252099737094068,5.770615218499657,113.00800329532926,3390.2400988598783,2.8187919463087248
0,1,184115,5.553610431894566,27.582931811743013,0.018379180200476564,4.837354648979807,109.89806010167851,3296.941803050356,2.61744966442953
0,1,184265,5.717653822084659,28.39768064968714,0.005678110017330488,5.307541803886233,114.61810976784105,3438.5432930352317,2.4161073825503356
0,1,184415,5.610978169403327,27.86785824136986,0.0045389604508233004,5.408326913196173,114.24570917652196,3427.371275295658,3.0201342281879193
0,1,184565,5.943800899101677,29.52087779887166,0.00879428794372941,5.58032257132342,114.55787934496075,3436.736380348822,3.0201342281879193
0,1,184715,6.368326349927079,31.62935420463782,0.005384044914653388,5.53172667437551,118.31571499226457,3549.471449767937,3.4228187919463084
0,1,184865,5.717179277399127,28.395323744415663,0.007731730265768951,5.239274758972402,114.21741028215814,3426.522308464745,3.0201342281879193
0,1,185015,6.441543301174863,31.992998395835155,0.005202174791863346,5.939696961967023,117.67878840809564,3530.363652242869,2.4161073825503356
0,1,185165,5.9103521696157015,29.354749109091316,0.0012282684692905166,5.4332310828825925,113.25055282309577,3397.516584692874,3.0201342281879193
0,1,185315,6.276971721267174,31.175626215626966,0.007811099336172069,6.0,112.26889181056953,3368.0667543170857,1.8120805369127517
0,1,185465,6.161564558863713,30.60243730902311,0.003810776139145676,5.770615218499923,115.35721284664065,3460.7163853992197,2.8187919463087248
0,1,185615,6.273717035843054,31.159461278020505,0.007038540237837175,5.5317266743781,115.6130139678297,3468.3904190348912,3.0201342281879193
0,1,185765,5.917018659456276,29.38785934196617,0.005194096427662518,4.8093658625643005,116.22907420065981,3486.872226019794,5.23489932885906
0,1,185915,5.797667779085427,28.79508330279095,0.004049963553519911,4.920365840056806,115.46867334501674,3464.0602003505023,4.429530201342282
0,1,186065,5.825901068302348,28.935308639234997,0.010075841884988238,5.316013543999483,111.45676872058539,3343.7030616175607,3.221476510067114
0,1,186215,6.309173594207158,31.335562184562217,0.002301252011518949,5.660388679233063,116.43435626188457,3493.0306878565366,2.8187919463087248
0,1,186365,5.584781240384827,27.737746827244642,0.015304044275104376,5.239274758971035,120.4088702864096,3612.266108592287,2.214765100671141
0,1,186515,6.09445349098188,30.26911900521,0.006898322020611371,5.399999999998499,112.31412298400261,3369.4236895200784,3.4228187919463084
0,1,186665,5.906569751235872,29.33596309780483,0.007622275669098572,5.178802950491776,112.37157013033169,3371.147103909951,3.4228187919463084
0,1,186815,6.0564247546650485,30.08024294816974,0.004908478660123675,5.126402247189649,106.49285362980571,3194.7856088941717,4.026845637583892
0,1,186965,5.879517959733053,29.201605866674164,0.0029258677705365863,5.731491952362714,118.11356158863788,3543.4068476591356,1.2080536912751678
0,1,187115,5.879872809558386,29.203368287473317,0.004451541298945697,5.16139516022564,117.04711719770204,3511.4135159310617,3.221476510067114
0,1,187265,5.914627815634041,29.375984817649066,0.011377167486163305,5.660388679235954,114.18553606936513,3425.5660820809544,1.610738255033557
0,1,187415,5.792777702699633,28.770795923408173,0.011553917509159933,4.920365840056806,116.60450939738564,3498.1352819215695,4.832214765100671
0,1,187565,5.542542465786225,27.527960913404915,0.007825010830369612,5.099999999998772,113.67538426980592,3410.2615280941773,3.825503355704698
0,1,187715,5.935083638641602,29.47758207191996,0.008904668446948018,5.531726674374216,118.5928477024139,3557.785431072418,2.61744966442953
0,1,187865,5.339330380819722,26.51867422473795,0.013501816597804542,4.743416490252515,114.83851672555839,3445.155501766752,4.832214765100671
0,1,188015,6.164420132105729,30.616619989458453,0.001847641657190423,5.3413481444293875,110.32036254324099,3309.6108762972294,3.4228187919463084
0,1,188165,6.574350191360194,32.652605950422306,0.016492297170127457,6.074537019394252,120.43959188514772,3613.1877565544314,3.4228187919463084
0,1,188315,6.273779973678911,31.159773869271923,0.0020549328324051845,5.53172667437551,116.80216908153473,3504.0650724460415,2.8187919463087248
0,1,188465,5.649413809604398,28.05875525436851,0.010080372771724392,5.099999999998772,103.54794086231534,3106.43822586946,3.221476510067114
0,1,188615,5.849557344317727,29.052801476778047,0.004617939469872812,5.76281181369178,118.22020686882856,3546.606206064856,2.61744966442953
0,1,188765,5.9865962849578835,29.73342821529082,0.004756308462425927,5.2478567053597995,115.41471808411,3462.4415425233005,4.832214765100671
0,1,188915,6.3347952050442755,31.462816185053235,0.002313877386709541,5.999999999999318,106.95404260259441,3208.621278077833,2.4161073825503356
0,1,189065,6.426024508854414,31.91592172731025,0.0003133232399007418,5.762811813689782,113.76409464687528,3412.9228394062584,3.0201342281879193
0,1,189215,5.1667164501684395,25.661358369169918,0.006450533568453472,4.947726750740829,115.26429467021535,3457.9288401064605,2.4161073825503356
0,1,189365,6.157347797883173,30.58149406281976,0.01701631948332307,6.000000000002046,111.59928450337573,3347.9785351012715,2.4161073825503356
0,1,189515,6.217955263966347,30.88251114436619,0.005765235129858146,5.531726674377545,118.23747231083843,3547.124169325153,4.630872483221476
0,1,189665,6.125859167359285,30.425100531217783,0.00207872947333425,5.699999999999932,112.1562396393038,3364.6871891791143,1.610738255033557
0,1,189815,5.771729572781707,28.66625687814914,0.011617021277750965,5.108815909778381,113.00824764164516,3390.247429249355,3.0201342281879193
0,1,189965,5.83280391900339,28.969592797716842,0.003603884452851399,5.1000000000004775,114.01524320374526,3420.457296112358,3.6241610738255035
0,1,190115,5.582302446209188,27.725435482838968,0.00516414650083165,5.3413481444293875,115.2734831401704,3458.204494205112,2.214765100671141
0,1,190265,6.061665962345998,30.106274279651792,0.0017887184435766692,5.731491952362447,112.89330163572593,3386.799049071778,2.013422818791946
0,1,190415,6.899712934501387,34.2685742413569,0.009717839842457682,6.0,116.84483770193735,3505.3451310581213,5.033557046979865
0,1,190565,6.543196621050332,32.49787655121665,0.013932272042244924,6.307138812487478,114.80236962115717,3444.071088634715,2.013422818791946
0,1,190715,6.927240214596351,34.40529306582853,0.014392458020285347,6.118823416312633,111.11471055921368,3333.44131677641,3.221476510067114
0,1,190865,6.328345954553351,31.43078490761497,0.01861980212254309,6.184658438428145,116.11954142866023,3483.586242859807,0.8053691275167785
0,1,191015,6.856809078938265,34.05548509206004,0.0042754404288192814,6.307138812489709,115.30982078323107,3459.2946234969327,3.6241610738255035
0,1,191165,6.4773915768627415,32.171044831751615,0.007047196700037105,5.824946351685833,115.92267928441413,3477.6803785324237,3.4228187919463084
0,1,191315,6.553295940767805,32.548036505813435,0.006221099305852599,6.4202803677087505,108.76336646173611,3262.900993852083,1.4093959731543624
0,1,191465,7.014875143954324,34.84054654830648,0.008524115650327452,6.363961030678566,109.06662807228926,3271.9988421686776,2.8187919463087248
0,1,191615,6.391806681467477,31.745973184621803,0.007326726625755943,5.7706152185020505,114.53304587241485,3435.991376172445,4.026845637583892
0,1,191765,7.342859963669674,36.46953781955938,0.0019772947457165173,7.499999999998465,123.1919320163137,3695.7579604894113,1.2080536912751678
0,1,191915,6.847602370803687,34.009758441658306,0.01377883883998507,6.606814663662906,112.24808678286377,3367.4426034859134,1.4093959731543624
0,1,192065,6.305457227832693,31.317104231569036,0.006907825031593253,5.692099788303838,113.4951435311407,3404.854305934221,3.0201342281879193
0,1,192215,6.161343480553434,30.601339286748722,0.006616853119261672,5.731491952362447,110.65427795608619,3319.628338682586,2.214765100671141
0,1,192365,6.535133548746334,32.45782995877346,0.00957071041824884,5.731491952363072,107.54966330466883,3226.489899140065,4.630872483221476
0,1,192515,6.80894757276744,33.817772944744945,0.001724227051964195,5.894064811318219,106.65496740604534,3199.64902218136,4.228187919463087
0,1,192665,7.361060146299683,36.55993205995509,0.005691655009795884,6.42028036771146,114.05659615795402,3421.6978847386204,3.4228187919463084
0,1,192815,6.03620985096112,29.979842259773555,0.005825330582210622,5.909314681076098,106.80481690763325,3204.1445072289966,3.4228187919463084
0,1,192965,6.598014650262973,32.77013942963943,0.0021577777619935204,5.954829972383158,111.16924061312248,3335.0772183936747,3.4228187919463084
0,1,193115,6.119150436809271,30.391780502819373,0.0020014498754799873,5.531726674375696,112.19940097748041,3365.9820293244134,3.825503355704698
0,1,193265,6.127357121158349,30.432540368419804,0.009200677847141934,5.307541803886233,112.07979272589014,3362.3937817767037,5.033557046979865
0,1,193415,6.105151802669293,30.322253953257484,0.006300644142087469,5.3413481444293875,119.92996917611481,3597.8990752834443,5.033557046979865
0,1,193565,6.385422942748616,31.714267282318126,0.0065003955300530535,5.824946351682495,124.99772710652974,3749.9318131958917,4.228187919463087
0,1,193715,5.354816947881214,26.595590841143363,0.014969420575232298,4.429446918070611,111.33263116861767,3339.97893505853,5.4362416107382545
0,1,193865,5.979997428224525,29.700653893515145,0.0020201575431678526,4.837354648978537,112.83467740942855,3385.0403222828563,6.644295302013423
0,1,194015,6.088907127846326,30.241572068303427,0.010143561065895751,5.660388679233063,117.50281040485524,3525.084312145658,4.026845637583892
0,1,194165,6.481851509701201,32.193195831515965,0.007251605333634614,5.408326913195322,111.86765490069513,3356.029647020854,5.23489932885906
0,1,194315,6.307670994295088,31.3280992716656,0.012133885074819155,5.408326913194612,114.49316778180386,3434.795033454116,4.832214765100671
0,1,194465,6.62694202681145,32.91381206649687,0.004899011838562198,5.824946351682495,115.21793878648701,3456.53816359461,4.026845637583892
0,1,194615,6.681309678623519,33.18383807049681,0.014278466180213722,6.074537019395599,111.60722458869944,3348.216737660983,4.630872483221476
0,1,194765,6.153507024143702,30.562418219913724,0.003953563453863769,5.894064811317005,120.97608342165624,3629.2825026496866,2.61744966442953
0,1,194915,6.864063825403424,34.091516999503675,0.0033444549420183415,6.661080993351059,120.37793020362705,3611.3379061088117,1.610738255033557
0,1,195065,6.091981885474572,30.256843364523714,0.005173201861782675,5.408326913196504,116.26958386546785,3488.0875159640354,4.832214765100671
0,1,195215,7.329996293591185,36.40564825816955,0.01154974409055418,6.606814663664378,117.6618948046385,3529.8568441391544,4.832214765100671
0,1,195365,6.009763364378368,29.848491376412557,0.0074387690256003105,4.920365840058001,108.13213768020283,3243.9641304060847,5.4362416107382545
0,1,195515,5.664548235138019,28.133922901185493,0.00277609692161871,5.16139516022564,118.9598437122917,3568.795311368751,4.429530201342282
0,1,195665,6.681751586238103,33.18603287831591,0.013340518104313906,6.074537019393241,113.28414887857083,3398.5244663571243,3.4228187919463084
0,1,195815,5.759890398805031,28.607455647398318,0.02167549073779642,5.16139516022564,116.61239037051078,3498.3717111153223,4.228187919463087
0,1,195965,6.926516027217992,34.40169626851603,0.006786070918608083,6.264183905347656,122.76022314186473,3682.8066942559426,4.832214765100671
0,1,196115,7.487419351827627,37.18751611407722,0.013372570215250127,6.661080993352441,117.5743086275374,3527.2292588261225,4.832214765100671
0,1,196265,6.750445066352382,33.52721049621683,0.00447397793553235,6.661080993352211,116.88507383168066,3506.55221495042,3.0201342281879193
0,1,196415,6.972668632280657,34.630920873660585,0.01444085162581907,6.5863495200287145,115.11443847683702,3453.433154305111,2.61744966442953
0,1,196565,6.247037946099689,31.02695513229512,0.016836918519297903,5.93969696196642,107.54402571467904,3226.3207714403716,2.4161073825503356
0,1,196715,7.216962454088726,35.84424685530735,0.0075118956033213505,6.6272166103125825,116.9513048617522,3508.5391458525664,3.0201342281879193
0,1,196865,7.291590344270066,36.214898709874646,0.0016100975296259824,6.76830850360675,114.45998993177946,3433.7996979533837,3.0201342281879193
0,1,197015,6.967869898397273,34.60708716203979,0.005677126945818344,5.692099788302759,120.72499426018808,3621.7498278056423,5.23489932885906
0,1,197165,6.723102796532844,33.39141055611312,0.007099592017061605,6.413267497927422,114.56615737808094,3436.984721342428,2.214765100671141
0,1,197315,6.694975495674879,33.251711628518564,0.015987187677404667,6.06712452484739,111.72655311178848,3351.7965933536543,4.026845637583892
0,1,197465,6.478265404901605,32.175384844344634,0.013916609411543754,5.999999999999659,112.24348411148462,3367.3045233445387,2.4161073825503356
0,1,197615,6.466251984292455,32.11571818865253,0.01578515763675375,6.328506932920094,114.54368389339018,3436.3105168017055,2.214765100671141
0,1,197765,6.236490704442329,30.974570498730234,0.0012913819096088313,5.604462507682524,112.12218857859031,3363.66565735771,2.8187919463087248
0,1,197915,6.076748283539048,30.18118314157727,0.004243123410634641,5.408326913194848,110.1065968762548,3303.1979062876435,4.228187919463087
0,1,198065,5.900751627133404,29.307066414762573,0.000682429272071646,5.178802950488417,113.5039663748286,3405.1189912448576,3.825503355704698
0,1,198215,6.376445281246027,31.669678230188595,0.007010997443609703,5.7706152185012085,116.89188065445613,3506.7564196336834,2.214765100671141
0,1,198365,6.47444904800025,32.15643027173457,0.006133480226707592,5.699999999999932,115.0557845053656,3451.6735351609673,4.630872483221476
0,1,198515,6.640299293431559,32.98015315737674,0.014869791267172201,5.660388679234237,115.02663539020874,3450.7990617062624,3.4228187919463084
0,1,198665,6.431149553116774,31.941376113813313,0.009537188477700527,6.037383539251186,119.80041610374508,3594.012483112352,1.8120805369127517
0,1,198815,5.917476704375657,29.390134298399094,0.019355423842486768,5.408326913196504,118.1987415220468,3545.962245661404,2.4161073825503356
0,1,198965,6.78806022156006,33.7140324337483,0.01075194371721032,6.06712452484739,115.87673550730706,3476.302065219212,2.61744966442953
0,1,199115,7.340362636826545,33.276310620280334,0.015160332405290033,6.794644421290358,116.15295996493931,3484.5887989481794,2.8676470588235294
1,1,54000,95.63679249677712,474.99606940065974,0.21761763550029734,83.6876334950394,24.371349263039153,731.1404778911746,4.026845637583892
1,1,54150,56.1669925574172,278.9627297018387,0.04400275743050301,41.238816665852234,51.44318399422846,1543.295519826854,6.845637583892617
1,1,54300,75.05626841581442,372.7794664652116,0.33920579826797415,57.43256915723097,33.4535331424459,1003.6059942733768,7.248322147651007
1,1,54450,82.62690967150122,410.3803180351228,0.19398470130426665,56.96683245538558,23.157403273395722,694.7220982018719,9.060402684563758
1,1,54600,100.55132549131845,499.40491660688167,0.21486254135048954,83.75320889374932,16.927028765153747,507.81086295461233,5.8389261744966445
1,1,54750,89.59062535919139,444.96677261731725,0.3287810479258607,73.50734657162096,31.78263507469783,953.479052240935,6.241610738255034
1,1,54900,71.11630612721567,353.2109870985045,0.1277724640523115,47.678296949450434,35.690613541835866,1070.718406255076,9.060402684563758
1,1,55050,69.27957583516852,344.0885599813369,0.021815557786560337,54.08326913195984,53.3925982339558,1601.777947018674,5.4362416107382545
1,1,55200,46.13415762076293,229.13298284978924,0.07483000766284405,45.8911756223348,66.09034989817842,1982.7104969453528,3.0201342281879193
1,1,55350,40.429114569312596,200.79793569425254,0.10965991496539483,34.09589418096954,69.87519315565783,2096.255794669735,3.6241610738255035
1,1,55500,59.771848483703806,296.8668474690623,0.31189501399874875,47.64241807465422,59.42350540650176,1782.7051621950532,5.8389261744966445
1,1,55650,77.76998493974907,386.2575918674203,0.14018350397599985,54.99254494929169,31.56205801140516,946.8617403421549,7.046979865771812
1,1,55800,61.755005465860414,306.7165271471067,0.07030066112797076,45.67986427300618,73.53548231834114,2206.064469550234,7.449664429530201
1,1,55950,85.54284878918428,424.8628156529486,0.5132248649870434,67.39792281665869,35.07584224246421,1052.2752672739264,6.241610738255034
1,1,56100,87.89797646906564,436.5599497963593,0.23128504142889034,68.28213529174428,42.02140307152949,1260.6420921458848,6.644295302013423
1,1,56250,66.82429926648305,331.8940196901991,0.008453842439333658,63.345481291088795,74.76625779242852,2242.987733772856,3.221476510067114
1,1,56400,96.65304165687681,480.0434402291548,0.3138492881071062,84.14826201413614,22.535086265083926,676.0525879525179,4.832214765100671
1,1,56550,70.48064100391785,350.0538503194587,0.3687948944985877,53.458114444861096,47.691513317393465,1430.7453995218038,6.442953020134228
1,1,56700,58.507275516680984,290.5861350661821,0.1288894317190375,36.01999444752812,40.73382926781234,1222.01487803437,9.463087248322147
1,1,56850,59.47853030021612,295.41003382440675,0.12155619441861534,42.90419559903394,50.07119705485737,1502.1359116457213,7.248322147651007
1,1,57000,35.871944588629695,178.1639914568608,0.48747579442551614,29.124731758419504,52.9210208582479,1587.6306257474369,4.429530201342282
1,1,57150,59.270245698901014,294.3755536378751,0.23944399632442726,44.59820624195644,41.2636778269825,1237.9103348094752,8.053691275167784
1,1,57300,56.03585643682678,278.3114203029064,0.2944821185576151,40.38873605350972,43.809232155048335,1314.2769646514503,6.241610738255034
1,1,57450,57.101087114372746,283.6020660013846,0.3917080408239325,42.78656331139475,47.510976843651314,1425.3293053095392,7.046979865771812
1,1,57600,49.89475806385094,247.81063171712623,0.15609657173389466,40.625361536854754,53.24571968541829,1597.371590562549,5.4362416107382545
1,1,57750,46.87069166700619,232.79110194613077,0.08793203283774487,32.36108774438633,52.965010541921544,1588.9503162576464,7.449664429530201
1,1,57900,66.1558631766974,328.57412044426377,0.13424824072309455,42.72762572388253,44.77563812981884,1343.269143894565,9.664429530201343
1,1,58050,52.32945280114809,259.90294891236886,0.24014947739805323,36.400274724238486,50.07627246777021,1502.2881740331063,7.046979865771812
1,1,58200,71.18601699509261,353.55721774229335,0.2732978282825325,52.024705669518255,35.48201549131379,1064.4604647394137,7.651006711409396
1,1,58350,50.84853323678851,252.5477150760496,0.010516424960206161,41.725891242731635,72.24760058572349,2167.4280175717045,6.040268456375839
1,1,58500,71.16109570472538,353.43344200013615,0.03970937610623561,53.16775338492295,47.20804322058273,1416.2412966174818,5.8389261744966445
1,1,58650,60.26478075364265,299.3150777430918,0.014494458079591568,57.495217192390776,75.24689011538078,2257.4067034614236,3.6241610738255035
1,1,58800,83.068527497125,412.5736865690542,0.30304868994448486,74.68975833406013,46.937754390985305,1408.132631729559,3.825503355704698
1,1,58950,83.15486857508475,413.0025139229208,0.2862643250242467,63.95349873149757,42.30101463319318,1269.0304389957953,5.8389261744966445
1,1,59100,68.45723975915787,340.0042908038175,0.1202594514375536,59.838532736023296,60.80901331174399,1824.2703993523194,4.630872483221476
1,1,59250,105.11893134743869,522.0906923589455,0.5978959525881278,82.36898688219966,31.678905292345462,950.3671587703639,7.046979865771812
1,1,59400,88.94548468289261,441.7625739250334,0.2834748907321773,69.39344349432565,40.46104285497203,1213.8312856491611,6.644295302013423
1,1,59550,74.84992361680924,371.75462063015254,0.13644327163182807,68.13237116084898,74.6743434346676,2240.2303030400276,5.033557046979865
1,1,59700,60.99822463511349,302.9578490210637,0.0937769261088911,58.764019603836296,76.39303978223052,2291.7911934669155,3.6241610738255035
1,1,59850,68.33998790173574,339.42193991195415,0.008467503213330662,61.66441437328353,71.64711359709304,2149.4134079127907,4.429530201342282
1,1,60000,65.83710773848122,326.9909684344567,0.023272150950746404,61.695056528054685,68.47056012628205,2054.1168037884613,4.026845637583892
1,1,60150,61.90381426490336,307.45561084902,0.01909709000371876,51.73673743096022,71.41818875835527,2142.5456627506574,5.6375838926174495
1,1,60300,71.1202451583868,353.230550953321,0.0737593431743817,67.3765537854213,76.38430654633451,2291.529196390035,3.221476510067114
1,1,60450,61.7498898747192,306.69111971110533,0.03223661308407962,61.07339846447057,85.08628468053297,2552.588540415989,2.61744966442953
1,1,60600,63.681636317964966,316.28546037922604,0.2389494025398605,58.87648087309662,57.72049580096341,1731.6148740289022,3.221476510067114
1,1,60750,102.84567777729481,510.8001996272309,0.6131347048571923,76.6052217541336,15.751080262705349,472.5324078811604,8.456375838926174
1,1,60900,79.88536469070507,396.76397796383526,0.2002078737079695,60.36638137241753,41.77571156239756,1253.271346871927,7.651006711409396
1,1,61050,64.85002745401077,322.08846968825344,0.00624816275384727,57.75292200400044,79.34769709072356,2380.430912721707,6.040268456375839
1,1,61200,59.668024452988,296.35118811650705,0.19739748301789836,47.94465559371628,72.24641245608788,2167.3923736826364,7.651006711409396
1,1,61350,67.82103641476574,336.84448086000316,0.3215690334917835,34.614592298623606,76.98633706284215,2309.590111885265,10.268456375838927
1,1,61500,53.61629118943661,266.29424624086846,0.14415858779198218,28.201595699532692,87.29819499909436,2618.9458499728307,12.281879194630871
1,1,61650,92.25139500087178,458.18192850432985,0.3621989962872931,73.11942286424375,26.121851814137116,783.6555544241136,7.449664429530201
1,1,61800,83.74622115854484,415.93956508743935,0.5323796370239449,62.89777420545181,29.601637945144155,888.0491383543248,6.845637583892617
1,1,61950,55.89909248150366,277.63215932480153,0.015354102069171115,36.65651374585302,43.43939646855461,1303.1818940566388,8.25503355704698
1,1,62100,45.77234692141497,227.33598970969433,0.08056292327554894,27.511815643465837,61.06101014875915,1831.830304462775,10.06711409395973
1,1,62250,63.1429741703252,313.61010504594856,0.49314831971080986,50.672477736934965,35.271623067118234,1058.148692013547,6.241610738255034
1,1,62400,75.60382136186246,375.4989794305835,0.4079946501136408,57.28429104038839,30.977244466326393,929.3173339897918,7.85234899328859
1,1,62550,71.14722893260141,353.3645703652537,0.13533263267185788,52.60617834437458,35.902212885393446,1077.0663865618033,7.046979865771812
1,1,62700,80.68675248217146,400.74420399478487,0.6785346677659146,60.84899341813025,35.7542211070714,1072.6266332121418,7.449664429530201
1,1,62850,73.2079242937424,363.59935732558716,0.466246605174166,57.82611866622289,31.855371923840252,955.6611577152077,7.046979865771812
1,1,63000,53.35416960539719,264.992375706806,0.47050538165290334,36.90121949204273,44.504567855221616,1335.1370356566483,8.456375838926174
1,1,63150,17.57883581017905,87.30821785722262,0.05936861109294244,5.091168824543335,107.97254866558353,3239.1764599675066,13.087248322147651
1,1,63300,41.395037180265874,205.59535132865386,0.30280849925315134,27.314831136215222,74.5865543143512,2237.5966294305367,10.671140939597315
1,1,63450,58.89050302515597,292.48949835827466,0.10256916401789645,43.50413773424282,46.76307841884908,1402.892352565472,6.241610738255034
1,1,63600,38.354828836549004,190.49564988819336,0.10003516654142504,29.893310288426143,66.72092554452658,2001.6277663357976,6.845637583892617
1,1,63750,51.99222820385279,258.22806674580215,0.30438203855791035,34.28410710518753,45.61469439031128,1368.4408317093382,8.053691275167784
1,1,63900,45.15516953720516,224.270675368119,0.2415410857155084,34.80517202945469,57.98064253851621,1739.4192761554862,6.644295302013423
1,1,64050,37.34224829034786,185.46649984206104,0.05939204607743521,27.464340516383924,62.428257243145694,1872.8477172943706,6.845637583892617
1,1,64200,45.95784206192185,228.25728224087854,0.42138397871259103,34.16577234602032,56.9602162796478,1708.806488389434,7.85234899328859
1,1,64350,52.6399092810468,261.4448827625324,0.2387811135707056,32.931747600151155,46.218453592915616,1386.5536077874688,8.859060402684564
1,1,64500,48.98032391182774,243.26894209541112,0.2390221458762988,33.46311402126273,48.32116738546505,1449.6350215639516,7.248322147651007
1,1,64650,41.59954443258198,206.61107068182386,0.5429638361051496,24.423758924457804,63.35261111649259,1900.5783334947778,7.651006711409396
1,1,64800,22.08978091630976,109.71257855100512,0.16282208372038118,14.122322755128994,90.58215403447733,2717.46462103432,5.6375838926174495
1,1,64950,36.29782338323289,180.27918947005668,0.1192801047725794,27.023323259732333,66.23733681290996,1987.1201043872986,6.040268456375839
1,1,65100,58.98164263396979,292.94215841538323,0.42339739976315566,35.01785258978582,46.35956851885671,1390.7870555657014,8.859060402684564
1,1,65250,41.557400256577566,206.4017546076686,0.10717593943366942,37.21934980624845,55.868900237575495,1676.067007127265,3.4228187919463084
1,1,65400,49.854045861258086,247.60842777758185,0.17230527383353955,31.32091952673224,51.33649928697483,1540.094978609245,7.449664429530201
1,1,65550,47.98018614682036,238.30159119587444,0.43677532647247386,30.197350877187056,57.320208715687365,1719.6062614706211,8.859060402684564
1,1,65700,57.221045543721566,284.1978595338171,0.10981658900500697,38.53686546671874,45.867484828802056,1376.0245448640617,6.845637583892617
1,1,65850,43.877649052532504,217.92565696091143,0.26123424425017383,38.287334720506315,55.07115299432129,1652.1345898296386,3.825503355704698
1,1,66000,41.79719084154179,207.59271451299085,0.024684838574226993,37.250771804084565,58.97400976249828,1769.2202928749484,3.4228187919463084
1,1,66150,31.251060177782147,155.21359888298463,0.12803076718786344,21.319005605327654,70.63138847789668,2118.9416543369007,7.046979865771812
1,1,66300,46.14868502725782,229.2051356353805,0.3304591616347444,38.18494467718937,53.21845593227658,1596.553677968297,4.630872483221476
1,1,66450,43.278185528712314,214.94832145927114,0.1541202687990559,35.2841324110421,57.171967897940604,1715.1590369382184,5.6375838926174495
1,1,66600,37.498336310155906,186.2417370071077,0.07011752304867234,33.51686142824202,65.73046624244736,1971.913987273421,4.228187919463087
1,1,66750,33.627601942525075,167.01708964787454,0.04121953245345003,22.585836269662664,52.100471126478574,1563.0141337943571,7.449664429530201
1,1,66900,34.883400063604164,173.25422031590068,0.2503791336237557,21.633307652785074,57.46015966816397,1723.8047900449192,6.845637583892617
1,1,67050,86.37146454631082,428.9782739133436,0.3692304078160891,56.687300165025405,22.955506327708015,688.6651898312404,8.657718120805368
1,1,67200,93.69312530968728,465.3425223714469,0.45994100310534747,65.65135185203624,23.719352743121267,711.5805822936381,9.463087248322147
1,1,67350,76.83122121808996,381.59506538318016,0.5769221795435092,54.347217040064464,36.89811990283665,1106.9435970850996,6.040268456375839
1,1,67500,31.27597611259878,155.3373480259073,0.3213605066103522,20.22498454881917,70.94212418987668,2128.2637256963003,7.248322147651007
1,1,67650,21.27094322645048,105.64568469137073,0.3629082288198788,15.19078668140652,53.5266171947849,1605.798515843547,8.25503355704698
1,1,67800,16.552603633283884,82.21126471197661,0.059377205836319426,12.134249049693347,63.9019894113222,1917.0596823396659,7.651006711409396
1,1,67950,20.017838172955877,99.42192959234751,0.08049587952321738,13.813037319866671,51.46683483677738,1544.005045103322,7.248322147651007
1,1,68100,8.975793527895716,44.57977452188206,0.05039499305047285,4.80000000000075,97.5753777921964,2927.2613337658922,7.046979865771812
1,1,68250,3.8555750634916497,19.149356148675196,0.005248153276327433,3.420526275298042,123.85267173026598,3715.580151907979,3.4228187919463084
1,1,68400,4.770698459184181,23.6944690139481,0.012863551105665404,3.818376618408707,113.35673207101945,3400.7019621305844,2.214765100671141
1,1,68550,4.03177801671658,20.024497483025677,0.01564130113790974,3.6124783736379436,117.08660391610478,3512.5981174831436,2.8187919463087248
1,1,68700,3.4788489229596258,17.278282984032806,0.01749735951402001,3.0594117081545606,111.30792597279529,3339.237779183859,3.0201342281879193
1,1,68850,3.9300100019623656,19.519049676413083,0.011794492686935647,3.5114099732158994,110.4166248472272,3312.4987454168163,3.4228187919463084
1,1,69000,3.9100589609274774,19.4199595059398,0.001628364703440128,3.420526275298042,109.51836527051515,3285.5509581154547,2.4161073825503356
1,1,69150,4.057283306246376,20.151173754356996,0.004575189797716965,3.9000000000002566,112.29090200836146,3368.727060250844,1.4093959731543624
1,1,69300,5.603158549728518,27.82902079698497,0.07252024784987184,3.6496575181789765,101.8627597098091,3055.8827912942734,4.228187919463087
1,1,69450,9.646313291470573,47.91002268097051,0.19818463335475112,6.118823416310794,109.47777093308572,3284.3331279925715,5.4362416107382545
1,1,69600,7.3001601263952995,36.25746196109666,0.06726766194343893,4.809365862565151,109.04231962775951,3271.2695888327858,5.6375838926174495
1,1,69750,60.28274216239117,299.40428607320956,0.15694526890300378,44.40405386898696,56.35502949936242,1690.6508849808727,6.644295302013423
1,1,69900,107.24839658153766,532.6670363549704,0.11672766855760885,65.07995082972955,14.450573459393022,433.5172037817908,9.865771812080537
1,1,70050,83.3162780029309,413.8041807478901,0.15746034197807593,66.22665626467915,39.93480552331376,1198.0441656994128,6.241610738255034
1,1,70200,51.59501357518258,256.2552340900735,0.1731458534685478,22.714973035423284,36.32808320650132,1089.8424961950393,10.46979865771812
1,1,70350,78.99799149503544,392.3566910920093,0.1779139908509895,40.23133107417552,27.188236789430754,815.6471036829226,9.261744966442953
1,1,70500,44.81637180647677,222.58797997216794,0.38712384966949787,21.181359729723766,44.05495018852895,1321.6485056558686,7.248322147651007
1,1,70650,18.345735458507328,91.11715277725305,0.14376785440421874,15.208550226764624,55.71593715717338,1671.4781147152012,6.040268456375839
1,1,70800,8.598746883975014,42.70710952374258,0.15424502337229146,4.94772675074207,95.0575727447596,2851.727182342788,6.040268456375839
1,1,70950,5.002104810166965,24.84378722382926,0.015274374868909878,4.539823785127409,116.53747171151291,3496.1241513453874,3.0201342281879193
1,1,71100,4.884105541090788,24.25772418741758,0.006128385594814654,4.242640687119045,110.31388988930175,3309.416696679052,2.8187919463087248
1,1,71250,5.058811577960902,25.12543083720581,0.006229734305418864,4.509988913512876,113.76268623379686,3412.8805870139054,2.61744966442953
1,1,71400,5.025449091489655,24.959730487731957,0.010040143736569288,4.3266615305566365,115.35076173774291,3460.5228521322874,2.8187919463087248
1,1,71550,5.988114441723266,29.740968393892224,0.0109470682867492,5.135172830587517,121.48236050852813,3644.4708152558433,4.429530201342282
1,1,71700,4.957361502126571,24.621562127228636,0.005913605198292359,4.500000000001023,110.51815205137167,3315.54456154115,2.61744966442953
1,1,71850,13.731443584886405,68.19950313826914,0.2556010063282436,6.854195795278225,93.23088068409295,2796.9264205227887,7.046979865771812
1,1,72000,7.204268098944329,35.781198224756835,0.0660682415153975,5.366563145998428,102.75188231941256,3082.556469582377,4.026845637583892
1,1,72150,5.564290634551251,27.63597681827121,0.010437268200572796,4.965883607174895,108.88953988195993,3266.6861964587974,2.61744966442953
1,1,72300,11.06500778271501,54.95620532081789,0.1470316803163942,6.118823416311128,94.34355353422691,2830.3066060268075,6.644295302013423
1,1,72450,11.919464164505987,59.20000535037974,0.3376962658428842,7.299315036358234,90.84919496732373,2725.4758490197114,6.040268456375839
1,1,72600,7.169307971689934,35.60756292606,0.029090930349748845,5.707889277132051,109.18594440592229,3275.5783321776685,3.6241610738255035
1,1,72750,12.56720100542558,62.41709832694705,0.27610491503899354,6.801470429253816,91.33129078603045,2739.9387235809136,7.651006711409396
1,1,72900,6.904303973997487,34.29137640418752,0.08672893256129086,4.992995093127222,111.11442872570271,3333.4328617710808,4.429530201342282
1,1,73050,21.546631757418762,107.01493772851316,0.25973165462720843,16.23884232326971,55.23067982623536,1656.9203947870608,7.651006711409396
1,1,73200,15.861363487816774,78.77810532282331,0.24743112000803325,11.148542505636268,64.31959400203999,1929.5878200612003,7.449664429530201
1,1,73350,12.360205100020206,61.389018663433674,0.22656942833518703,10.191172650878187,82.70847589514837,2481.2542768544517,5.033557046979865
1,1,73500,8.212505439064179,40.78877701401876,0.10327521178220524,6.184658438426988,107.25423896794368,3217.62716903831,4.630872483221476
1,1,73650,22.452460505867393,111.51388717914136,0.20716026769376925,19.39819579239205,57.60071037522558,1728.0213112567674,4.630872483221476
1,1,73800,14.604294239846173,72.534661391236,0.22121196813740973,12.244998979175401,82.38648141025371,2471.5944423076116,3.825503355704698
1,1,73950,16.67856501697322,82.83687291763367,0.20441437458176526,13.366001645967179,77.81193099417378,2334.357929825213,5.23489932885906
1,1,74100,8.845416543512496,43.9322354994454,0.033941067518997003,7.891767862779368,121.49543700819093,3644.863110245728,3.221476510067114
1,1,74250,17.529111129638736,87.0612519438724,0.2214058550360974,12.657013865837845,73.06000899476608,2191.8002698429823,7.248322147651007
1,1,74400,14.529607280360745,72.16371615912503,0.20248130536512315,11.48259552540312,72.28079716106528,2168.4239148319584,5.23489932885906
1,1,74550,6.912100092567396,34.33009712641807,0.04170632261992068,6.328506932918113,113.73867042544121,3412.1601127632375,1.8120805369127517
1,1,74700,6.742753788810312,33.489010484424554,0.013169142206489317,6.155485358605967,117.98892262744134,3539.6676788232403,2.61744966442953
1,1,74850,14.972888411835964,74.36534577878528,0.18570609213577458,10.478549517942948,75.27620550542669,2258.2861651628004,7.046979865771812
1,1,75000,12.27402932066005,60.961012292611585,0.14253993244336816,9.143850392477091,87.77480774986066,2633.2442324958197,5.8389261744966445
1,1,75150,10.495105979129237,52.125693029675205,0.10788456260216123,8.400000000000887,109.08259425382698,3272.4778276148095,4.026845637583892
1,1,75300,10.22227106827914,50.77061297245305,0.12227186729711821,8.077747210702169,106.23239173817444,3186.971752145233,5.033557046979865
1,1,75450,17.4306016846311,86.57198836700113,0.26218258017594787,12.997307413459922,72.60995668382732,2178.2987005148198,6.845637583892617
1,1,75600,7.140363637478875,35.46380606614508,0.06709171688118515,6.441273166074629,120.09151897730263,3602.745569319078,3.0201342281879193
1,1,75750,7.023579272066701,34.883777051264616,0.018989337235291188,6.184658438426243,112.02739631378171,3360.8218894134525,3.221476510067114
1,1,75900,13.705347163156791,68.06989091034539,0.14917924178661565,9.599999999999795,80.0248452178526,2400.745356535578,6.644295302013423
1,1,76050,15.5788412727491,77.37491165465386,0.2251787105081567,11.999999999999318,71.07408989934451,2132.2226969803355,6.241610738255034
1,1,76200,7.074165881317298,35.13502387720925,0.06540603625073638,6.307138812488817,115.12728626991834,3453.81858809755,2.8187919463087248
1,1,76350,10.675017161408984,53.01925190166461,0.23879117039087652,7.788452991448247,87.19568035643867,2615.8704106931605,7.248322147651007
1,1,76500,11.040117503596571,54.832583601196305,0.2835245249226067,8.25408989531806,80.35975912132935,2410.79277363988,5.8389261744966445
1,1,76650,9.229101185171011,45.83786921968269,0.14913178514709918,6.661080993352441,98.76228185037435,2962.86845551123,5.23489932885906
1,1,76800,6.624687262743385,32.90261340495881,0.02455987748109129,6.36396103067929,115.89394137039301,3476.8182411117896,2.8187919463087248
1,1,76950,6.468960737319539,32.12917166202037,0.020890453536821875,5.580322571321862,118.99069958338185,3569.720987501456,4.429530201342282
1,1,77100,6.566476829673403,32.613501587377904,0.01700021843835875,6.007495318349925,109.19043648088186,3275.7130944264563,3.6241610738255035
1,1,77250,10.129821314032942,50.31144585969695,0.22520384340498723,7.1561162651259345,90.60937311319815,2718.2811933959442,7.046979865771812
1,1,77400,15.758381609457258,78.26662866030438,0.08607189423395521,11.999999999999744,73.05001073727877,2191.500322118363,6.845637583892617
1,1,77550,7.097327968703477,35.25006224456061,0.0033083356587510254,6.579513659837074,121.89767682516661,3656.930304754999,1.8120805369127517
1,1,77700,13.683073923045333,67.95926715112516,0.25524909507122284,10.816653826392653,74.01886686664587,2220.566005999376,5.6375838926174495
1,1,77850,8.48371627854476,42.13579085010565,0.27976815883251493,6.854195795276378,97.40923364730371,2922.2770094191105,4.228187919463087
1,1,78000,5.063847673477387,25.150443444937686,0.0039159777931356,5.028916384271126,116.80931162294394,3504.279348688318,1.8120805369127517
1,1,78150,6.540932127780493,32.48662956797645,0.040878541164263246,5.507267925207936,110.0012453357066,3300.0373600711973,2.8187919463087248
1,1,78300,10.19770889557999,50.64862084804729,0.04690115662205582,8.105553651663191,79.28289384922662,2378.4868154767983,5.23489932885906
1,1,78450,12.925535806170556,64.19682783731375,0.037785611388391746,10.632027088002477,84.26459706705764,2527.937912011729,5.4362416107382545
1,1,78600,10.61658794506822,52.72905346050548,0.0739233769700466,8.532877591995913,92.35723653178589,2770.717095953577,5.23489932885906
1,1,78750,9.761140508003578,48.4803311897511,0.023176620809673035,8.275868534478702,92.75487848034643,2782.6463544103926,4.228187919463087
1,1,78900,10.843407469515466,53.855590431926814,0.025001617724699908,8.53287759199653,93.45502407152988,2803.650722145896,4.429530201342282
1,1,79050,12.288942155898113,61.035079374293964,0.057606552064826545,9.158602513483963,79.39466218963865,2381.83986568916,6.241610738255034
1,1,79200,7.490805859896012,37.204335770816854,0.03750116885738891,7.003570517956634,112.29651915656527,3368.8955746969573,2.61744966442953
1,1,79350,8.654922901051448,42.98611707522218,0.08515933949784993,6.958448102845933,104.46161614779342,3133.8484844338027,3.825503355704698
1,1,79500,6.377686463830418,31.67584277035774,0.003355915702007769,5.5154328932556895,110.5223765549554,3315.671296648662,3.4228187919463084
1,1,79650,5.434182562830523,26.9897733953916,0.007815931908985373,4.9658836071733505,108.83428673344729,3265.0286020034187,2.8187919463087248
1,1,79800,8.78891007778913,43.65158671968601,0.11577043308620161,7.409453421137213,97.82937884882222,2934.881365464667,4.832214765100671
1,1,79950,6.421249188432703,31.892204302549093,0.0978200022916548,5.909314681077959,114.15316432552777,3424.5949297658335,1.610738255033557
1,1,80100,7.083858931627514,35.183166027083324,0.003738420364966732,6.606814663663526,113.31576273345439,3399.4728820036316,2.8187919463087248
1,1,80250,7.095583929084167,35.241400181118024,0.009538631398067966,6.661080993353824,110.24167382005652,3307.250214601696,1.8120805369127517
1,1,80400,10.201372203911664,50.66681527942793,0.13245543959344042,7.523961722387976,95.75115831064812,2872.5347493194436,5.8389261744966445
1,1,80550,10.095231693871849,50.13965074623018,0.037940843926630816,8.275868534481175,91.95130099500071,2758.5390298500206,5.4362416107382545
1,1,80700,11.009559468553377,54.68081202714845,0.014461364043865145,8.53287759199653,97.84689924036037,2935.406977210811,4.630872483221476
1,1,80850,13.925574789681972,69.16368812208714,0.16214754838805395,11.4551298552216,71.98027928325668,2159.4083784977,4.429530201342282
1,1,81000,19.81351927361642,98.40714572562821,0.11089624653855701,16.896153408394724,68.29640946952506,2048.892284085752,4.228187919463087
1,1,81150,21.80583094470394,108.30229369202956,0.282549613576311,18.299999999999983,56.39253672520177,1691.7761017560535,4.832214765100671
1,1,81300,13.779711535805047,68.43923396116506,0.0603439109512592,10.435516278556811,89.66340755894619,2689.902226768386,4.832214765100671
1,1,81450,24.071133877997404,119.55329826072045,0.03330540454092564,18.660385848101082,64.05544139997946,1921.663241999384,7.046979865771812
1,1,81600,22.033966350183135,109.4353662059096,0.09068072870239773,19.209372712298546,61.99520759930541,1859.8562279791627,4.228187919463087
1,1,81750,9.365916936396962,46.51738745077158,0.09177852841791656,8.122191822408622,103.41441048396058,3102.432314518818,3.4228187919463084
1,1,81900,19.00644009180694,94.39865245597449,0.3839197158967394,9.261209424259079,80.37297090819777,2411.189127245933,8.657718120805368
1,1,82050,11.662501732488716,57.923758604693944,0.16850301324463093,7.6837490849188885,110.72150149140874,3321.6450447422626,5.033557046979865
1,1,82200,9.442694780342551,46.898717409034674,0.016609701220015847,7.8746428490439975,119.65716446805507,3589.7149340416527,4.429530201342282
1,1,82350,8.831256493678193,43.86190725193502,0.0078050608562483335,7.553806987208506,112.5039479691092,3375.118439073276,3.221476510067114
1,1,82500,11.795051153836251,58.5820873973867,0.17424798583359943,7.409453421137627,103.17716271951308,3095.314881585393,4.832214765100671
1,1,82650,11.733980340392991,58.278769023951874,0.33084518225765913,6.363961030679048,94.07784798346151,2822.335439503845,5.23489932885906
1,1,82800,11.857297300830268,58.89124326079033,0.31349931498081174,6.328506932919084,96.76647739290895,2902.994321787269,7.046979865771812
1,1,82950,8.119996283946838,40.32931487693595,0.010461384317636284,7.206247289678868,113.57875027109851,3407.362508132956,2.61744966442953
1,1,83100,8.232873638801276,40.889939072713,0.007159355822113404,7.782673062643876,111.48503905403032,3344.55117162091,2.8187919463087248
1,1,83250,8.579548967486994,42.611759871852065,0.005361740370804516,7.92590688817378,109.37645589107137,3281.293676732141,2.61744966442953
1,1,83400,9.582912642225837,47.59513278972166,0.009591495215222874,8.989994438262467,116.72518160570043,3501.755448171013,2.013422818791946
1,1,83550,10.23159889368352,50.81694117196148,0.01284990976695925,9.693296652842077,116.92889838684533,3507.866951605361,1.8120805369127517
1,1,83700,10.066038614272944,49.99465845088895,0.17936196166032342,6.579513659837851,96.66795730949312,2900.0387192847934,5.4362416107382545
1,1,83850,6.584863677131987,32.70482292975554,0.01714740963181237,6.000000000001791,113.59162532775102,3407.748759832531,3.0201342281879193
1,1,84000,6.917253604516856,34.35569290243372,0.05042365070531033,5.770615218499657,109.84194229588111,3295.2582688764332,3.221476510067114
1,1,84150,12.972472220246178,64.42994536055602,0.40011264461189594,6.606814663664396,82.80173725031482,2484.052117509444,7.85234899328859
1,1,84300,13.432725047171848,66.71586773428685,0.21703055636708043,8.077747210701439,93.23424876374635,2797.02746291239,6.241610738255034
1,1,84450,5.431732335100422,26.977603930998768,0.12224784378830506,4.459820624195137,108.2320143928847,3246.9604317865405,4.429530201342282
1,1,84600,9.731980359982288,48.335502454578695,0.2192899631850521,6.0074953183503075,97.92651526709683,2937.7954580129053,4.630872483221476
1,1,84750,6.124724155248646,30.419463304401614,0.13710851088195686,4.539823785126564,113.00584020252353,3390.1752060757067,3.221476510067114
1,1,84900,6.123322222182811,30.412500370174627,0.1448722653998559,4.459820624195999,103.8108805568328,3114.326416704984,3.221476510067114
1,1,85050,4.669010570559035,23.189419167109875,0.011770319873567237,4.579301256740864,120.71262346835249,3621.378704050575,1.610738255033557
1,1,85200,4.449441859567257,22.09889456918404,0.0004525113221697286,4.295346318982096,119.77349804246744,3593.2049412740234,1.2080536912751678
1,1,85350,3.626229681349785,18.010274084037263,0.005902267651857649,3.35410196624957,102.71015319840289,3081.304595952087,2.4161073825503356
1,1,85500,3.884613866805139,19.29358220513219,0.004048107600170511,3.4205262752980796,112.4261140591259,3372.7834217737764,3.4228187919463084
1,1,85650,8.697952640659487,43.19983144860879,0.19795588016617147,4.837354648979754,94.43601006121561,2833.080301836468,6.040268456375839
1,1,85800,5.568732747155057,27.658039310870116,0.054456283963509454,5.178802950491776,110.72841807415338,3321.852542224602,1.8120805369127517
1,1,85950,5.385828985813575,26.749617296207422,0.03403765972144438,4.947726750741243,111.52661199764478,3345.7983599293434,2.61744966442953
1,1,86100,5.370065872251892,26.67132716551773,0.010397251353722051,4.8373546489817105,112.2278146085498,3366.8344382564937,2.8187919463087248
1,1,86250,10.64106791142406,52.85063729340617,0.3106682767655288,5.341348144429723,100.72024568492999,3021.6073705479,5.4362416107382545
1,1,86400,8.37491162785291,41.59539441833612,0.02644523547335615,7.451845409025993,108.12832860793641,3243.8498582380926,3.4228187919463084
1,1,86550,11.514216498659836,57.18727527667717,0.2655413323467433,6.801470429252047,100.49471313872988,3014.841394161896,5.6375838926174495
1,1,86700,6.667171758209385,33.11361973243994,0.24030421879319822,4.368065933567969,82.95471062254684,2488.6413186764057,6.040268456375839
1,1,86850,10.032571631115108,49.828439101205035,0.3085025180222073,5.73149195236276,101.75094060501738,3052.5282181505218,4.832214765100671
1,1,87000,16.586578441137007,82.38000625764712,0.37596662154623445,7.742092740339351,74.44723734695548,2233.4171204086642,8.859060402684564
1,1,87150,6.350485940023821,31.54074683545165,0.1670902666942123,4.036087214122625,103.45053731625805,3103.5161194877414,4.228187919463087
1,1,87300,6.538656302400496,32.475326301922465,0.10415778957978154,4.002499219237775,98.44832319120744,2953.4496957362235,5.6375838926174495
1,1,87450,4.179389306750692,20.757633556861762,0.0034064903364349293,4.024922359499011,112.56058219019478,3376.8174657058435,2.4161073825503356
1,1,87600,9.578898725923652,47.57519700542082,0.2759104939431101,4.743416490252569,96.50570480397026,2895.1711441191073,5.23489932885906
1,1,87750,8.500673531353122,42.220011872387175,0.1729039506520415,5.316013544001432,105.54402212562884,3166.320663768865,5.23489932885906
1,1,87900,7.51978465585824,37.348263790762594,0.007796999539328717,6.0,110.31615348111222,3309.484604433367,4.228187919463087
1,1,88050,7.792757540494683,38.704029117790256,0.005666519145259219,7.5,116.44103757629266,3493.2311272887805,2.013422818791946
1,1,88200,7.85335759816447,39.005009404216864,0.17335088952192726,4.5793012567419815,106.7333029178659,3201.9990875359767,5.4362416107382545
1,1,88350,9.977385708346068,49.5543490181188,0.24437248146706247,4.80936586256345,90.04571254659108,2701.3713763977325,4.026845637583892
1,1,88500,4.169924910243251,20.710627054208146,0.07007727002776605,3.9115214431205487,111.78394154851934,3353.5182464555796,3.0201342281879193
1,1,88650,4.244652510482331,21.081774135395573,0.017608300965627006,3.945883931389975,119.49049248611595,3584.714774583478,2.013422818791946
1,1,88800,10.984419101188692,54.555948202570505,0.3087123156175127,4.837354648978961,99.14818588934165,2974.4455766802494,5.6375838926174495
1,1,88950,3.9575344473435417,19.655754421806254,0.05872782154730887,3.612478373637377,109.33232556885581,3279.969767065674,3.0201342281879193
1,1,89100,7.527462544214248,37.38639730293076,0.19179291954919236,4.569463863517716,108.66484817261981,3259.9454451785946,4.228187919463087
1,1,89250,9.081964534408051,45.10709052089332,0.24788771587619227,4.8836461788299745,94.18304571541209,2825.4913714623626,5.4362416107382545
1,1,89400,5.62535527431518,27.93926452909873,0.019685557557436707,5.126402247189849,114.14170935622911,3424.251280686874,2.61744966442953
1,1,89550,5.094589380626727,25.30312725711274,0.01764328500484105,4.295346318982096,112.50492607974164,3375.147782392249,4.228187919463087
1,1,89700,8.298295481899588,41.21486756010129,0.16659486405465418,5.580322571323925,102.56612509903181,3076.9837529709544,3.221476510067114
1,1,89850,5.601346800169265,27.82002244084068,0.025110330854276938,4.920365840058001,109.95158734303864,3298.547620291159,3.0201342281879193
1,1,90000,8.20737277697452,40.763284792306784,0.18715267986881362,5.341348144432069,102.52804770488459,3075.8414311465376,3.6241610738255035
1,1,90150,4.72248382389055,23.45500299198973,0.009466467908257229,4.509988913511173,108.64681601314378,3259.4044803943134,1.8120805369127517
1,1,90300,12.248073270708373,60.832097244518266,0.3271068040790141,5.515432893257011,89.68685109956594,2690.6055329869787,6.644295302013423
1,1,90450,5.976298674366869,29.682283416022116,0.1956918131751814,5.4332310828825925,95.5673844092351,2867.021532277053,2.8187919463087248
1,1,90600,7.447126918177078,36.987397026946155,0.31069623326532425,3.7107950630566555,104.25054236189855,3127.5162708569565,6.040268456375839
1,1,90750,5.171472897836474,25.684982059254494,0.2422815657638946,2.9999999999972715,102.94943193266847,3088.4829579800544,5.033557046979865
1,1,90900,7.11254526135595,35.325641464734545,0.3919094796048047,3.710795063055828,97.84570957020117,2935.371287106035,5.8389261744966445
1,1,91050,6.172318742762844,30.655849755722127,0.24619069331903057,4.5000000000001705,110.53787588230225,3316.136276469068,3.6241610738255035
1,1,91200,10.248100416337046,50.89889873447398,0.32184153450416836,4.837354648978221,95.6126181505953,2868.3785445178587,5.23489932885906
1,1,91350,10.97366099603063,54.50251628028548,0.31416542936839775,5.239274758970742,90.42244337763226,2712.6733013289677,6.040268456375839
1,1,91500,10.484609351343318,52.07355977833848,0.3094101631986254,5.604462507682753,86.2532989279539,2587.5989678386168,6.442953020134228
1,1,91650,11.912675522908701,59.16628843044654,0.369511837211505,7.505997601918072,92.22153614925261,2766.646084477578,5.6375838926174495
1,1,91800,14.501913242574522,72.0261691047868,0.536307036405234,8.193900170248591,74.26232344550645,2227.869703365194,8.053691275167784
1,1,91950,12.608834057775839,62.62387582028666,0.30010393897080523,6.328506932918356,81.55332234443773,2446.599670333132,7.85234899328859
1,1,92100,9.194788011485356,45.667447123710595,0.3752689662747776,5.099999999998371,85.86185537306557,2575.855661191967,5.23489932885906
1,1,92250,11.957460477753052,59.38872037284016,0.41356865279219723,6.847627326306402,93.53025349476837,2805.907604843051,4.630872483221476
1,1,92400,12.730425226573326,63.2277786253142,0.4251377453465671,6.000000000001364,91.45844981875628,2743.753494562689,7.046979865771812
1,1,92550,15.52554461469501,77.11020491965189,0.4365579533298719,7.409453421137938,68.96696671674115,2069.0090015022347,7.449664429530201
1,1,92700,6.859177678302875,34.06724913557095,0.26346892582343107,4.295346318982513,100.09172535104699,3002.75176053141,5.4362416107382545
1,1,92850,4.87642973447119,24.219601014540245,0.014771955829711416,4.579301256742205,114.87243490803337,3446.1730472410013,2.013422818791946
1,1,93000,15.119119892150852,75.09162879768257,0.4535360988272982,6.977822009768716,78.3449281966105,2350.3478458983154,8.456375838926174
1,1,93150,11.41713715293811,56.705114526259294,0.4215534388032696,5.341348144430058,94.53058060540006,2835.917418162002,6.845637583892617
1,1,93300,10.105339627936713,50.18985348541902,0.1778324606654688,6.552098900352247,103.88558803425214,3116.567641027564,6.040268456375839
1,1,93450,7.209117588468401,35.8052840227264,0.26071911191990504,4.429446918069803,99.78114364997037,2993.434309499111,5.23489932885906
1,1,93600,4.1528377578746545,20.625760864110788,0.003104430561187588,3.9458839313900724,116.95588007928139,3508.6764023784413,1.4093959731543624
1,1,93750,3.9585534594409517,19.66081551522339,0.014067897311004166,3.7107950630560347,112.64834249393907,3379.4502748181726,2.214765100671141
1,1,93900,4.104612518310707,20.38624217427651,0.009711936954327906,3.8999999999998636,118.79033784143509,3563.7101352430523,2.013422818791946
1,1,94050,4.31398788856289,21.42613984652902,0.005976927513120097,4.080441152618991,113.53375439205024,3406.012631761508,2.013422818791946
1,1,94200,11.119792568064652,55.22830308805443,0.3886837826443714,4.509988913511173,91.6623892652181,2749.8716779565425,6.845637583892617
1,1,94350,5.122666103569873,25.442574981063707,0.08995768399427592,4.657252408877507,110.23520638484962,3307.0561915454887,2.61744966442953
1,1,94500,5.063524537677856,25.148838537133354,0.0,4.579301256742205,114.97745332540339,3449.3235997621014,2.4161073825503356
1,1,94650,5.347489337796926,26.559197044391404,0.004055216577620806,5.239274758971035,111.95456239016838,3358.6368717050514,2.013422818791946
1,1,94800,5.112235513526509,25.390769717181666,0.008195360864778784,4.965883607173402,110.2164558366336,3306.4936750990087,1.610738255033557
1,1,94950,5.181656896368009,25.735562585294446,0.0027475862586781676,4.589117562233513,116.9217844632623,3507.6535338978692,3.825503355704698
1,1,95100,9.453967703257268,46.9547062595111,0.21971496385376643,5.474486277266924,98.94038006246497,2968.2114018739494,5.033557046979865
1,1,95250,6.597439282150271,32.767281768013014,0.12576369285816513,4.579301256742205,103.45817279709526,3103.7451839128576,4.026845637583892
1,1,95400,8.870217607481043,44.05541411715585,0.17837542338792212,6.1846584384256635,98.83199322112335,2964.9597966337005,5.8389261744966445
1,1,95550,12.469266382274245,61.93068969862875,0.17238106044629176,9.266067126887906,104.0660451662249,3121.9813549867463,4.429530201342282
1,1,95700,12.926992115778852,64.20406084170162,0.4164708420602293,7.782673062643498,86.12516539691596,2583.754961907479,5.8389261744966445
1,1,95850,23.656034229888583,117.4916366751133,0.5841313707043585,11.030865786509755,58.918830389662425,1767.564911689873,8.657718120805368
1,1,96000,10.37895692531715,51.54881939574185,0.49255518043068025,4.695742752748338,93.68083012258715,2810.4249036776146,6.241610738255034
1,1,96150,4.3686437121121084,21.697597103490146,0.012409587986745471,4.002499219237775,117.40708908968968,3522.21267269069,2.8187919463087248
1,1,96300,19.990265453711245,99.28498508676586,0.32368207729721216,8.421401308570914,72.33688430721645,2170.106529216494,9.060402684563758
1,1,96450,12.130422280565131,60.247763993473484,0.3664135550250737,4.837354648981605,95.489219438696,2864.67658316088,7.651006711409396
1,1,96600,4.27163865284181,21.215805309114323,0.06030659640222616,3.945883931389684,108.00304391287703,3240.091317386311,2.61744966442953
1,1,96750,10.97473932902376,54.507872000818004,0.501038356387631,5.433231082884382,90.8428024033443,2725.284072100329,5.23489932885906
1,1,96900,4.326136196241262,21.486476441331604,0.006614705041266576,3.661966684718876,121.23497482930921,3637.049244879276,4.429530201342282
1,1,97050,3.7605358406755,18.677328008688313,0.0117789867960588,3.511409973215098,113.30010774574068,3399.0032323722194,2.4161073825503356
1,1,97200,4.289145710473453,21.302757028684812,0.005055838359215453,4.167733196835386,115.56243653150773,3466.873095945232,1.4093959731543624
1,1,97350,9.207654796715524,45.731352157020424,0.23998043610480507,4.992995093128143,88.76766751212736,2663.0300253638206,6.040268456375839
1,1,97500,6.804868784627098,33.79751496364792,0.3780041745915788,4.459820624196313,100.82036075429414,3024.610822628824,4.429530201342282
1,1,97650,4.486466620819754,22.282784216738108,0.004685368941044091,3.7947331922018392,117.1209341808653,3513.628025425958,3.825503355704698
1,1,97800,4.039364496486428,20.06217699921592,0.00952288137787352,3.7947331922021093,106.79252128177967,3203.77563845339,1.006711409395973
1,1,97950,6.455632063995576,32.06297258451136,0.19627980206175685,4.080441152620684,103.24742435976681,3097.422730793004,4.429530201342282
1,1,98100,146.84323988800355,729.3214247770842,0.32324628298463076,4.036087214122625,115.61756552533883,3468.526965760165,4.228187919463087
1,1,98250,110.65085017273594,549.5658891912552,0.05103470653908725,8.105553651663254,92.25018798381862,2767.5056395145584,8.859060402684564
1,1,98400,19.858991093500205,98.63298909771768,0.5029437692542599,13.284953895290437,82.04873527571112,2461.462058271334,6.442953020134228
1,1,98550,31.02825751072653,154.1070123032751,0.717096587964319,21.213203435596185,50.944101706693935,1528.323051200818,7.449664429530201
1,1,98700,29.826417285795362,148.1378725194503,0.8044347625909026,16.371316379569876,44.97332367505258,1349.1997102515775,8.859060402684564
1,1,98850,34.98525411810314,173.76009545324564,0.4626658391836892,22.193918085818577,52.315020736209185,1569.4506220862756,7.651006711409396
1,1,99000,12.793691268369324,63.54199996623431,0.16685331237565557,9.571833680126083,94.2066453545197,2826.1993606355913,4.026845637583892
1,1,99150,10.078367592965307,50.05589237839436,0.003601525319146118,9.895453501480416,115.73768797923135,3472.130639376941,1.610738255033557
1,1,99300,17.97304514563155,89.26612422330336,0.275022623405599,11.486513831445162,96.38646648841826,2891.5939946525486,6.040268456375839
1,1,99450,11.747257060656489,58.344710067927224,0.22712708711762858,6.007495318349882,95.5828686821275,2867.4860604638247,6.845637583892617
1,1,99600,10.97778390821803,54.52299341081621,0.26351079097242164,6.462197768559328,101.58601136166676,3047.5803408500033,6.644295302013423
1,1,99750,30.958268688040786,153.7594011506026,0.23382826958186553,18.95943037118971,70.29057150547438,2108.7171451642316,8.053691275167784
1,1,99900,30.78132470647665,152.8805793755007,0.5451762997492128,19.502307555773324,79.75898072855277,2392.7694218565834,6.442953020134228
1,1,100050,17.26762193727462,85.76252228846394,0.3468740085709539,11.669190203266206,100.63471332124792,3019.0413996374373,4.429530201342282
1,1,100200,13.92569830946673,69.16430160368475,0.1968262492302813,9.931767214348246,111.80296257972712,3354.0888773918136,5.8389261744966445
1,1,100350,18.544010946835474,92.10192103594952,0.4374477875135892,8.761849119905644,86.17562826311931,2585.2688478935793,9.463087248322147
1,1,100500,4.51950379536258,22.446868850300817,0.015819828612153735,3.7589892258437088,117.45112693018996,3523.533807905698,4.228187919463087
1,1,100650,13.573781058163272,67.41644592221091,0.5519267085279471,6.906518659931263,102.99056657649221,3089.7169972947663,5.6375838926174495
1,1,100800,22.31382566230639,110.8253341227884,0.561386489299336,13.606248564538312,84.67058874968613,2540.117662490584,6.644295302013423
1,1,100950,10.64896077859657,52.88983853369628,0.0021391081562445193,9.6000000000015,111.79798098796023,3353.9394296388064,3.0201342281879193
1,1,101100,15.898569013755711,78.96289276832005,0.3964815259170905,10.55130323704173,99.0050921044793,2970.1527631343793,5.8389261744966445
1,1,101250,11.449659692854244,56.86664314117607,0.39009677094196094,7.553806987208405,102.8711942179801,3086.1358265394024,5.23489932885906
1,1,101400,14.057423007682598,69.81853427149024,0.3088462598400468,8.237718130648263,97.70423557461059,2931.127067238318,7.248322147651007
1,1,101550,11.330775422955867,56.27618460068081,0.10768452587842109,10.120276676057712,107.11148599716404,3213.3445799149213,2.61744966442953
1,1,101700,11.921630365522592,59.21076414876221,0.00718519603386285,11.160645142643379,120.6959101597343,3620.8773047920286,3.221476510067114
1,1,101850,9.952706080724854,49.43177353426678,0.008752794450228599,9.04488805900906,110.05802473163332,3301.740741949,3.221476510067114
1,1,102000,13.69417659736414,68.01441043357522,0.22126965173273971,10.602358228243286,100.04292154058776,3001.2876462176328,4.832214765100671
1,1,102150,17.70820005970609,87.9507269632069,0.15295928978530435,11.104053313993534,78.24693989204376,2347.408196761313,6.845637583892617
1,1,102300,20.367848453877627,101.16031398759222,0.4262336642215781,13.500000000000256,100.10790740798592,3003.237222239577,6.241610738255034
1,1,102450,32.616782294656,161.99668539679143,0.5792886387439924,20.120139164527433,76.20923048582354,2286.276914574706,6.845637583892617
1,1,102600,12.461465059081208,61.89194312677,0.1333096601005969,11.099999999999923,108.40239111950632,3252.07173358519,2.61744966442953
1,1,102750,11.53958349452804,57.313264689489266,0.00920783338617133,10.606601717797682,112.33198897690734,3369.9596693072203,2.4161073825503356
1,1,102900,32.76509094495434,162.73328502660655,0.49047650866514103,18.42009771961027,75.28491207283516,2258.5473621850547,8.657718120805368
1,1,103050,25.044431478380965,124.38734300929212,0.38937299572887324,13.916896205691867,87.3814668436407,2621.444005309221,8.456375838926174
1,1,103200,32.194055744168445,159.89714352936994,0.3575800694720229,17.68219443395093,69.66378768709906,2089.9136306129726,8.657718120805368
1,1,103350,13.038210573751197,64.75644584963095,0.04046990069426137,11.136426715961743,112.6204278902016,3378.6128367060483,4.429530201342282
1,1,103500,10.073759820260621,50.03300710729442,0.00795715883904601,9.985990186257004,113.94050146464902,3418.215043939471,1.8120805369127517
1,1,103650,27.823723028758533,138.19115770950071,0.4158638077810431,18.009997223763577,79.11668850799549,2373.500655239865,6.644295302013423
1,1,103800,17.76095703725018,88.21275328500921,0.494143336233946,7.354590403279094,101.83703971010922,3055.1111913032764,7.248322147651007
1,1,103950,21.502652971401464,106.7965097579606,0.5204158181500854,10.448444860360354,94.97178977983822,2849.1536933951465,7.046979865771812
1,1,104100,26.661664410293916,132.4195999044598,0.6464424286606792,14.993998799519309,76.29510955579802,2288.853286673941,6.644295302013423
1,1,104250,8.741943073088514,43.41831726300629,0.11828997614204266,8.23771813064696,113.01832881592392,3390.5498644777176,3.4228187919463084
1,1,104400,8.588719949605267,42.65730908303948,0.018620305752202453,7.942921376923952,114.70656335333054,3441.1969005999163,4.429530201342282
1,1,104550,8.28835295181129,41.16548632732941,0.016150199228968643,7.799999999999727,105.93665991818959,3178.099797545687,3.6241610738255035
1,1,104700,26.61716952804439,132.1986086559538,0.5844842235819798,10.615083607772466,87.7759141857136,2633.2774255714085,8.053691275167784
1,1,104850,36.029276571151726,178.94540697005363,0.36033070070587203,23.14670602915188,60.61280935693242,1818.3842807079725,7.449664429530201
1,1,105000,25.09200943360947,124.6236468535937,0.4569395846621616,18.498108011362017,65.79974376668838,1973.9923130006512,6.442953020134228
1,1,105150,16.071691067940602,79.822732304105,0.10771032274857685,10.83743512091284,96.66074056008199,2899.82221680246,5.033557046979865
1,1,105300,39.76310168908466,197.49007172245376,0.4773628628028591,21.902054698135025,46.750104253581746,1402.5031276074521,8.657718120805368
1,1,105450,22.459567473094403,111.54918511636888,0.35622414806459485,14.945902448498165,66.67974341638728,2000.392302491619,8.456375838926174
1,1,105600,4.446131915130606,22.082455178482014,0.017421417959368555,3.911521443121694,113.17460406296986,3395.238121889096,2.4161073825503356
1,1,105750,34.54078018845466,171.55254160265815,0.6338487897447188,20.612860063561882,47.969448113080695,1439.0834433924206,6.644295302013423
1,1,105900,21.31390802179151,105.85907650823117,0.040422280825097856,12.014990636699764,54.70665079271763,1641.199523781529,8.053691275167784
1,1,106050,5.379735392028949,26.719352447077114,0.30646296315995364,4.965883607176441,99.79562564272345,2993.8687692817034,3.0201342281879193
1,1,106200,25.791756068467564,128.09905514005555,0.7259574614923706,12.369316876854057,75.01913525335554,2250.574057600667,8.859060402684564
1,1,106350,6.6544894906568475,33.050631136929006,0.13111274505863524,5.7939623747500955,107.13859803969385,3214.1579411908156,2.8187919463087248
1,1,106500,5.545454818241581,27.542425597266508,0.0032877950804155735,4.657252408878715,107.69009555089447,3230.7028665268344,4.026845637583892
1,1,106650,5.6180873671882345,27.9031672570349,0.0027990548900652446,4.94772675074331,114.75399659358825,3442.6198978076477,3.6241610738255035
1,1,106800,6.011689190233589,29.8580563114935,0.008285413322161041,5.10881590977668,114.91012994811194,3447.303898443358,4.630872483221476
1,1,106950,6.492943386404111,32.248285485807074,0.011848675293420513,5.692099788304916,119.5357582486256,3586.0727474587675,4.228187919463087
1,1,107100,5.780945545988061,28.71202954507403,0.008010579664490421,5.126402247190647,109.9650011415769,3298.950034247307,3.221476510067114
1,1,107250,5.454272401544555,27.08955292767129,0.017124555042615928,4.569463863517996,115.48391782863881,3464.517534859165,4.026845637583892
1,1,107400,6.626508674249062,32.91165974877035,0.00502950792624956,5.916924876993835,122.12416727091214,3663.7250181273644,2.8187919463087248
1,1,107550,6.531333829225143,32.438958018484875,0.004007526996579486,5.604462507679466,123.99914415563772,3719.974324669132,3.0201342281879193
1,1,107700,6.330133915474628,31.439665113523983,0.006997530005667675,5.474486277270147,112.37045513010058,3371.1136539030176,3.4228187919463084
1,1,107850,5.328863242760548,26.46668743904406,0.008615928440044928,4.6861498055445345,109.1203967201025,3273.6119016030752,3.4228187919463084
1,1,108000,14.75725645789363,73.29437374087169,0.4559891302032721,8.469356528095771,94.63153851727137,2838.946155518141,7.046979865771812
1,1,108150,20.761945222219673,103.1176612703577,0.4454502627390077,15.161134522191878,82.98059910603529,2489.417973181058,5.23489932885906
1,1,108300,7.151067582971599,35.516968995425614,0.13923911562301286,6.579513659837813,119.07266127790348,3572.179838337104,2.013422818791946
1,1,108450,7.8499027592285096,38.98785037083493,0.04068422315220418,7.595393340703125,105.17414287811357,3155.224286343407,2.8187919463087248
1,1,108600,41.23547469364853,204.80285764512104,0.6674184556507353,27.24059470716458,54.61319737431245,1638.3959212293735,5.8389261744966445
1,1,108750,31.990906147893632,158.88816720120502,0.5704400102426622,15.976232346831944,71.92528877131498,2157.7586631394497,8.456375838926174
1,1,108900,5.266357830775939,26.15624389285383,0.026699369119568318,4.666904755831792,114.29590636196248,3428.877190858874,3.825503355704698
1,1,109050,5.052020540767063,25.091702019143074,0.021287309008986663,4.74341649025203,112.4068343262286,3372.2050297868586,2.8187919463087248
1,1,109200,5.154282205136142,25.59960161884284,0.017626077687668433,4.459820624196314,110.76439289262082,3322.9317867786244,3.6241610738255035
1,1,109350,5.227846559989196,25.964971247946337,0.003267972567042994,4.809365862566853,114.35611225800147,3430.6833677400436,1.4093959731543624
1,1,109500,5.2367609423233885,26.009246013539496,0.020467846929937764,4.539823785125718,117.68750008592228,3530.6250025776676,3.0201342281879193
1,1,109650,4.572333778549783,22.709257766797258,0.01775103755281358,4.242640687118803,110.27479510900655,3308.2438532701967,2.61744966442953
1,1,109800,5.233447543963619,25.99278946835264,0.011163571456007023,4.883646178830289,114.53664857687323,3436.099457306197,2.013422818791946
1,1,109950,5.460532080076213,27.120642664378522,0.018306633424448902,4.992995093127222,111.54753950561698,3346.4261851685096,3.4228187919463084
1,1,110100,5.827168320299401,28.941602657487024,0.005698517354981915,5.3413481444293875,117.49678486395926,3524.9035459187776,2.8187919463087248
1,1,110250,5.351114320832505,26.57720112680144,0.005019965797177584,4.992995093128143,110.58169448978128,3317.4508346934385,1.8120805369127517
1,1,110400,5.600903144178041,27.817818949417607,0.00991674742668786,4.837354648979384,115.7923669011498,3473.771007034494,3.221476510067114
1,1,110550,6.259336540576907,31.088038151531972,0.009465981029646277,5.316013544002995,122.08208897401545,3662.4626692204633,4.026845637583892
1,1,110700,39.990700718073896,198.62048023310035,0.3938573512200279,23.286262044391023,67.16895966224187,2015.0687898672559,9.060402684563758
1,1,110850,10.84394005810217,53.85823562190743,0.21087579900408676,7.782673062644254,109.66341260167086,3289.902378050125,5.23489932885906
1,1,111000,5.150794269439717,25.582278204883927,0.03258531609962485,4.459820624195281,113.53595513034472,3406.0786539103415,3.825503355704698
1,1,111150,4.996960699815042,24.81823814241471,0.004029294884920317,4.589117562236356,108.8861103879453,3266.583311638359,3.6241610738255035
1,1,111300,20.04552759248668,99.55945370935054,0.6703970774925041,7.851751396980294,91.12188466986,2733.6565400957998,9.060402684563758
1,1,111450,21.370143021351083,106.13837700604373,0.19510787378666755,13.159027319677104,94.5514347752791,2836.5430432583726,7.248322147651007
1,1,111600,29.92893832298602,148.64706033749724,0.47842817450478203,13.602940858506503,74.13677070809692,2224.1031212429075,9.060402684563758
1,1,111750,8.601852326982243,42.722533224011805,0.2186139803128792,5.408326913196363,108.69806715763937,3260.9420147291808,5.8389261744966445
1,1,111900,5.069281582103499,25.17743185778071,0.13603148153286582,4.8093658625643005,100.19002361735748,3005.7007085207247,2.61744966442953
1,1,112050,5.431811081823453,26.97799503972315,0.0186996820735665,4.7434164902537015,116.2413796663288,3487.2413899898647,4.832214765100671
1,1,112200,5.204415374424167,25.84859635964003,0.010154829736828038,4.686149805543988,112.90639828083204,3387.191948424961,3.825503355704698
1,1,112350,5.087195768852283,25.26640565196633,0.009965547522217035,4.883646178830289,112.32782149291111,3369.8346447873328,2.013422818791946
1,1,112500,5.828012761624471,28.9457967160682,0.008882091074070987,5.474486277270287,118.84389720578059,3565.316916173417,2.013422818791946
1,1,112650,5.379145891840562,26.716424596141458,0.0013495635475045732,5.126402247189649,113.31030682941542,3399.3092048824633,2.214765100671141
1,1,112800,5.322659122991605,26.435873644191638,0.012442852787663094,5.126402247191046,115.19506647373795,3455.8519942121384,2.214765100671141
1,1,112950,12.935439554862546,64.24601645581733,0.4048718158926015,7.499999999998465,100.94743489900844,3028.4230469702534,5.8389261744966445
1,1,113100,37.14302289347444,184.47701370425636,0.750528532902255,22.09841623284391,49.3450852035173,1480.352556105519,7.449664429530201
1,1,113250,13.761791879613943,68.35023300208258,0.278641776882501,12.0,102.0737780595015,3062.2133417850446,4.026845637583892
1,1,113400,13.830119598630816,68.68959400653306,0.20892097347127797,13.366001645967447,108.66977489762436,3260.0932469287313,1.610738255033557
1,1,113550,13.840260797906323,68.73996196293474,0.19592310312341735,12.734991166077151,112.91868100841953,3387.560430252586,2.4161073825503356
1,1,113700,17.025543481989747,84.56019929388242,0.11953236076323398,14.773286702695264,111.03806575053491,3331.1419725160476,3.6241610738255035
1,1,113850,16.993761079084432,84.40234669278604,0.08341210677713112,14.849242404917499,110.51944782453418,3315.583434736025,2.8187919463087248
1,1,114000,11.032246632133262,54.79349160626187,0.05218768387616418,9.899999999999523,113.162304032967,3394.8691209890094,3.221476510067114
1,1,114150,9.745070537933673,48.40051700507058,0.08683887640491081,9.767292357660578,104.57293400211981,3137.1880200635946,1.2080536912751678
1,1,114300,8.302932863699136,41.2378998897057,0.07204847336964698,8.29759001156197,114.87856180250603,3446.3568540751803,1.2080536912751678
1,1,114450,6.714440673005164,33.34838867592565,0.006304291414474861,6.074537019395599,119.75310778891121,3592.593233667336,2.4161073825503356
1,1,114600,6.45505186518814,32.06009093043443,0.014620097829022386,5.90931468107679,115.18043394883601,3455.4130184650794,2.214765100671141
1,1,114750,7.041571039773729,34.97313616420951,0.004654664231330857,6.997142273814139,121.51325089669012,3645.3975269007033,1.4093959731543624
1,1,114900,7.213845458199507,35.82876577572422,0.0067506576688403175,5.731491952362447,115.52700481040097,3465.810144312029,4.228187919463087
1,1,115050,6.6990934657499155,33.272164213224585,0.004892624504909924,5.954829972383158,102.43911801133838,3073.1735403401512,3.221476510067114
1,1,115200,7.093202779672666,35.229573805707574,0.0037870637146237016,6.0745370193954304,115.69931166297667,3470.9793498892996,3.825503355704698
1,1,115350,6.4817981293738365,32.192930709223376,0.009344665816451055,5.707889277132051,113.91651729510075,3417.4955188530225,2.8187919463087248
1,1,115500,7.340467709738839,36.45765629170289,0.0027429080794411412,6.155485358604179,117.17690730045285,3515.3072190135867,4.228187919463087
1,1,115650,19.13832672222689,95.05368938706022,0.3517679080705271,12.99730741346126,77.83697901966352,2335.109370589905,8.456375838926174
1,1,115800,24.81642820964428,123.25492677456657,0.2185519437886246,15.34698667491417,72.5318685003616,2175.956055010848,8.053691275167784
1,1,115950,8.085808249875738,40.15951430771617,0.3990879171599263,4.368065933569257,94.08720230069618,2822.6160690208853,5.8389261744966445
1,1,116100,4.481097662901218,22.25611839240938,0.025614875985921912,3.649657518179257,110.16783063686344,3305.0349191059036,5.033557046979865
1,1,116250,14.149428908664715,70.27549691303477,0.5541004269567692,6.462197768561544,88.3040993814159,2649.122981442477,7.651006711409396
1,1,116400,9.593001125316707,47.645238922406314,0.07506623319613445,9.391485505498201,115.52996806146007,3465.899041843803,1.610738255033557
1,1,116550,9.378858343463143,46.58166310586694,0.08871320221634678,8.7464278422676,116.66621359237335,3499.9864077712,2.013422818791946
1,1,116700,10.082550990627432,50.076669920116245,0.1420238462735674,9.178235124467026,110.60832262615179,3318.2496787845535,2.4161073825503356
1,1,116850,8.50301034900784,42.231618066738946,0.1639092500166973,7.925906888172668,113.37341154772753,3401.2023464318263,2.013422818791946
1,1,117000,9.740944249108479,48.380023103905444,0.06721463573525867,8.637708029332506,115.72932735391758,3471.879820617527,2.61744966442953
1,1,117150,6.813496218550227,33.84036455213279,0.007756656833992891,6.606814663664378,111.82956061046477,3354.8868183139434,1.610738255033557
1,1,117300,10.46427027590979,51.97254237035194,0.3180526153023586,6.741661516271844,111.0799824467684,3332.3994734030516,5.033557046979865
1,1,117450,27.681850522230597,137.48652426041198,0.4258541728833816,15.970597985046453,73.49972139865683,2204.9916419597052,7.449664429530201
1,1,117600,27.78201285109223,137.98399716042474,0.3784916555238567,19.05177157116837,76.34703045651062,2290.4109136953184,5.23489932885906
1,1,117750,36.447481442660184,181.02249116521227,0.42674140866550275,23.792856070679324,73.91247936238754,2217.3743808716263,6.241610738255034
1,1,117900,13.28174141077967,65.9659823402057,0.14389812474067348,10.186756107810442,101.36647875325691,3040.9943625977066,3.825503355704698
1,1,118050,27.305449983251552,135.61706825014937,0.21894789472717396,14.29020643657886,87.25117116227763,2617.535134868329,7.85234899328859
1,1,118200,25.848414461615768,128.38045849269162,0.609417290511041,11.20089282155766,84.72755502026527,2541.826650607958,8.657718120805368
1,1,118350,6.774679121038289,33.6475729678235,0.005861665845017348,6.552098900352247,124.28804862454903,3728.6414587364716,1.2080536912751678
1,1,118500,6.9264938816316795,34.40158627877068,0.0031975269718273126,6.155485358607255,118.98080239169522,3569.424071750856,3.4228187919463084
1,1,118650,24.75757404012713,122.9626177326314,0.6433901082938726,12.713772060249475,79.17478722071131,2375.2436166213392,7.449664429530201
1,1,118800,19.281854823524675,95.76654562350589,0.3728139140158953,12.997307413461554,88.43647641275837,2653.094292382751,5.033557046979865
1,1,118950,26.775470309546943,132.9848358707498,0.06552743471982145,16.12761606685853,72.78861433588087,2183.658430076426,6.845637583892617
1,1,119100,21.251477004868615,105.54900245751412,0.10984118551633963,11.715374513859972,77.37242975435402,2321.1728926306205,7.046979865771812
1,1,119250,28.386906284602667,140.98830121352654,0.15141211637221788,18.30000000000067,72.03334435361548,2161.000330608464,5.6375838926174495
1,1,119400,10.791140455432618,53.59599759531535,0.08793593009118925,9.304837451560863,110.01066613694044,3300.3199841082137,3.825503355704698
1,1,119550,23.207192254192144,115.26238819582099,0.3268204437498981,14.75804865150006,80.43842434997056,2413.1527304991164,7.449664429530201
1,1,119700,20.90229153646864,103.81471463112757,0.32638882073180453,14.399999999999693,84.1473071866557,2524.419215599671,6.040268456375839
1,1,119850,25.843771278113806,128.35739734796525,0.4855669824826415,13.315404612704029,83.05884511996368,2491.7653535989107,9.060402684563758
1,1,120000,28.479290252319032,141.44714158651786,0.47178380283190646,21.251352898110433,73.45677539910147,2203.7032619730444,6.442953020134228
1,1,120150,34.525819277922785,171.47823574701647,0.5251376350332914,24.87830380070018,68.40428780391117,2052.128634117335,5.4362416107382545
1,1,120300,34.106553821139144,169.39588397832443,0.18087723822246843,27.324714088164946,48.11775326254352,1443.5325978763058,4.429530201342282
1,1,120450,19.89054974540012,98.78973040215391,0.3490813903246706,14.403124660989478,76.74486987998074,2302.3460963994225,5.6375838926174495
1,1,120600,29.002671297820545,144.04660077917532,0.41502965225807614,22.29910312097823,62.0911671202862,1862.735013608586,6.040268456375839
1,1,120750,23.454011473112743,116.48825698312662,0.4607118625151237,20.40220576310275,57.48429006882293,1724.528702064688,4.832214765100671
1,1,120900,30.604433269817157,152.0020185734252,0.7840638482866856,26.80764816241869,50.67634919403575,1520.290475821073,4.026845637583892
1,1,121050,24.250540165675776,120.44434948952303,0.7430152362597886,20.769448716805346,62.60024122595272,1878.007236778582,4.832214765100671
1,1,121200,23.552111873699197,116.97548897270599,0.7471112469972827,19.5576072156086,52.419189140699594,1572.5756742209878,4.026845637583892
1,1,121350,13.319216191825545,66.15210708606688,0.4688820223176665,8.720665112248172,87.5898886796522,2627.6966603895657,7.046979865771812
1,1,121500,8.844442296687843,43.92739674021628,0.07189256437059478,7.1309185944023685,107.85472623006575,3235.641786901972,3.825503355704698
1,1,121650,24.601174812905313,122.18583490409637,0.6423956897952715,18.12456896039276,53.86049278740808,1615.8147836222427,5.8389261744966445
1,1,121800,20.416648336188494,101.40268673640286,0.622855623655657,15.074813431682081,58.451831732775965,1753.554951983279,5.6375838926174495
1,1,121950,25.054218025360473,124.43594952595704,0.5672738755706692,18.522418848519706,62.18875257625624,1865.6625772876869,6.442953020134228
1,1,122100,23.809255586946158,118.25263608183259,0.4473044535125756,19.428329830430325,70.19983179999764,2105.9949539999297,5.6375838926174495
1,1,122250,22.161769815237964,110.07012341568188,0.5214447229909245,17.65672676347534,62.515374342814944,1875.4612302844482,5.033557046979865
1,1,122400,24.91862805798616,123.76251935466462,0.5235884943814637,18.40543398021461,54.67106498945488,1640.1319496836466,5.8389261744966445
1,1,122550,26.293122543645527,130.58917530010612,0.29042233717162025,24.46242015827447,66.66296374324878,1999.888912297463,3.0201342281879193
1,1,122700,23.624747278057786,117.33624481435362,0.28084860420713664,17.646529403821795,73.6975599265011,2210.926797795033,7.248322147651007
1,1,122850,20.05770543849819,99.61993701120767,0.30334904581699773,14.873466307487298,58.40137158240489,1752.0411474721468,6.644295302013423
1,1,123000,21.614737315334345,107.35319533282723,0.39250181484212193,15.443445211480203,69.14027037190958,2074.208111157287,6.241610738255034
1,1,123150,20.360881968361685,101.12571377619636,0.29046450278537844,14.85530208376772,77.76682764060423,2333.0048292181273,6.644295302013423
1,1,123300,22.449344898752564,111.49841299713775,0.4070374843559483,13.971757226633727,68.5874477830968,2057.6234334929045,7.248322147651007
1,1,123450,17.635147627275146,87.58789988213321,0.30083511717997546,11.580155439371516,83.29248348337357,2498.7745045012075,6.442953020134228
1,1,123600,10.396875203275192,51.63781350960012,0.04823447426176391,7.421590126112483,104.3394385020953,3130.183155062859,6.241610738255034
1,1,123750,14.51498789987321,72.09110656937028,0.3212856077533985,9.124143795445761,100.8375496914992,3025.1264907449763,4.228187919463087
1,1,123900,22.37560859039081,111.13218933227435,0.3020794368774962,14.103191128250899,75.92440689003233,2277.7322067009695,6.644295302013423
1,1,124050,25.980803690916826,129.0379916648869,0.2906033241254432,14.499655168314836,76.0065695961005,2280.197087883015,8.053691275167784
1,1,124200,23.01850789470649,114.32525587704225,0.3905751068383712,12.332882874657368,77.15038533103312,2314.5115599309943,7.651006711409396
1,1,124350,23.528412212346378,116.85778065465368,0.285593252106884,14.356183336807925,77.38804709536151,2321.641412860846,7.651006711409396
1,1,124500,21.969391081624604,109.11464237206887,0.23513064401772565,12.6321019628568,81.76566456510584,2452.9699369531754,8.456375838926174
1,1,124650,19.82991040827083,98.48855502774512,0.14544513820206234,10.026464980241515,77.55991297937685,2326.797389381305,8.053691275167784
1,1,124800,18.929408360294296,94.01606152279501,0.2787723924052728,8.00499843847555,89.41077912065396,2682.3233736196185,8.657718120805368
1,1,124950,21.098133485945386,104.78739631352877,0.28150014927515804,9.420191080864942,75.76194584057427,2272.858375217228,8.859060402684564
1,1,125100,23.802842367308617,118.2207837576328,0.33763162091963145,13.148764200486156,82.89343750640423,2486.8031251921266,7.449664429530201
1,1,125250,15.173644684217162,75.36243526494525,0.12036058784145667,9.990495483208568,96.5240448457194,2895.7213453715826,5.23489932885906
1,1,125400,21.320683423334742,105.89272766922923,0.19689268611853372,12.149074038791198,81.21666466913922,2436.4999400741767,8.053691275167784
1,1,125550,21.57409057423658,107.15131651870834,0.20048246322381133,11.13642671596242,84.3898557818522,2531.695673455566,7.85234899328859
1,1,125700,21.760711093941907,108.07819843324481,0.31402317129470697,14.481022063376752,84.84922145151879,2545.476643545564,5.8389261744966445
1,1,125850,20.6911011792382,102.76580252354972,0.3410338384804781,9.004998611884217,81.80822793911862,2454.246838173559,9.261744966442953
1,1,126000,16.19723743527243,80.44627926185308,0.2721247986460991,9.972462083156909,90.06400084150042,2701.9200252450128,5.8389261744966445
1,1,126150,12.793616001402846,63.54162614030079,0.08632879033840861,9.486832980507835,99.72995222162366,2991.8985666487097,5.4362416107382545
1,1,126300,18.822302000588135,93.48409993625441,0.2979474190483631,9.124143795447441,83.38049646815202,2501.4148940445607,8.657718120805368
1,1,126450,18.404978410703233,91.4113927731594,0.30758652949696824,8.720665112249755,80.7815095547991,2423.4452866439724,9.060402684563758
1,1,126600,18.69252108677101,92.83952139762934,0.37184089752811006,11.272976536834019,94.34656269309781,2830.3968807929346,5.8389261744966445
1,1,126750,12.690969051347853,63.031812955027675,0.0046008513225991865,11.525623627379565,114.75481128282759,3442.6443384848276,3.0201342281879193
1,1,126900,18.89710711656457,93.85563201227068,0.39718230585859116,12.182364302547464,86.06415613034451,2581.9246839103357,5.6375838926174495
1,1,127050,14.413840395019054,71.58874062859462,0.20195151775920872,9.343446901438451,96.34250046201973,2890.275013860592,6.040268456375839
1,1,127200,7.291645856457082,36.21517442040351,0.16032729856062541,4.743416490253001,116.07944377971683,3482.383313391505,4.630872483221476
1,1,127350,8.939541288328044,44.39972173202929,0.06645559907356907,7.156116265125577,117.20259227773931,3516.0777683321794,5.6375838926174495
1,1,127500,11.323505201236943,56.24007583281015,0.2483660311595671,6.489992295835426,103.06677456887414,3092.0032370662243,5.4362416107382545
1,1,127650,28.241155025466664,140.2644032931511,0.4670888858671424,20.162589119455642,70.05664934225699,2101.69948026771,5.6375838926174495
1,1,127800,25.341315882833612,125.86186888474029,0.1709717895904365,18.2630775062683,70.2538175405644,2107.614526216932,6.040268456375839
1,1,127950,28.158217767336552,139.85248157777153,0.21955209374329424,21.476731594914867,58.38030886432222,1751.4092659296666,4.429530201342282
1,1,128100,25.704031994698735,127.6633589070037,0.45414493720767596,22.401785643114547,53.36895103141907,1601.0685309425724,3.825503355704698
1,1,128250,26.550111866060682,131.86555560143472,0.4179472478697903,22.339427029357385,49.24966983290471,1477.4900949871412,4.832214765100671
1,1,128400,23.18284655086087,115.14147120260898,0.3653113239258967,20.619408332926117,55.10283578694092,1653.0850736082277,3.6241610738255035
1,1,128550,30.96572983664259,153.7964581886582,0.22245848021435546,23.792856070677068,53.026657055314374,1590.7997116594313,4.630872483221476
1,1,128700,24.192450099289463,120.15583549313766,0.11955147772944286,19.068298298484887,54.02158593534917,1620.647578060475,4.026845637583892
1,1,128850,25.898707281802164,128.63024616628408,0.32412537388936113,13.829316685937483,64.89129264164227,1946.7387792492684,8.25503355704698
1,1,129000,23.944019811802818,118.92196506528734,0.5936593754939324,15.902829936837461,66.53088854663389,1995.9266563990168,6.040268456375839
1,1,129150,25.23792529619468,125.34836230443358,0.4080891906390596,17.821616088333062,74.9075260548386,2247.225781645158,5.4362416107382545
1,1,129300,26.23823298111126,130.31655713951923,0.422845427448373,15.646085772488215,65.46344736450021,1963.9034209350066,8.657718120805368
1,1,129450,23.957012022182443,118.98649304350614,0.5044373360562515,14.255525244617472,77.00804713612989,2310.2414140838973,8.859060402684564
1,1,129600,20.702648473514543,102.82315408512221,0.48907802783214516,13.59301291105007,61.58855729899705,1847.6567189699113,6.845637583892617
1,1,129750,21.56800057277554,107.12106951145182,0.4718373047597958,13.014607178090666,65.94904826525838,1978.4714479577515,6.442953020134228
1,1,129900,13.876514166836664,68.92002036195544,0.42683908228352746,8.863972021616052,96.21406090025025,2886.421827007507,5.8389261744966445
1,1,130050,12.42153232412951,61.69361054317656,0.29662626638300527,8.275868534479383,93.13952307279212,2794.1856921837634,5.23489932885906
1,1,130200,17.092885265521833,84.89466348542508,0.28730600010252505,14.103191128252277,70.6214171446239,2118.642514338717,5.4362416107382545
1,1,130350,17.95245967159206,89.16388303557389,0.32813181450801276,12.048651376813748,69.47655825439301,2084.296747631791,6.644295302013423
1,1,130500,11.709271790519383,58.15604989291293,0.16483238160585126,7.805767098755181,87.54661024369122,2626.3983073107365,7.046979865771812
1,1,130650,16.81331639617232,83.50613810098918,0.2884309794449177,11.136426715962696,81.26008303161613,2437.8024909484843,6.442953020134228
1,1,130800,15.842112232265416,78.68249075358489,0.26587644270751265,10.606601717799323,72.72218379961502,2181.6655139884506,6.442953020134228
1,1,130950,18.346155173366792,91.11923736105507,0.22902939892280408,12.149074038788632,77.5147346893982,2325.4420406819463,5.4362416107382545
1,1,131100,16.74146795226397,83.14929082957772,0.40338205384240367,11.272976536832477,86.99752786907412,2609.925836072224,6.845637583892617
1,1,131250,10.76211586398947,53.45184212448102,0.24129703697094332,7.517978451685035,101.80183936263523,3054.0551808790565,4.026845637583892
1,1,131400,23.35033273964923,115.97331927359119,0.22012358279157365,14.103191128250806,65.14824303339579,1954.4472910018733,6.845637583892617
1,1,131550,5.0803019850126745,25.232166525562945,0.12052414641024431,4.242640687119647,105.68244411075207,3170.473323322562,3.221476510067114
1,1,131700,16.363135229468345,81.27023830635943,0.4207420114030037,8.858893836139606,76.55007774806532,2296.50233244196,8.053691275167784
1,1,131850,16.28878073343179,80.90094430937788,0.37555458316826096,10.816653826393008,88.73158342778795,2661.947502833639,5.23489932885906
1,1,132000,19.783381629026312,98.25746209083069,0.3983642847119456,10.465658125505945,82.67736478070836,2480.3209434212504,6.845637583892617
1,1,132150,11.026930511389489,54.76708820656779,0.21785818471517485,8.149846624323043,92.05606279928416,2761.6818839785246,5.8389261744966445
1,1,132300,19.337054553887885,96.04070428430984,0.340358165731624,12.241323457861673,77.14848730625258,2314.454619187578,5.6375838926174495
1,1,132450,20.383888068860944,101.23997740867603,0.202227618047038,14.477914214416291,75.98962763102908,2279.688828930872,6.442953020134228
1,1,132600,17.802957847141606,88.42135730746998,0.2862763041612359,11.498260738041767,79.90647524569552,2397.1942573708657,6.644295302013423
1,1,132750,11.7891698984738,58.552877162419875,0.41531360048863486,5.7706152185017405,86.29871450969995,2588.9614352909994,7.85234899328859
1,1,132900,42.18715203759813,209.52952178673735,0.7375304399094625,14.99399879952047,66.53280834910336,1995.984250473101,7.248322147651007
1,1,133050,19.67405352896054,97.71446586050399,0.033790624502522015,14.412494579357203,93.28767716346022,2798.630314903806,6.040268456375839
1,1,133200,21.152723790665398,105.0585281603048,0.4651833822044,11.308846094983098,81.70008753614657,2451.0026260843974,8.657718120805368
1,1,133350,25.869302529537336,128.48420256336874,0.6699422862508565,15.48709139896809,51.026825371938585,1530.8047611581571,6.241610738255034
1,1,133500,19.315001621305317,95.93117471914974,0.5809595455162144,12.314625451064666,81.4520918341328,2443.562755023984,6.241610738255034
1,1,133650,18.061822304835296,89.70705078068198,0.32421205569617534,13.529966740536981,82.94727350646603,2488.418205193981,5.8389261744966445
1,1,133800,14.586835902131858,72.44795164725488,0.44812311539787963,10.615083607772466,89.34468286780003,2680.3404860340006,4.228187919463087
1,1,133950,12.264580456362289,60.91408293326603,0.05506772709805016,9.900000000000375,79.17064592044896,2375.1193776134687,3.221476510067114
1,1,134100,18.118298667286428,89.98755004752259,0.5170394165867226,11.943617542436474,76.28496322641168,2288.54889679235,5.033557046979865
1,1,134250,19.572275675381775,97.20896918772947,0.38688187937943425,13.829316685940626,72.06342674814671,2161.902802444401,5.6375838926174495
1,1,134400,25.06897882072267,124.50926147625594,0.38422559997105904,15.48709139896981,63.41540332657833,1902.4620997973498,7.046979865771812
1,1,134550,16.62635079622242,82.57754228790469,0.08983641299031606,8.149846624323043,78.83607939038883,2365.082381711665,8.456375838926174
1,1,134700,25.035631673153244,124.34363730999446,0.07185424409411931,15.178932768808437,69.752762067007,2092.5828620102097,8.053691275167784
1,1,134850,33.270012114794106,165.24106017014404,0.09754477797291088,14.122322755127328,70.66622895519687,2119.986868655906,10.06711409395973
1,1,135000,25.687409049159122,127.5807982774903,0.07835034217248256,10.816653826392535,72.20814475965639,2166.2443427896924,9.865771812080537
1,1,135150,27.464537658622884,136.40720370449367,0.08324094279111667,13.741178988717644,71.4962651447599,2144.8879543427975,8.859060402684564
1,1,135300,28.08706792977343,139.499104051208,0.15497068967532418,15.743570116081738,78.25193604354355,2347.5580813063066,8.25503355704698
1,1,135450,36.70723210611581,182.3125861270418,0.6047123108596874,22.022942582680038,50.23501747513319,1507.050524253996,8.053691275167784
1,1,135600,24.204682994162074,120.2165922043383,0.19344834144805864,16.89615340839397,55.56462794830787,1666.9388384492363,6.845637583892617
1,1,135750,23.535871625363246,116.89482907263745,0.515988386367538,9.48683298050716,97.06165234734324,2911.8495704202983,7.85234899328859
1,1,135900,11.88203770809588,59.014120616876205,0.19006364428622707,8.421401308570914,99.56424776834577,2986.9274330503736,5.8389261744966445
1,1,136050,8.016456242121192,39.81506600253527,0.00877268378531004,7.500000000001194,109.33839970040084,3280.151991012026,2.61744966442953
1,1,136200,19.303234856331738,95.87273311978097,0.6565642997747273,7.82304288624293,83.72073737370447,2511.622121211134,8.456375838926174
1,1,136350,8.910814172678702,44.257043724304225,0.061681785456045524,7.37902432574698,113.8571386095185,3415.7141582855556,3.825503355704698
1,1,136500,23.001968608442166,114.24311075526273,0.6888669423971957,12.660568707605577,76.26110646105431,2287.833193831629,5.8389261744966445
1,1,136650,30.367493411279924,150.8252172760236,0.7228938855027798,20.967832506008893,51.97366472575491,1559.2099417726474,6.442953020134228
1,1,136800,29.51232242969275,146.57786806747401,0.7937613919076704,14.552319402761885,63.02889720448231,1890.8669161344692,9.060402684563758
1,1,136950,19.049456787040686,94.61230204230209,0.6721745857924832,7.823042886242669,66.09306313600734,1982.7918940802203,9.261744966442953
1,1,137100,20.349891486878118,101.0711277181613,0.644269421063231,7.212489168102929,77.14277167951936,2314.2831503855805,8.456375838926174
1,1,137250,22.682120313775854,112.65453089175341,0.5355734892119327,9.202716990108916,80.1440178696284,2404.3205360888524,9.261744966442953
1,1,137400,19.809658831798455,98.38797219793233,0.18075112796149548,12.56065284927476,65.06960578891915,1952.088173667574,7.651006711409396
1,1,137550,33.942881920771754,168.5829802064997,0.8574940134807593,19.349418595916475,45.1516863543142,1354.5505906294263,7.046979865771812
1,1,137700,30.482181516844303,151.39483486699334,0.642847394278446,15.346986674914037,51.439496346350936,1543.1848903905282,8.25503355704698
1,1,137850,24.98109904670646,124.07279193197542,0.4312263023780556,9.079647570252282,51.980589243475684,1559.4176773042707,10.268456375838927
1,1,138000,20.780301613499486,103.20883134704744,0.35095827407615593,7.3545904032779115,64.01396405025191,1920.4189215075573,9.261744966442953
1,1,138150,22.013849648901818,109.33545325621236,0.4096747420654822,9.124143795446656,59.51489130748454,1785.4467392245367,9.865771812080537
1,1,138300,23.669855447321698,117.56028205503111,0.35590016641741723,11.00636179670685,57.62827231788269,1728.8481695364806,8.657718120805368
1,1,138450,27.341357113175633,135.795406995439,0.268833840675123,13.566502865514083,57.955654045348176,1738.6696213604455,9.463087248322147
1,1,138600,28.96002283274419,143.83478006929616,0.26202155233553825,15.01199520383617,65.61259263594494,1968.3777790783474,9.463087248322147
1,1,138750,21.019395569513918,104.3963313285858,0.028581203396519463,10.517128885774873,71.94597781181697,2158.3793343545094,10.06711409395973
1,1,138900,34.540827839075604,171.55277826740883,0.28702968697778386,19.78408451255705,49.92886845503262,1497.8660536509783,8.859060402684564
1,1,139050,23.30382724813655,115.7423419990782,0.5084108351705285,7.589466384401117,62.27125386437561,1868.1376159312686,11.275167785234899
1,1,139200,38.08555944480194,189.1582785758496,0.20116499201497867,22.27285343192498,51.77240703898257,1553.1722111694771,8.25503355704698
1,1,139350,17.457419524770177,86.70518363969187,0.16324641392137118,13.553228397692113,94.50117586924125,2835.0352760772375,5.23489932885906
1,1,139500,11.709268964024037,58.15603585465272,0.11186677615766855,9.12414379544702,97.92720306186148,2937.816091855844,4.429530201342282
1,1,139650,18.97166985723261,94.22596029092195,0.36819341743641065,13.58307770720458,80.69710472786782,2420.9131418360344,5.6375838926174495
1,1,139800,18.36599619352894,91.21778109452708,0.15801222881725932,11.541230437003547,83.39557293806644,2501.867188141993,6.845637583892617
1,1,139950,8.522598247488984,42.32890462919529,0.02567258090559408,8.105553651662008,113.72038890336889,3411.611667101067,1.610738255033557
1,1,140100,7.770100415706448,38.59149873134203,0.0013954277455300228,7.299315036357532,115.1682641152152,3455.047923456457,2.61744966442953
1,1,140250,8.565014136933504,42.539570213436406,0.012217129975688655,7.061161377564407,117.17969446750288,3515.3908340250864,4.228187919463087
1,1,140400,8.015977646001966,39.8126889751431,0.009073685969549211,7.553806987208405,113.83861096213636,3415.158328864091,1.006711409395973
1,1,140550,8.350725668050494,41.47527081798411,0.01384637518425639,6.977822009768716,113.49032361520707,3404.709708456212,4.429530201342282
1,1,140700,9.427859564663084,46.82503583782666,0.008041924601605136,8.40535543567231,117.7808103744932,3533.4243112347967,2.8187919463087248
1,1,140850,9.922921569239877,49.28384379389139,0.12276549261797347,8.188406438373509,104.42928197082838,3132.8784591248514,2.61744966442953
1,1,141000,9.992069005749505,49.627276061889205,0.009676297517172965,8.720665112248875,112.10680844156646,3363.2042532469936,3.6241610738255035
1,1,141150,9.607462064437266,47.71706158670507,0.011193790998055144,8.485281374239596,116.72420760480944,3501.7262281442827,3.221476510067114
1,1,141300,10.275570460403571,51.03533328667107,0.017014324741766017,8.485281374237184,111.60573549741143,3348.1720649223425,4.832214765100671
1,1,141450,10.149770546381816,50.410527047029696,0.012324588118286187,9.37229961108563,116.34903207375538,3490.470962212661,3.0201342281879193
1,1,141600,8.918272579674207,44.29408714571523,0.008988120320398403,7.8057670987543455,108.66290624908643,3259.887187472593,4.026845637583892
1,1,141750,12.944149086274225,64.28927379516199,0.11391347377031381,8.448076704196696,95.01828668864782,2850.5486006594347,7.046979865771812
1,1,141900,15.596886747566732,77.46453751291475,0.3231933585247206,13.685393673547633,89.64435235610314,2689.330570683094,3.0201342281879193
1,1,142050,10.01411690002736,49.73678060346922,0.07549122308406576,8.448076704196819,116.60997875567847,3498.2993626703537,4.026845637583892
1,1,142200,7.691716174036288,38.20219033104689,0.0024833217410568866,7.379024325749458,121.68435200187781,3650.530560056334,2.8187919463087248
1,1,142350,7.919810386693673,39.33505825391191,0.0144395076061702,7.742092740339351,114.19563890334442,3425.8691671003326,2.8187919463087248
1,1,142500,8.843128102384236,43.92086957517505,0.013276039275281067,8.335466393670343,119.73988236654664,3592.1964709963995,2.61744966442953
1,1,142650,9.24267686359943,45.905295089210504,0.00976398682873659,8.884255736975454,113.53205982905442,3405.961794871632,1.2080536912751678
1,1,142800,8.850419682058012,43.95708442088813,0.010467224768765463,7.595393340703395,117.98800045495916,3539.6400136487755,4.228187919463087
1,1,142950,9.325272548250378,46.315520322976866,0.02548565332089349,8.532877591997128,113.74127396230978,3412.2382188692936,2.61744966442953
1,1,143100,8.989510376005365,44.647901534159985,0.013653273843088544,8.421401308570914,105.38802599402618,3161.6407798207847,2.8187919463087248
1,1,143250,11.078202331102846,55.021738244477476,0.24283951113165803,9.585927185201134,100.45196064592591,3013.5588193777776,3.825503355704698
1,1,143400,9.317382891521813,46.276335027891676,0.18575279022075422,8.823264701910897,106.35192569452033,3190.5577708356104,2.013422818791946
1,1,143550,14.015036623194902,69.60801522853468,0.23473349811907065,9.304837451562554,75.48370887193339,2264.511266158002,6.241610738255034
1,1,143700,14.108390743695066,70.07167402701884,0.24456809151349237,7.742092740337468,90.3576747979498,2710.730243938494,8.25503355704698
1,1,143850,13.991884943369808,69.49302855207004,0.34599724515641084,9.333809511662983,90.40917917689737,2712.275375306921,5.6375838926174495
1,1,144000,18.368634384890186,91.23088411162126,0.4518229259581793,10.733126292000286,57.91851379357256,1737.5554138071773,9.664429530201343
1,1,144150,15.280752427650814,75.89440372399903,0.28164460957988385,8.193900170248764,79.63840229185155,2389.1520687555467,7.449664429530201
1,1,144300,12.905630030897244,64.09796248678964,0.23921406331497932,8.367795408589487,83.3876178638987,2501.6285359169606,5.6375838926174495
1,1,144450,12.918328868769725,64.16103338155631,0.3259879873893282,8.949860334106155,76.629539738235,2298.88619214705,6.040268456375839
1,1,144600,10.676276007467825,53.02550417042353,0.021340519376406006,9.567131231460985,114.67562790958908,3440.268837287673,4.026845637583892
1,1,144750,16.951725373747955,84.1935693562815,0.31427903816617847,12.137956994484917,98.96556406045822,2968.966921813747,4.832214765100671
1,1,144900,13.311937027870014,66.11595390508772,0.20425063040147085,10.344563789741127,84.2437256142034,2527.3117684261024,6.040268456375839
1,1,145050,11.597446417731042,57.6006505413975,0.16678066432580396,8.532877591997128,87.07130484486312,2612.1391453458937,6.040268456375839
1,1,145200,8.113439068938732,40.296747375729026,0.1057104854502745,7.224956747275674,108.21078730093046,3246.323619027914,3.0201342281879193
1,1,145350,11.289048732837795,56.06894203976105,0.11758149757077967,7.800000000000513,86.10220012775711,2583.066003832713,6.241610738255034
1,1,145500,13.826962623846445,68.67391436510401,0.08362677989871752,10.653168542738088,79.3556893873174,2380.6706816195224,5.6375838926174495
1,1,145650,14.22445930340843,70.6481478735952,0.07461489290541193,12.033702672079057,75.10611599287407,2253.183479786222,4.026845637583892
1,1,145800,17.702003812876047,87.9199522706177,0.41047721180078073,13.682105101189626,74.47773332806018,2234.3319998418056,6.040268456375839
1,1,145950,13.266204173150781,65.88881405998222,0.3531652102205303,8.188406438373883,87.38783543665845,2621.6350630997536,7.449664429530201
1,1,146100,17.218830404592495,85.52019100947606,0.48660240316565045,10.261578825891435,75.19228492425279,2255.7685477275836,6.845637583892617
1,1,146250,14.676140232042092,72.89149648580906,0.4120050541335312,12.244998979175545,80.12974745098788,2403.8924235296363,5.033557046979865
1,1,146400,14.852379628676147,73.76681882242485,0.4443368627655339,10.186756107810442,66.7079293176134,2001.2378795284021,5.4362416107382545
1,1,146550,15.52202815421406,77.09273983259648,0.2768730980604089,11.734564329365147,72.88110883732112,2186.4332651196337,6.040268456375839
1,1,146700,17.344235379894265,86.14303572014151,0.3899519849818628,13.813037319866044,75.58603309174865,2267.5809927524597,6.442953020134228
1,1,146850,15.587632053771983,77.4185725337342,0.46585544244749155,12.137956994484917,65.15255518073886,1954.5766554221655,5.6375838926174495
1,1,147000,13.403759047224696,66.57200326788265,0.3649078877221193,10.754068997361138,73.19666517716692,2195.8999553150074,5.6375838926174495
1,1,147150,11.863269790645761,58.92090662687395,0.3310008738823579,8.297590011564006,77.41206888341178,2322.362066502353,7.449664429530201
1,1,147300,13.17665432022657,65.44404979045862,0.3498901954580542,10.92016483391902,78.80971239345513,2364.2913718036543,5.033557046979865
1,1,147450,14.110278573294892,70.08105024736464,0.37901717939379853,12.014990636700615,74.12232005965673,2223.6696017897016,5.033557046979865
1,1,147600,14.931347943292167,74.15902811835109,0.41009193050797427,13.645878498652875,64.5831096804607,1937.4932904138218,4.630872483221476
1,1,147750,14.770645381106164,73.36087205949394,0.4273463267060522,11.59180745181713,60.61883287173517,1818.5649861520553,5.8389261744966445
1,1,147900,15.419999270921664,76.58599637891093,0.34683833113668694,14.128694207179002,72.40918784119505,2172.2756352358515,3.0201342281879193
1,1,148050,14.547453755372015,72.252353651681,0.27625688868155196,10.948972554533848,82.86085966265865,2485.82578987976,6.442953020134228
1,1,148200,11.638139806029843,57.80276103661488,0.16559628485329075,9.420191080864509,94.62667566558156,2838.8002699674466,4.832214765100671
1,1,148350,10.718592108914278,53.2356741409409,0.3386001933968579,7.1309185944023685,91.47643445536731,2744.293033661019,6.040268456375839
1,1,148500,5.725754624411363,28.437914634576437,0.044508920784820764,4.920365840055246,112.94260947463702,3388.2782842391107,4.630872483221476
1,1,148650,6.561180953053086,32.58719873349699,0.005359236103540369,5.604462507679466,112.96233963856312,3388.870189156894,4.832214765100671
1,1,148800,9.863442655107269,48.988431853699424,0.20873569672901654,6.801470429252687,97.23707381644907,2917.112214493472,4.832214765100671
1,1,148950,5.647983020843994,28.051649003525167,0.09166109394789772,5.341348144428861,107.59062481725344,3227.718744517603,2.8187919463087248
1,1,149100,5.519221618729683,27.412134039690763,0.009512871045739254,5.1000000000004775,114.85968656934683,3445.7905970804045,2.013422818791946
1,1,149250,6.5696132746556914,32.62907926412326,0.00631814583587106,6.184658438424589,116.91490127148795,3507.4470381446386,2.61744966442953
1,1,149400,10.991736282584244,54.59229020350175,0.2984420751134319,7.2124891681032475,100.31266377216026,3009.3799131648075,5.6375838926174495
1,1,149550,6.976254161035868,34.64872899981148,0.024119305981919848,6.847627326308978,114.40470311678763,3432.1410935036297,2.013422818791946
1,1,149700,6.41695363908038,31.870869740765887,0.0044373234049650675,5.90931468107956,119.83903528222908,3595.1710584668726,2.8187919463087248
1,1,149850,5.915479910689778,29.380216889759232,0.008232333115732411,5.366563146001478,109.41796143579944,3282.5388430739836,2.61744966442953
1,1,150000,10.225296998258127,50.78564175801536,0.21110697668763603,7.517978451685785,81.56306340317093,2446.891902095128,6.040268456375839
1,1,150150,9.973582722960705,49.53546085737152,0.272801444093122,6.997142273815601,98.9611804539769,2968.8354136193066,4.228187919463087
1,1,150300,8.232919049170377,40.89016461087954,0.11782524664586684,5.7314919523645,100.97000801707628,3029.1002405122886,5.23489932885906
1,1,150450,9.272691293684932,46.054366758635155,0.12407589136724795,7.9711981533521765,111.33744122465455,3340.123236739637,3.6241610738255035
1,1,150600,7.61845684422732,37.838335659662356,0.00762764505260549,7.2560319734689696,113.81683091147602,3414.504927344281,1.4093959731543624
1,1,150750,12.458987376515262,61.87963730335914,0.2530257581099351,8.405355435673163,88.58187912521201,2657.4563737563603,6.442953020134228
1,1,150900,11.326103707447661,56.25298174699005,0.25312865399526124,8.590692637964192,76.79343437168107,2303.803031150432,6.644295302013423
1,1,151050,14.688415046551603,72.95246139787295,0.19122331447939261,11.541230437003792,85.7832205856492,2573.496617569476,5.033557046979865
1,1,151200,9.082308833761248,45.10880054101419,0.24758223628438583,6.854195795278225,90.85578521890451,2725.673556567135,4.228187919463087
1,1,151350,8.078064357405852,40.12105297511573,0.2144222977110841,6.606814663662364,101.29923031745078,3038.976909523523,4.228187919463087
1,1,151500,11.17126628625501,55.483955888399876,0.28612355901264935,8.48528137423845,97.81225738489755,2934.3677215469265,7.046979865771812
1,1,151650,10.663745075314754,52.96326720739661,0.24178311572879227,7.224956747275603,102.84475660740655,3085.3426982221963,5.8389261744966445
1,1,151800,12.874786656278513,63.94477372618327,0.21912187450375992,9.396275858020097,84.4256170947246,2532.7685128417384,6.644295302013423
1,1,151950,12.890796952437038,64.02429153043728,0.4037751172876694,11.164676439557697,74.28639303625211,2228.591791087563,3.0201342281879193
1,1,152100,14.832000737159811,73.66560366122707,0.21946328250748498,11.673045875007054,91.26272849462849,2737.8818548388545,3.6241610738255035
1,1,152250,13.71405073657276,68.11311865831138,0.3468407440410639,8.705170877128749,86.61636499417745,2598.4909498253237,7.449664429530201
1,1,152400,13.162802413316607,65.37525198613915,0.285296199697051,10.653168542739266,87.24345153831102,2617.3035461493314,5.033557046979865
1,1,152550,11.290120694708042,56.07426611704992,0.2777967025721122,6.906518659932484,95.25236869220325,2857.571060766098,6.845637583892617
1,1,152700,13.565470044636701,67.37516788836228,0.3387695532935204,9.304837451561701,91.94864455476602,2758.459336642981,6.040268456375839
1,1,152850,19.026560210466773,94.49858237865163,0.19152010458608798,12.952219886953534,77.24311712501415,2317.293513750424,6.644295302013423
1,1,153000,14.718913554415122,73.10393732026178,0.26647890369795296,10.653168542737632,80.24466324849831,2407.339897454949,6.040268456375839
1,1,153150,16.007984181646044,79.50632143550868,0.3529091748787778,12.734991166075808,79.05570177657467,2371.67105329724,4.026845637583892
1,1,153300,16.858136906028143,83.72874663327309,0.3560657440264363,13.695254652618367,76.55231658006426,2296.569497401928,4.630872483221476
1,1,153450,17.62353230847671,87.53021046543434,0.31696488341645074,11.039021695784683,75.8385713178603,2275.1571395358087,7.248322147651007
1,1,153600,13.183649007474495,65.47879007045665,0.2949293694016271,9.534149149244108,86.16012353635692,2584.8037060907077,5.4362416107382545
1,1,153750,16.723056044138872,83.05784501922305,0.3712391844928092,10.43551627855371,82.56843532510196,2477.053059753059,6.040268456375839
1,1,153900,15.36591350336949,76.31737040006848,0.2971435351322065,11.116204388189448,82.14517201716103,2464.3551605148314,4.832214765100671
1,1,154050,15.277117282789035,75.87634917118552,0.2752058966897607,11.03902169578406,89.763597396037,2692.9079218811103,6.040268456375839
1,1,154200,13.669624263876894,67.89246717725524,0.3039755144467788,7.5894663844042185,94.08851473774911,2822.6554421324727,8.053691275167784
1,1,154350,5.940617091834147,29.505064889442934,0.07382029324698187,4.837354648979384,112.15654769270319,3364.696430781096,5.033557046979865
1,1,154500,5.512493010723012,27.37871528659096,0.019753764399037435,4.947726750740208,115.22826734213487,3456.8480202640453,3.0201342281879193
1,1,154650,13.11061120511111,65.11603565205186,0.24792305669792025,8.448076704199844,99.96711468278217,2999.0134404834653,5.033557046979865
1,1,154800,9.987190870126462,49.60304798829475,0.005202699601688149,8.919641248390274,116.86737040265557,3506.0211120796666,3.4228187919463084
1,1,154950,14.171472903790816,70.38498208882771,0.2722557915773537,10.261578825891958,104.92278308504245,3147.683492551274,4.228187919463087
1,1,155100,11.275765386307464,56.00296808532707,0.2019902066410193,8.448076704197181,103.54998463169326,3106.4995389507985,3.4228187919463084
1,1,155250,9.314446685503759,46.261751871335335,0.31079040155000764,6.0745370193941675,105.68425172485537,3170.527551745661,4.026845637583892
1,1,155400,13.097135206871362,65.04910486079443,0.2972383694458407,5.731491952362714,91.88222391345711,2756.4667174037136,8.456375838926174
1,1,155550,14.27038030824291,70.87622219760647,0.30546246304974833,8.049844718999356,88.96547698075705,2668.9643094227117,7.248322147651007
1,1,155700,13.52442387928427,67.17130526711188,0.2809185173487274,9.10933587041385,100.66688615547822,3020.006584664346,4.630872483221476
1,1,155850,11.000929248678164,54.6379486017682,0.4274815368404679,2.9546573405396073,77.89897508789831,2336.9692526369504,11.879194630872483
1,1,156000,9.135002310714897,45.37051147655065,0.05607973644162163,7.2560319734686525,99.82675049913941,2994.8025149741825,4.630872483221476
1,1,156150,10.858667420342117,53.93138152103252,0.028978489271580976,7.523961722390629,92.32356192588358,2769.706857776508,5.4362416107382545
1,1,156300,8.738139126855883,43.39942433005088,0.028610803314497606,6.627216610313199,100.52410197981683,3015.7230593945046,4.630872483221476
1,1,156450,10.090070136438243,50.1140150109766,0.06301199439828639,6.7416615162714635,94.66031684138896,2839.8095052416684,4.429530201342282
1,1,156600,11.634778283820511,57.78606547630854,0.07058086424762708,9.138927727036384,97.35175834146695,2920.5527502440077,4.630872483221476
1,1,156750,11.379386090255275,56.51761758160121,0.025549947472748198,8.16088230524099,85.71890982091011,2571.5672946273035,4.228187919463087
1,1,156900,11.455782526948676,56.89705321717841,0.036350918394359305,8.746427842267819,90.86302470784582,2725.8907412353747,4.429530201342282
1,1,157050,10.477640223054022,52.03894644116831,0.014444274343033182,7.788452991447787,95.4426850945612,2863.2805528368363,5.23489932885906
1,1,157200,10.972190912602192,54.495214865924225,0.022760949804284804,7.920227269467258,104.7257626481686,3141.7728794450577,6.644295302013423
1,1,157350,8.750425348332927,43.4604458967202,0.016200009963918696,7.80576709875433,115.88647661218732,3476.5942983656196,2.61744966442953
1,1,157500,8.448777737098927,41.96226276092467,0.009606557437372,7.571657678472458,121.5371548811798,3646.1146464353956,3.221476510067114
1,1,157650,10.152607769577383,50.42461858890101,0.08077518349885911,7.689603370784773,97.7472598506038,2932.417795518114,5.23489932885906
1,1,157800,9.954146718345065,49.438928701113824,0.04245256200574442,8.400000000002592,114.77856334510007,3443.3569003530015,4.228187919463087
1,1,157950,9.360453990374893,46.49025481886198,0.003501555467814546,8.761849119906696,107.73505481857448,3232.051644557234,3.0201342281879193
1,1,158100,8.559435442857133,42.51186269952376,0.16277010596311992,6.420280367709767,97.11723144839685,2913.516943451905,5.4362416107382545
1,1,158250,6.938805657768571,34.46273476691723,0.057252237504964054,6.264183905347656,108.83061177241724,3264.9183531725166,3.825503355704698
1,1,158400,7.770760679858577,38.594778043297595,0.07787094363019914,6.356886030125704,107.54835417049864,3226.450625114959,3.825503355704698
1,1,158550,8.464855660860783,42.04211644894188,0.07630012103027956,6.264183905345941,106.09854014973676,3182.9562044921026,3.6241610738255035
1,1,158700,7.720100311611963,38.34316488100609,0.03972428008746096,6.552098900352773,113.02820255962249,3390.846076788674,3.6241610738255035
1,1,158850,7.584021331084605,37.66730594438687,0.004786048782978743,6.841052550595262,116.61807105739567,3498.54213172187,2.61744966442953
1,1,159000,8.190332641866672,40.67865212127113,0.010230748051656429,7.1561162651259345,117.74899770836507,3532.469931250953,2.4161073825503356
1,1,159150,7.863820006423105,39.05697269856808,0.030044735980766075,6.76830850360675,105.81969748819606,3174.5909246458823,2.214765100671141
1,1,159300,7.007924897310848,34.806026989977205,0.05832960088663404,5.977457653551231,102.7566059828861,3082.6981794865824,3.0201342281879193
1,1,159450,6.052525215809429,30.06087523852016,0.05245569078966254,5.366563145998809,114.00587565125743,3420.1762695377224,3.0201342281879193
1,1,159600,7.5543472477499405,37.51992466382471,0.067784400956554,6.627216610313161,115.21336629332187,3456.400988799656,3.221476510067114
1,1,159750,7.091144033995521,35.219348702177754,0.05234421680137364,6.363961030678264,102.53458717842793,3076.0376153528373,2.8187919463087248
1,1,159900,5.839583594087991,29.00326518397036,0.08306547439635002,0.0,108.81680814526017,3264.504244357806,12.080536912751677
1,1,160050,10.928169252793076,54.27657395553894,0.0035199298301670364,6.768308503607866,115.96668623286149,3479.000586985845,9.060402684563758
1,1,160200,10.865561652179649,53.96562287249226,0.061140212578466704,9.585927185202335,118.16430505198072,3544.929151559422,3.221476510067114
1,1,160350,4.517415630459223,22.436497631280808,0.281890448354399,0.0,108.96343341675887,3268.9030025027664,12.885906040268456
1,1,160500,10.149782046080915,50.41058416220188,0.13045546833841726,7.111961754677843,105.59435634556468,3167.8306903669395,6.845637583892617
1,1,160650,8.413094474421168,41.785035889625135,0.006773224623027789,7.08025423272327,116.82701231400563,3504.810369420169,6.040268456375839
1,1,160800,8.419557296107357,41.81713457066654,0.09822803312280262,7.5,110.49878844165869,3314.9636532497607,3.6241610738255035
1,1,160950,7.884201321388671,39.1581998962304,0.05304476351895955,6.76830850360675,107.46791750392401,3224.03752511772,4.630872483221476
1,1,161100,7.93056409696167,39.38846834824297,0.02015920736556446,7.4215901261112425,118.5098252367952,3555.2947571038553,2.013422818791946
1,1,161250,8.049700162528037,39.980177473889256,0.009625710850062964,7.2560319734689696,113.17546808917416,3395.2640426752255,2.214765100671141
1,1,161400,8.825662032400817,43.83412142759072,0.09282088988241637,8.59069263796601,110.37556149829385,3311.266844948815,2.013422818791946
1,1,161550,10.69651776243814,53.126038220109436,0.029711989349745317,9.567131231461266,99.7675631817367,2993.026895452101,4.026845637583892
1,1,161700,10.484822054487438,52.07461620395428,0.01620368974174034,9.716480844420575,117.97118651131979,3539.135595339593,2.4161073825503356
1,1,161850,8.646745982320317,42.94550504552424,0.015601167090472629,8.004998438475935,112.65256460211364,3379.5769380634097,2.4161073825503356
1,1,162000,8.125989566148151,40.35908151186915,0.0029001403085142335,6.926037828369965,113.089821157221,3392.6946347166304,4.026845637583892
1,1,162150,7.032426902259855,34.92772028122395,0.010037041067568345,6.80147042925169,110.19819701635244,3305.9459104905727,1.610738255033557
1,1,162300,7.466935086403389,37.08577759580349,0.003335326283748496,6.441273166075424,107.77260879621994,3233.178263886598,3.4228187919463084
1,1,162450,7.696016815323225,38.223550182772016,0.01324731882898511,7.1309185944036235,111.61845794617663,3348.553738385299,2.8187919463087248
1,1,162600,7.567251192448179,37.58401425582595,0.016239025896284894,7.022819946432162,119.45278114935118,3583.583434480535,2.4161073825503356
1,1,162750,7.491638053283162,37.20846899797304,0.025480848726760263,6.627216610312273,113.46014948375682,3403.804484512705,4.429530201342282
1,1,162900,6.665362940567084,33.10463593814985,0.0142583337792965,5.999999999999318,111.28631105323375,3338.5893315970125,3.221476510067114
1,1,163050,7.572581918219415,37.6104901938231,0.10612073694175232,6.606814663662636,100.48175527719737,3014.4526583159213,3.4228187919463084
1,1,163200,8.135009045942084,40.40387826151235,0.0404427528584524,7.82304288624293,110.5581084777016,3316.7432543310474,1.8120805369127517
1,1,163350,7.571970313392544,37.60745255651631,0.05802453370061839,7.2498275841559705,112.98677059782838,3389.6031179348515,1.8120805369127517
1,1,163500,8.715084622667005,43.28492029257946,0.018483631069454328,7.9711981533521765,117.2243657016376,3516.7309710491277,3.4228187919463084
1,1,163650,7.528435018498986,37.391227258544966,0.021148252863460643,6.9778220097679275,114.00334223782536,3420.100267134762,1.610738255033557
1,1,163800,9.279959758720073,46.09046680164302,0.005083643246349386,8.949860334106313,118.36359489281637,3550.907846784491,1.610738255033557
1,1,163950,8.705824734482984,43.23892951459882,0.005394168597885114,7.920227269466062,113.77265794987127,3413.179738496138,3.0201342281879193
1,1,164100,9.291270568225363,46.14664382218598,0.008415124581438192,7.9711981533521765,116.126831587487,3483.80494762461,3.0201342281879193
1,1,164250,8.386283987744171,41.65187713912939,0.00541656940694393,7.262231062144837,111.20652960450082,3336.1958881350247,3.221476510067114
1,1,164400,8.04333231837858,39.9485505146136,0.021974220405645326,7.68960337078607,115.28311234111017,3458.493370233304,2.013422818791946
1,1,164550,8.375676189364242,41.59919174050907,0.013241064335881986,7.5239617223906965,115.92753838701569,3477.82615161047,3.221476510067114
1,1,164700,5.974742742287842,29.674555620029615,0.05797484846947637,4.743416490252973,109.38196605048168,3281.458981514451,5.23489932885906
1,1,164850,7.269391113840068,36.10464253207233,0.0011419876604387997,6.606814663663352,118.1165313494154,3543.495940482462,2.8187919463087248
1,1,165000,7.52449010522999,37.37163418930895,0.007109847103976817,6.579513659840184,112.56880094884302,3377.06402846529,3.0201342281879193
1,1,165150,6.936580141355556,34.451681368732594,0.023840356560382976,6.579513659839503,111.3191328326742,3339.5739849802258,2.013422818791946
1,1,165300,7.948415920337462,39.477132404342726,0.023306007558940817,7.409453421137627,115.29472050239976,3458.8416150719927,2.8187919463087248
1,1,165450,9.352977684559306,46.45312249997788,0.009435149166052955,8.495881355105054,115.46976500881495,3464.092950264448,2.8187919463087248
1,1,165600,7.981155958959334,39.639741262831365,0.012927559633020363,7.971198153351023,109.34277402276838,3280.2832206830517,1.006711409395973
1,1,165750,7.6768422911975405,38.128316712947786,0.01538713628959261,6.997142273815601,109.82138887273275,3294.641666181983,2.4161073825503356
1,1,165900,8.559197727693157,42.51068204754269,0.011145770587482375,7.851751396980359,115.71571906117515,3471.471571835255,2.8187919463087248
1,1,166050,8.880227879454367,44.105131801290014,0.037341154709690044,8.100000000000307,111.41528342524077,3342.4585027572225,3.221476510067114
1,1,166200,7.771925744933649,38.60056453317046,0.00550776701910826,5.916924876996817,123.7742030280831,3713.2260908424937,5.4362416107382545
1,1,166350,7.875101331994593,39.113003282239816,0.011752454652113291,4.0804411526205895,111.34911098236309,3340.4733294708926,11.275167785234899
1,1,166500,10.495757979330094,52.12893129733946,0.008251008655803362,9.660745312862378,124.48086041139577,3734.425812341873,4.026845637583892
1,1,166650,6.910348400025868,34.32139705346181,0.056601049316078705,6.3639610306786265,115.8546522560668,3475.639567682005,2.4161073825503356
1,1,166800,6.038026141268133,29.988863168298394,0.05566736827744908,5.178802950491776,113.79841254900703,3413.9523764702103,3.6241610738255035
1,1,166950,6.458672643566267,32.078074129712455,0.01032041093883139,5.4332310828825925,113.32733999283543,3399.8201997850633,3.825503355704698
1,1,167100,6.6048769709779656,32.804222289190555,0.037861421670659,5.366563145998428,114.09584906066188,3422.8754718198566,5.8389261744966445
1,1,167250,7.102926957447873,35.277870555324434,0.07448359150256405,6.441273166075424,113.70106742946979,3411.0320228840937,2.61744966442953
1,1,167400,6.572936673255856,32.64558547717074,0.006440011944748813,5.7706152185003665,111.69522272605879,3350.856681781764,3.4228187919463084
1,1,167550,6.530960964647244,32.43710612441464,0.006165778144109253,5.977457653549712,106.37286122907916,3191.1858368723747,3.4228187919463084
1,1,167700,7.659739283784653,38.04337177613044,0.003977761497974825,6.356886030126488,112.0929360474617,3362.7880814238515,5.4362416107382545
1,1,167850,7.442879324677304,36.966300645897284,0.003527105656393293,6.7082039325001315,114.96784629228956,3449.035388768687,3.221476510067114
1,1,168000,7.1693042085989,35.60754423604121,0.01970884141093246,6.627216610313199,116.42180252650205,3492.654075795062,3.825503355704698
1,1,168150,8.58455622416357,42.636629246679064,0.003708404857560635,7.85175139698189,117.60024012304349,3528.0072036913048,3.825503355704698
1,1,168300,6.523508421407207,32.40009182632245,0.006547266455078751,5.408326913197899,108.77479557147706,3263.2438671443115,6.644295302013423
1,1,168450,6.391206215426053,31.7429908699494,0.013807525000146354,5.762811813689449,113.40082850806239,3402.024855241872,4.429530201342282
1,1,168600,7.7828911373294245,38.655025982069475,0.020807150383937306,6.661080993353171,105.67620366507079,3170.286109952124,4.630872483221476
1,1,168750,8.241894998652926,40.9347451599762,0.006228229214162301,7.666159403506081,113.94278920608936,3418.283676182681,2.214765100671141
1,1,168900,8.743791026502041,43.4274954316268,0.005775113705890924,7.64852927038916,107.09737993785706,3212.9213981357116,4.832214765100671
1,1,169050,8.443706715891427,41.93707668892742,0.0026229772956267304,7.523961722391052,114.52215900971706,3435.6647702915116,4.832214765100671
1,1,169200,8.291440069794223,41.180819013311314,0.015051635774706038,6.977822009768899,115.65746707778415,3469.7240123335246,5.23489932885906
1,1,169350,8.784644435870012,43.630400698154396,0.011174430257994944,8.105553651664074,105.63389112167948,3169.016733650385,3.221476510067114
1,1,169500,9.716059461753163,48.256428660040704,0.00727656411947358,8.448076704196424,122.30233705040679,3669.070111512204,4.832214765100671
1,1,169650,9.561113145837577,47.48686195765996,0.01343126756475792,8.949860334103526,114.11517228044119,3423.4551684132357,3.0201342281879193
1,1,169800,7.85311536764289,39.00380632595969,0.01380676737580382,6.4621977685606735,111.78930629652103,3353.6791888956304,6.241610738255034
1,1,169950,10.111050904807474,50.218219493877115,0.014106004495507491,9.024965373893728,111.8009791925555,3354.0293757766644,3.0201342281879193
1,1,170100,9.674471320826592,48.04987422677206,0.010058753466506662,9.571833680127353,113.86765258346908,3416.0295775040727,2.214765100671141
1,1,170250,9.430942560076474,46.84034804837982,0.008290496825040797,8.919641248389244,122.75988198948156,3682.796459684447,3.6241610738255035
1,1,170400,8.845503628219724,43.93266802015796,0.0021594028790034637,8.29759001156641,123.34998817276627,3700.4996451829884,3.4228187919463084
1,1,170550,8.724928897841957,43.333813525948386,0.015849151908508188,7.517978451685035,108.23834139813779,3247.1502419441335,5.23489932885906
1,1,170700,8.852540785851565,43.967619236396104,0.012932125252816229,7.648529270390432,112.97142717305255,3389.1428151915766,4.429530201342282
1,1,170850,9.43382206980801,46.85464961337978,0.013283946372870172,8.746427842267995,123.49730657766754,3704.9191973300262,3.221476510067114
1,1,171000,9.09043812575561,45.1491760245862,0.0033808673527421637,7.256031973469498,120.47919304748952,3614.3757914246858,6.644295302013423
1,1,171150,9.487053280015067,47.11903129074149,0.0027914297212111496,9.109335870412375,121.44742692654363,3643.422807796309,3.4228187919463084
1,1,171300,9.006297081546796,44.73127550501576,0.00199955664331424,7.648529270390582,116.09291148846106,3482.787344653831,4.228187919463087
1,1,171450,7.263565359339339,36.07570795138537,0.11629405396961295,6.0745370193939365,105.35921959825302,3160.776587947591,5.8389261744966445
1,1,171600,8.147599885815614,40.466412766217545,0.005971888856764578,7.249827584157594,116.14548232032979,3484.364469609894,2.4161073825503356
1,1,171750,7.595733567030653,37.725476716252246,0.017065834554066038,6.906518659932484,115.85151690736018,3475.545507220805,3.6241610738255035
1,1,171900,7.496727036633835,37.23374428194805,0.01124807187416038,6.606814663662636,114.65881706545693,3439.764511963708,3.0201342281879193
1,1,172050,9.01122102488657,44.75573109026997,0.014996804910376008,8.049844718999548,115.43278877682052,3462.983663304615,2.8187919463087248
1,1,172200,8.783183352509687,43.623143984131445,0.011269933737699423,8.297590011562479,109.52290706792341,3285.6872120377025,2.013422818791946
1,1,172350,9.435441502881032,46.86269279764246,0.017514834320407107,9.391485505498393,114.44581917498559,3433.3745752495684,1.2080536912751678
1,1,172500,10.249785862390372,50.907269783205514,0.027850245372727952,7.942921376924772,108.38269925132475,3251.4809775397425,5.033557046979865
1,1,172650,9.222616527952551,45.805662088831006,0.04306315744040225,7.82304288624293,118.11984852413718,3543.5954557241157,5.033557046979865
1,1,172800,8.08756467928256,40.16823790710338,0.0058065299337557155,6.606814663663526,117.95112864976794,3538.533859493038,6.040268456375839
1,1,172950,8.886026153036973,44.13392989341696,0.011860491336171806,7.25603197346971,123.32453185911031,3699.735955773309,6.442953020134228
1,1,173100,8.887498178821776,44.141240954814826,0.010181954366551414,7.9429213769241285,122.74850790229812,3682.455237068944,5.23489932885906
1,1,173250,7.914699366851324,39.30967352202825,0.014184398506021425,6.708203932499369,108.85407835654289,3265.6223506962874,5.23489932885906
1,1,173400,7.139916145717424,35.461583523729885,0.05415778349054175,6.7082039324976535,108.17006132155932,3245.1018396467794,2.4161073825503356
1,1,173550,6.760116897259761,33.57524725639015,0.005866737317876222,5.531726674377637,111.84354518350806,3355.306355505242,5.033557046979865
1,1,173700,7.78115990402334,38.646427523315936,0.010356712057855827,6.60681466366368,112.50928693140696,3375.2786079422094,3.825503355704698
1,1,173850,7.152277849769213,35.5229799871871,0.004582616830561981,6.606814663662636,114.48389496450476,3434.516848935143,2.214765100671141
1,1,174000,6.4206737402318215,31.889346243151373,0.01898415947729423,5.707889277132051,117.6955681732815,3530.8670451984453,3.221476510067114
1,1,174150,7.592767752163171,37.710746502410416,0.01979075980991462,6.926037828369188,114.63506036258842,3439.0518108776528,3.0201342281879193
1,1,174300,7.455957433613977,37.03125525361608,0.009785069832447157,6.906518659931503,121.1507324708232,3634.5219741246956,1.2080536912751678
1,1,174450,7.599794681689724,37.74564691905897,0.005810395102378147,6.627216610313199,110.05355597987939,3301.6066793963814,2.61744966442953
1,1,174600,7.041286163565475,34.97172127904185,0.006329669461951293,6.328506932920317,105.15375982324453,3154.6127946973356,2.4161073825503356
1,1,174750,6.972227413262363,34.62872948586974,0.007132279594760304,6.4132674979306925,113.95915293000193,3418.774587900058,2.8187919463087248
1,1,174900,6.798564919035186,33.766205764541425,0.02169215008037402,6.264183905346922,108.6025980766857,3258.077942300571,2.214765100671141
1,1,175050,7.442080298867053,36.9623321510397,0.007203834921071744,7.080254232722151,116.91305752898158,3507.391725869448,2.4161073825503356
1,1,175200,6.976734829860093,34.651116321638455,0.08595216486889949,6.378087487640443,105.30769418636724,3159.230825591017,2.214765100671141
1,1,175350,6.430022170868055,31.935776781978007,0.0546478659599849,5.76281181368885,104.64328419364931,3139.2985258094795,3.4228187919463084
1,1,175500,6.735640205686897,33.45367968824492,0.019719711142291135,5.9169248769966005,110.92762023480127,3327.8286070440386,2.4161073825503356
1,1,175650,6.568534738278309,32.623722533448934,0.018342927340726647,5.977457653550824,111.8487610222723,3355.462830668169,2.013422818791946
1,1,175800,5.947283325451894,29.538173849744403,0.0063876536038050945,5.126402247189649,114.2803190523966,3428.409571571898,4.228187919463087
1,1,175950,6.97831352021196,34.65895715038607,0.008206515038303818,6.3071388124883905,109.32567982832789,3279.770394849837,2.214765100671141
1,1,176100,6.653342996767995,33.04493688394771,0.007943368023063729,5.977457653549712,114.60249969963351,3438.0749909890055,2.4161073825503356
1,1,176250,5.918449758152327,29.39496713215656,0.004356612619191534,5.636488268415648,114.01880454971703,3420.5641364915114,1.4093959731543624
1,1,176400,6.407287650846301,31.822861999203287,0.020905784500334344,6.0,114.19343450006696,3425.803035002009,2.61744966442953
1,1,176550,6.187913891086093,30.73330565906093,0.000976139707611569,5.531726674375279,117.29762302206287,3518.928690661885,3.221476510067114
1,1,176700,6.477245975548031,32.17032167855521,0.008901260737358632,5.6603886792345985,114.16428730323561,3424.9286190970674,4.228187919463087
1,1,176850,6.495970147814301,32.26331840081103,0.013109802110141773,6.007495318351606,111.28922481842959,3338.6767445528876,2.214765100671141
1,1,177000,6.679458284955574,33.17464281527935,0.008992671886917403,6.007495318351606,116.55455366317202,3496.6366098951603,2.214765100671141
1,1,177150,5.844187681580625,29.026132151850433,0.006352582155321928,5.531726674375834,114.25677793274534,3427.7033379823597,2.013422818791946
1,1,177300,7.137479780092868,35.449482907794575,0.09936352427016991,6.4202803677087505,111.88035864979604,3356.4107594938814,3.221476510067114
1,1,177450,9.911514449962029,49.22718843481141,0.02144929022426865,8.989994438265539,112.5451650241612,3376.3549507248354,3.4228187919463084
1,1,177600,9.557722424867846,47.47002137684363,0.00996353761589222,9.10933587041385,116.00422205362227,3480.1266616086687,2.4161073825503356
1,1,177750,7.828507142426223,38.88158547405024,0.010805090009315432,7.080254232722151,109.42183909016698,3282.65517270501,2.8187919463087248
1,1,177900,7.7282783666578085,38.38378255440044,0.006295912059457724,6.74166151627393,116.6693234386395,3500.079703159184,2.61744966442953
1,1,178050,8.405500623215982,41.747319761972705,0.005509335720505562,7.891767862782609,114.2644334278346,3427.933002835038,2.013422818791946
1,1,178200,8.050567134136948,39.984483432880175,0.012624326619406443,7.5,104.71542601372471,3141.462780411741,2.4161073825503356
1,1,178350,8.112432155465484,40.29174637214523,0.009679401741434774,6.90651865993291,114.34531331670877,3430.3593995012634,5.033557046979865
1,1,178500,8.550312179006932,42.46655048906777,0.09450738287541623,7.500000000000323,109.80860883765358,3294.258265129607,3.221476510067114
1,1,178650,6.231337698989236,30.948977238313205,0.02861689374093342,5.580322571321518,108.96221770091041,3268.866531027312,3.6241610738255035
1,1,178800,6.953995819289195,34.538179235803,0.015990074262133395,6.579513659836568,112.43919709904148,3373.1759129712445,1.8120805369127517
1,1,178950,6.602301611895696,32.79143133908196,0.017648069273498202,6.184658438424837,115.90474898275268,3477.1424694825805,1.610738255033557
1,1,179100,5.656208273481067,28.09250109162263,0.01511078362696514,5.43323108288297,109.19022042259182,3275.706612677754,1.8120805369127517
1,1,179250,6.104390440505669,30.318472521178155,0.011126634286507247,5.4332310828825925,107.59909144441555,3227.972743332466,2.214765100671141
1,1,179400,6.308111460215789,31.330286919071757,0.0009027772813095011,5.916924876995196,112.4752826136942,3374.258478410826,2.214765100671141
1,1,179550,6.578595791353471,32.67369243038891,0.004906460932149794,6.074537019395241,106.93693585877465,3208.1080757632394,2.4161073825503356
1,1,179700,6.470594252124959,32.13728478555397,0.010643482478751846,6.552098900350256,116.81196786279314,3504.3590358837946,1.2080536912751678
1,1,179850,6.383205718189107,31.703255067005898,0.0009974615078119325,6.413267497927342,119.31729450403593,3579.518835121078,1.2080536912751678
1,1,180000,5.80304859057344,28.821807999848087,0.01039721315460226,5.135172830585874,115.89478470102232,3476.8435410306697,3.0201342281879193
1,1,180150,6.074030057000232,30.16768261643448,0.022040340878982163,5.8249463516839874,107.81493952589953,3234.448185776987,1.610738255033557
1,1,180300,5.636832170886552,27.99626644873654,0.00535785727981325,5.099999999999124,108.951133296814,3268.53399890442,2.4161073825503356
1,1,180450,6.478467932517785,32.176390731504995,0.011603635012000306,6.300000000001091,111.84734431926437,3355.4203295779307,1.2080536912751678
1,1,180600,6.890389620421693,34.222268448094404,0.013291422142622186,6.0074953183503075,120.31189779584177,3609.356933875253,3.825503355704698
1,1,180750,6.426385393121871,31.917714119171954,0.007932265358294166,5.762811813689782,116.22794077236635,3486.83822317099,2.8187919463087248
1,1,180900,6.607133646481476,32.81543044419133,0.01834745791201944,5.9774576535495845,113.88117515254595,3416.4352545763786,1.8120805369127517
1,1,181050,6.694777602396804,33.25072875857079,0.008474402414397399,6.037383539250996,114.34205106778515,3430.261532033555,2.8187919463087248
1,1,181200,7.6437475163949795,37.96394599809507,0.006012395134629283,6.328506932918457,112.07768082763599,3362.3304248290797,3.0201342281879193
1,1,181350,7.647937636064086,37.98475692578495,0.011323391227498113,6.15548535860447,114.00398951903648,3420.119685571095,2.61744966442953
1,1,181500,7.920033800613794,39.336167876381836,0.06952412386570869,7.029224708317293,107.8327193695013,3234.9815810850396,3.6241610738255035
1,1,181650,7.702919019104952,38.25783112822126,0.04029391129457756,6.661080993352671,117.68961138577507,3530.6883415732514,3.4228187919463084
1,1,181800,7.213539901663869,35.827248178263886,0.017108311355064333,6.489992295834008,114.8366706244357,3445.1001187330717,3.825503355704698
1,1,181950,7.507107183443049,37.28529901110047,0.012095890426330297,6.8541957952781125,117.25251019103845,3517.575305731154,2.61744966442953
1,1,182100,6.7611554359712684,33.58040533199063,0.015892201338518357,6.586349520031453,112.10992799975095,3363.297839992528,1.8120805369127517
1,1,182250,8.316995413663573,41.30774388786241,0.0065183477724581945,7.523961722391052,109.12201783194614,3273.660534958384,2.8187919463087248
1,1,182400,7.240734823083162,35.962316287979704,0.011136648837713668,6.708203932499369,111.86110472400442,3355.833141720132,2.214765100671141
1,1,182550,7.507221943415401,37.285868985629826,0.015011909176154354,6.184658438425581,107.78706186250272,3233.6118558750827,4.832214765100671
1,1,182700,7.189883774274315,35.709756078895765,0.012753150720583722,5.824946351686293,110.56513118782091,3316.9539356346268,3.6241610738255035
1,1,182850,7.474544929252447,37.12357314862049,0.004603007211139591,5.977457653551851,118.79794999879545,3563.9384999638633,4.228187919463087
1,1,183000,8.550328146275312,42.466629793167385,0.007795742416043204,7.421590126112069,117.0625609483863,3511.8768284515886,3.825503355704698
1,1,183150,7.740315981646917,38.44356937551302,0.004329285039724272,6.118823416309372,115.82151735170687,3474.645520551206,5.6375838926174495
1,1,183300,7.849717916266778,38.986932317458326,0.0022064637445698893,6.441273166073716,114.35918354475338,3430.7755063426016,4.228187919463087
1,1,183450,7.957822639460993,39.52385244265626,0.04564882141569257,6.46219776856194,107.79794760461822,3233.9384281385464,4.832214765100671
1,1,183600,6.163013482831222,30.60963363139507,0.02516396327187985,5.161395160225392,111.49530847743507,3344.8592543230525,4.630872483221476
1,1,183750,6.660710200268102,33.08152732799824,0.007210586333348972,6.328506932918457,110.06505841337922,3301.9517524013772,2.214765100671141
1,1,183900,6.362343234399914,31.59963806418624,0.006772525215497639,6.037383539249661,110.4772650493023,3314.317951479069,2.214765100671141
1,1,184050,7.445573741452467,36.97968291588057,0.007800069640760907,6.661080993354074,111.01512014324379,3330.453604297313,3.221476510067114
1,1,184200,6.888179877623891,34.21129339219866,0.012920900623032942,6.184658438425933,110.81829037651848,3324.5487112955548,2.61744966442953
1,1,184350,6.418470613492266,31.87840404701159,0.0062502686194020884,6.118823416309372,113.92975291348915,3417.8925874046754,1.610738255033557
1,1,184500,6.657884904027116,33.06749502333467,0.007283040079265371,6.118823416312717,119.388176479226,3581.64529437678,2.4161073825503356
1,1,184650,6.915426757783677,34.34661956365893,0.019147366764271253,6.067124524846968,108.05924753586837,3241.777426076051,3.6241610738255035
1,1,184800,7.549812527038779,37.49740221762593,0.027196654765571687,7.003570517957748,113.78042443425551,3413.412733027665,2.61744966442953
1,1,184950,7.021293273242161,34.87242325710275,0.020602829707887918,6.3639610306786265,114.2771936925404,3428.315810776211,2.8187919463087248
1,1,185100,7.070591665976653,35.11727194101738,0.0208575883775776,6.586349520031453,116.18572371553677,3485.571711466104,2.013422818791946
1,1,185250,7.34680364233074,36.48912475690934,0.011832036689692755,6.599999999999966,108.57010772358326,3257.103231707498,3.6241610738255035
1,1,185400,9.260887783960523,45.99574266033726,0.012359987756698637,8.049844718999548,117.73253562977462,3531.9760688932383,4.228187919463087
1,1,185550,9.137504493247068,45.382938983127104,0.002463555718957944,8.122191822407977,113.12686196565384,3393.805858969615,4.026845637583892
1,1,185700,8.604014722663972,42.73327312256439,0.005463011221468146,6.926037828369188,114.00167576674069,3420.050273002221,6.040268456375839
1,1,185850,8.042502243502538,39.94442780939595,0.002930245982386407,6.958448102846467,119.25007123740431,3577.502137122129,4.026845637583892
1,1,186000,7.173488068193405,35.62832407202724,0.012803852019423795,6.552098900353535,115.24617870315487,3457.385361094647,2.61744966442953
1,1,186150,7.531219867014375,37.40505867283805,0.011241151217279801,6.600000000000392,119.81079016351981,3594.3237049055942,3.0201342281879193
1,1,186300,7.330844417306038,36.40986060595331,0.0047965712875375375,6.788225099390108,117.55598346703063,3526.679504010919,2.214765100671141
1,1,186450,7.398066038438492,36.74372799091118,0.015723888255679757,6.926037828369965,118.20505508035507,3546.151652410652,2.4161073825503356
1,1,186600,7.183960828354042,35.68033878082507,0.016726997356196236,6.90651865993267,115.47621410302213,3464.286423090665,1.8120805369127517
1,1,186750,6.831165057577978,33.92811978597064,0.009885905813257065,6.841052550593654,107.69852053215264,3230.955615964579,1.006711409395973
1,1,186900,9.726295649183157,48.30726839094302,0.056163346650520155,9.343446901438451,108.1657849161802,3244.9735474854065,1.610738255033557
1,1,187050,9.359697742250692,46.48649878651177,0.024357578582200546,8.319254774317288,107.66088906867762,3229.8266720603283,3.6241610738255035
1,1,187200,7.618549179031882,37.838794255858346,0.01750038124281025,6.70820393249975,109.17494419371977,3275.2483258115935,3.6241610738255035
1,1,187350,7.009372574417452,34.813217119606676,0.11399481298026036,6.640783086353893,110.09443582921169,3302.833074876351,2.013422818791946
1,1,187500,7.90234813791355,39.248329084970635,0.009841544017843705,7.130918594403266,112.2045095199433,3366.135285598299,3.4228187919463084
1,1,187650,7.226867483469071,35.89344183456306,0.008122586741222966,7.029224708315382,113.64538075699595,3409.361422709879,1.2080536912751678
1,1,187800,7.030307338298716,34.91719311355029,0.00146031769994158,5.8249463516839874,106.60749968673959,3198.224990602188,5.033557046979865
1,1,187950,8.924160438261582,44.323330176699194,0.014555216002037323,7.451845409023865,109.21919256928228,3276.575777078468,4.429530201342282
1,1,188100,7.01094365930745,34.82102017456033,0.015317914623117547,6.841052550594402,110.0386363950973,3301.159091852919,1.2080536912751678
1,1,188250,8.543028893376604,42.43037683710379,0.00730988672516709,8.297590011563127,117.94650455742205,3538.395136722661,0.8053691275167785
1,1,188400,7.985182509462199,39.65973979699559,0.004104621129494692,7.354590403275756,116.38800551877992,3491.640165563398,2.214765100671141
1,1,188550,8.496405601999395,42.19881448993033,0.021474557323239312,7.42159012611207,117.38980566707893,3521.694170012368,4.429530201342282
1,1,188700,8.19550110225573,40.70432214120346,0.008685893094271306,7.636753236813797,106.36470782421343,3190.9412347264024,2.4161073825503356
1,1,188850,7.898818353439193,39.23079782208133,0.012999990525631108,6.92603782836954,114.00135830590827,3420.0407491772485,3.4228187919463084
1,1,189000,8.076849768074213,40.11502051476859,0.004303294945412381,7.500000000001705,110.402449246021,3312.0734773806303,2.013422818791946
1,1,189150,8.79065458453459,43.66025110318848,0.01110082558839646,8.34086326467393,116.38272251486988,3491.4816754460962,1.4093959731543624
1,1,189300,7.8642022462673005,39.058871156460924,0.015243631170985818,7.523961722390629,111.62645191445773,3348.7935574337316,2.214765100671141
1,1,189450,7.565052231461756,37.573092749593386,0.006213285452821003,6.661080993352633,108.79119732438322,3263.7359197314963,4.026845637583892
1,1,189600,7.364260638285996,36.575827836820444,0.07851474051782252,7.2560319734686,109.32171217434879,3279.6513652304634,2.013422818791946
1,1,189750,7.786174931951239,38.67133549535782,0.0248353609716626,6.76830850360675,107.65197764480642,3229.5593293441925,4.630872483221476
1,1,189900,7.922461864415306,39.348227259929345,0.01920909661913941,6.92603782836965,113.7004680756248,3411.0140422687437,4.228187919463087
1,1,190050,8.47051854413786,42.07024210255136,0.019648558720015787,6.7082039324976535,116.80520400775531,3504.1561202326593,5.23489932885906
1,1,190200,8.199927764605528,40.72630789754079,0.009554058525162711,7.64852927038916,112.47390452286744,3374.217135686024,3.0201342281879193
1,1,190350,7.560255648034878,37.549269718573214,0.01922836544249119,6.906518659933059,111.53004163646796,3345.9012490940386,3.6241610738255035
1,1,190500,7.618879308736114,37.84043390005604,0.009702615883934685,6.997142273814505,115.35483614447813,3460.6450843343437,2.61744966442953
1,1,190650,7.562915866132649,37.56248213512551,0.007829855927490553,6.90651865993291,126.09566126248104,3782.8698378744325,3.4228187919463084
1,1,190800,7.176188559356174,35.641736511469,0.01066534892464143,6.76830850360454,115.32685952477131,3459.8057857431395,1.4093959731543624
1,1,190950,7.952534911826998,39.497590062074096,0.008416093292007583,7.224956747275639,114.41335180452865,3432.4005541358606,2.8187919463087248
1,1,191100,8.109476721128793,40.277067714939676,0.0037324704183460764,7.3239333694397075,119.32743139047862,3579.8229417143593,3.825503355704698
1,1,191250,6.731819384141808,33.434702941237646,0.005936775713594071,6.242595614005564,111.36879841224543,3341.063952367363,2.214765100671141
1,1,191400,7.062588809471357,35.0775244203744,0.012202078061473491,6.8476273263082685,106.79205062955872,3203.761518886761,1.006711409395973
1,1,191550,7.93238665444296,39.397520383733365,0.08510495240071211,7.080254232725293,111.8118078712002,3354.3542361360055,3.221476510067114
1,1,191700,6.794795700443077,33.74748531220062,0.03278840142467742,5.824946351684406,116.35776763817735,3490.7330291453204,3.4228187919463084
1,1,191850,5.496710281035201,27.3003277291415,0.007112181227852327,4.695742752749291,112.14574468683305,3364.3723406049908,4.630872483221476
1,1,192000,6.2719499676177675,31.150684839168246,0.051720134977004464,5.916924876993878,113.11621872462142,3393.486561738642,1.4093959731543624
1,1,192150,8.578828388380002,42.608180995620685,0.03184013620977679,8.105553651664202,115.27027047353106,3458.1081142059325,2.013422818791946
1,1,192300,9.178347770422596,45.58579392643222,0.02318342637476346,9.304837451560863,116.03568477524244,3481.0705432572736,1.006711409395973
1,1,192450,6.766227354825075,33.605595862297875,0.009582476831585165,6.242595614004274,112.86727031732924,3386.0181095198773,1.8120805369127517
1,1,192600,6.383429222810538,31.704365139959002,0.012175143063371969,6.029925372673879,115.8122481343124,3474.3674440293717,2.4161073825503356
1,1,192750,6.7459437965431155,33.50485418949748,0.055527179652445836,6.356886030126488,106.78052635355915,3203.4157906067744,3.221476510067114
1,1,192900,8.038392779206541,39.924017470059155,0.022813931579453446,8.23771813065039,107.1100253996619,3213.3007619898567,0.6040268456375839
1,1,193050,8.882845075006486,44.11813053919889,0.01831637343099788,8.105553651664202,109.27668236992727,3278.3004710978175,1.8120805369127517
1,1,193200,8.713835725626012,43.278717437275844,0.006620597665657715,7.648529270388308,114.37010461677778,3431.1031385033334,3.0201342281879193
1,1,193350,8.24987417053325,40.974375046981805,0.017288327866496454,7.68960337078597,111.8962916318645,3356.8887489559356,2.61744966442953
1,1,193500,8.15794163285808,40.517776776528464,0.005390308009322218,7.8517513969814985,112.12400856472728,3363.7202569418187,1.4093959731543624
1,1,193650,7.407307528434426,36.789627391224315,0.011174239180251098,6.841052550595635,118.3214261317635,3549.642783952906,2.013422818791946
1,1,193800,7.691845876333592,38.20283451912351,0.005235213630545773,7.206247289678868,114.07679581482827,3422.303874444848,2.214765100671141
1,1,193950,7.150347180523752,35.5133909966013,0.011157263330924701,6.4202803677087505,113.5413116511953,3406.239349535859,2.013422818791946
1,1,194100,7.38701731774708,36.68885267814384,0.003968567757158833,7.1309185944036235,113.93970627879102,3418.191188363731,0.8053691275167785
1,1,194250,6.983343084970912,34.6839373220222,0.006931632454850711,6.4132674979298345,108.56271673095615,3256.8815019286853,2.4161073825503356
1,1,194400,7.794645944696956,38.71340819199489,0.004511162930929975,7.636753236816208,114.52439600351074,3435.7318801053225,1.2080536912751678
1,1,194550,6.679518507624169,33.174941921200045,0.024579214251909946,5.82494635168592,110.62633793781274,3318.7901381343822,3.4228187919463084
1,1,194700,7.561958546177238,37.55772744601363,0.011195456951886501,7.3545904032790075,116.3215478117133,3489.6464343513985,1.4093959731543624
1,1,194850,8.15369004305897,40.49666054719288,0.009830948512011722,7.742092740339351,115.24204064845593,3457.2612194536778,1.2080536912751678
1,1,195000,6.99685708489756,34.75105685499122,0.0046844102221198424,6.15548535860447,120.17403954918194,3605.2211864754586,3.0201342281879193
1,1,195150,7.351063039644455,36.51027976356745,0.0033320821257405648,6.579513659837851,108.21001488967943,3246.300446690383,3.221476510067114
1,1,195300,6.739288627563637,33.47180018356605,0.01195782478769433,6.037383539248517,113.37384735328473,3401.2154205985416,2.214765100671141
1,1,195450,7.725944316460587,38.37219010508758,0.0192213046626587,7.224956747276736,116.0121465042587,3480.3643951277613,1.8120805369127517
1,1,195600,7.3965918261454675,36.73640606985582,0.08762652814874698,7.022819946432527,116.25305639427565,3487.5916918282687,2.214765100671141
1,1,195750,7.915551920324726,39.31390787094614,0.13649147867502295,7.061161377563719,106.15905604251051,3184.771681275315,4.228187919463087
1,1,195900,9.785927212345133,48.60343848798082,0.07604618467473996,9.391485505501443,109.76314054882866,3292.89421646486,2.61744966442953
1,1,196050,8.934742847753725,44.37588947717684,0.05532409685602979,8.527602242130161,109.03996696892071,3271.1990090676213,1.8120805369127517
1,1,196200,8.58472426466197,42.637463847821124,0.014474851674367174,7.82304288624293,109.88223443426924,3296.4670330280765,3.0201342281879193
1,1,196350,9.703333016512822,48.19322064868035,0.009111031844144283,9.48683298050503,120.15772922814332,3604.7318768443,1.006711409395973
1,1,196500,8.890620582647273,44.156748893814786,0.017443759238668696,8.188406438373509,118.14377637053386,3544.313291116015,2.61744966442953
1,1,196650,9.524521774624763,47.305124813969655,0.004866645835304081,8.405355435670975,117.2093693847814,3516.281081543442,3.0201342281879193
1,1,196800,8.800739110944262,43.710337584356495,0.007646143173714755,8.485281374237726,117.6122039787011,3528.366119361033,1.610738255033557
1,1,196950,8.944474433025322,44.4242230173591,0.019687133657276517,8.720665112248875,112.33759046273863,3370.1277138821592,2.214765100671141
1,1,197100,8.934619682894848,44.375277758377734,0.014374831428119924,8.720665112247994,110.25059471064525,3307.517841319357,1.2080536912751678
1,1,197250,9.389905319794382,46.63652975497876,0.004523283190357052,8.949860334104741,125.49353866435497,3764.806159930649,2.013422818791946
1,1,197400,8.297636757347057,41.21159589482371,0.008748875643316183,6.958448102845933,110.8085258191765,3324.2557745752947,3.825503355704698
1,1,197550,9.363974926678166,46.50774213583489,0.012303086620839598,8.700000000000804,115.89172100419859,3476.7516301259575,2.4161073825503356
1,1,197700,8.984780275367122,44.62440870099003,0.007727134163318574,8.072174428243287,114.81842686112479,3444.5528058337445,2.8187919463087248
1,1,197850,9.132306605901682,45.35712280931169,0.005915898996240959,8.188406438373883,115.78753106454974,3473.625931936492,2.8187919463087248
1,1,198000,9.06187596331851,45.007317284481935,0.00674655916713439,8.405355435673286,111.06793957517233,3332.0381872551707,2.8187919463087248
1,1,198150,9.285743984665977,46.119195123841024,0.009718701625575726,8.532877591997128,109.56746827034871,3287.024048110461,1.610738255033557
1,1,198300,9.518062971382317,47.27304609119885,0.012276440236626189,9.304837451562554,115.7750184304032,3473.250552912096,1.2080536912751678
1,1,198450,8.517716243200658,42.30465734122994,0.0070953563806207326,8.149846624323136,112.94236977027514,3388.271093108254,1.610738255033557
1,1,198600,8.438948797645276,41.91344569497154,0.0087792206953678,7.42159012611207,110.52122434087238,3315.636730226172,3.0201342281879193
1,1,198750,9.516746007984583,47.266505172990094,0.09110871608268876,8.490583018850813,115.32157400894381,3459.6472202683144,3.4228187919463084
1,1,198900,10.04550589887063,49.892679297724115,0.019843602662715266,9.4201910808644,115.81972440058874,3474.5917320176623,2.8187919463087248
1,1,199050,10.099829186141102,50.16248495783414,0.03759942502276046,9.904544411530388,111.19033916973045,3335.7101750919137,1.4093959731543624
2,1,54000,18.089328436522937,89.84366456806393,0.39779160655629203,14.189080308463717,50.16266857971732,1504.8800573915194,6.241610738255034
2,1,54150,15.008178604012416,74.54062039992834,0.4280328173304245,10.870602559195778,54.69322449910071,1640.796734973021,7.046979865771812
2,1,54300,14.824658881115521,73.6291391095404,0.43755734581163747,9.261209424260626,66.98112908046475,2009.4338724139427,7.248322147651007
2,1,54450,7.880340703695124,39.13902549501912,0.16373110515985154,5.770615218501475,108.43885182278898,3253.1655546836696,3.6241610738255035
2,1,54600,15.855920938087475,78.7510739925011,0.443626714310409,11.734564329365998,57.52948620950297,1725.8845862850894,7.046979865771812
2,1,54750,14.837150643957566,73.6911815316559,0.4789430284936525,10.568348972286401,64.74738032025421,1942.4214096076262,7.449664429530201
2,1,54900,16.69379852051639,82.91253265189806,0.46977866799171786,12.300000000000459,47.00813984038514,1410.2441952115546,6.845637583892617
2,1,55050,17.130754141297487,85.08274556844418,0.5340514673640546,14.894629904767884,53.67346986106861,1610.2040958320583,4.832214765100671
2,1,55200,8.079629818901557,40.1288281005444,0.29535612419803564,5.58032257132255,90.65267427586281,2719.5802282758846,6.241610738255034
2,1,55350,7.91613861788605,39.316821802167375,0.32435050841428587,4.837354648978537,97.72302240442318,2931.690672132695,5.8389261744966445
2,1,55500,10.556072717907558,52.428494498940864,0.3417253104343272,7.2124891681032475,77.86083672711885,2335.8251018135657,5.8389261744966445
2,1,55650,14.255519032472384,70.80241119461284,0.32260624924856085,11.541230437003748,71.95937375603901,2158.7812126811705,5.4362416107382545
2,1,55800,13.331778084373598,66.21449781905552,0.13188877645537608,9.41541289588575,66.26827450696675,1988.0482352090023,7.85234899328859
2,1,55950,8.41629545298912,41.80093408317929,0.24066554856148675,5.408326913195794,93.34944310853388,2800.483293256017,5.033557046979865
2,1,56100,10.097865821219521,50.15273357872363,0.21531459765931243,6.0745370193941675,95.58117989056181,2867.435396716854,6.040268456375839
2,1,56250,13.425252046905578,66.67875183296437,0.12507265079684143,10.057832768544134,68.54341267320586,2056.3023801961763,7.248322147651007
2,1,56400,7.6026309447062514,37.759733692041046,0.12023331548208965,4.846648326422029,95.24413158879577,2857.323947663873,4.630872483221476
2,1,56550,12.616255237802,62.66073434774992,0.1839039806687537,7.354590403279094,79.82687449455389,2394.8062348366166,9.261744966442953
2,1,56700,14.417075315020693,71.6048073979361,0.31766683104871896,10.733126291998381,58.028275459460154,1740.8482637838047,7.449664429530201
2,1,56850,15.131293295325262,75.15209003344881,0.385396480221243,10.92016483392162,67.66047898224076,2029.8143694672226,6.644295302013423
2,1,57000,15.026866440572627,74.63343665484405,0.4825232167488715,11.943617542436474,52.7197174848802,1581.5915245464064,5.6375838926174495
2,1,57150,13.676780632333358,67.92801047392234,0.45464286958354055,9.599999999999795,57.0222746233283,1710.6682386998493,7.248322147651007
2,1,57300,5.099951229659984,25.329757773977917,0.18138688361803829,3.5114099732164816,105.0536105342784,3151.6083160283524,3.221476510067114
2,1,57450,13.915845991713669,69.11536842551124,0.3495234784626107,10.396634070698262,67.92006878223653,2037.6020634670954,6.644295302013423
2,1,57600,13.5118814324429,67.10901111446641,0.344219326586151,9.660745312863147,65.82976857663571,1974.8930572990714,7.248322147651007
2,1,57750,13.132741476547775,65.2259493335206,0.38392824993191427,8.637708029332506,61.57423302263807,1847.2269906791419,8.053691275167784
2,1,57900,12.379257019311634,61.483643195914446,0.4040344116246809,8.720665112249755,68.62999048152312,2058.8997144456935,7.248322147651007
2,1,58050,13.118769986831934,65.15655760126526,0.40045414242945765,10.261578825893828,68.46127059918386,2053.838117975516,4.630872483221476
2,1,58200,12.749204986150655,63.32105143121491,0.41542650080617327,8.45340168216316,67.51690643774779,2025.5071931324344,7.85234899328859
2,1,58350,11.959166862358204,59.39719541637908,0.41436219687435677,8.485281374239294,57.66599952589002,1729.9799857767007,6.442953020134228
2,1,58500,14.040466126178838,69.73431509335492,0.44165123959578645,8.7464278422676,73.406237686408,2202.1871305922396,7.85234899328859
2,1,58650,11.913236773128254,59.16907597320366,0.3734845040568689,8.490583018851718,85.39484114762259,2561.845234428677,5.4362416107382545
2,1,58800,13.614464887224347,67.61850893988093,0.37435192708458553,9.4201910808644,63.84743440428325,1915.4230321284979,7.449664429530201
2,1,58950,13.802885087239426,68.55432926662247,0.548188707396652,10.239628899526487,61.18003630061516,1835.401089018455,6.241610738255034
2,1,59100,15.214112559391825,75.56342571164605,0.5207696631561295,9.604686356149113,55.00815511351221,1650.2446534053663,7.248322147651007
2,1,59250,12.477818861282966,61.97316701103874,0.45864691150511894,7.55380698720861,77.92882572518255,2337.864771755476,8.053691275167784
2,1,59400,5.786819505881915,28.741203545880182,0.004576338084439942,5.515432893253858,115.09994665299043,3452.998399589713,2.214765100671141
2,1,59550,8.740383767896475,43.41057271388582,0.2659488123229681,6.067124524846546,104.074936988461,3122.2481096538304,4.228187919463087
2,1,59700,12.897731354532842,64.05873239417977,0.4093193787140541,9.24175308044874,68.44357149015794,2053.307144704738,6.644295302013423
2,1,59850,9.140880999474916,45.399708964058746,0.4393391433924969,5.762811813690448,88.898107889113,2666.94323667339,7.449664429530201
2,1,60000,4.991313536293049,24.790190563588805,0.004033853622202492,4.695742752750626,118.89279757899345,3566.783927369803,1.8120805369127517
2,1,60150,12.425110005395107,61.71137969346236,0.48459852681792603,8.53287759199599,76.9541470862542,2308.6244125876265,7.651006711409396
2,1,60300,15.688093971103532,77.9175333898142,0.5665780113646962,11.576268828944258,53.81133203748326,1614.339961124498,6.644295302013423
2,1,60450,7.250702601715838,36.01182292185533,0.25606813568952014,5.16139516022564,96.72900508916379,2901.870152674914,4.429530201342282
2,1,60600,5.262328320641967,26.136230659188435,0.0030847056155214143,5.239274758972109,109.53718598082419,3286.1155794247265,1.610738255033557
2,1,60750,5.709374803479788,28.356561523949622,0.005995085118355849,5.178802950488565,117.92005141255063,3537.60154237652,2.013422818791946
2,1,60900,5.4452570095657835,27.04477648084339,0.010379578368901556,4.837354648978537,112.74092380019121,3382.227714005737,2.4161073825503356
2,1,61050,6.028808751696443,29.943083466759,0.005706829595424786,5.7706152185012085,117.20959525527265,3516.287857658179,1.610738255033557
2,1,61200,17.72463080220388,88.0323329842793,0.560969659753161,16.40152431940478,64.61067756045435,1938.3203268136301,2.8187919463087248
2,1,61350,12.74839815028367,63.31704414640889,0.22325658558333494,11.276967677527178,73.30607200174872,2199.1821600524618,4.630872483221476
2,1,61500,13.295176531157235,66.03271010474761,0.12052519717647134,10.331505214633303,79.75729251937524,2392.718775581257,6.644295302013423
2,1,61650,16.12854605905255,80.10511209329434,0.40554221609606567,7.500000000000341,82.12283745332569,2463.6851235997706,10.268456375838927
2,1,61800,11.600481822094412,57.61572638306892,0.20398877297522916,5.7706152185012085,83.68455772013843,2510.536731604153,8.25503355704698
2,1,61950,5.678693159587368,28.2041760259506,0.059312910994319325,5.408326913196268,115.60911521796801,3468.27345653904,2.61744966442953
2,1,62100,6.370292943454857,31.63912161915912,0.008510294425925683,5.692099788303298,121.23126905520813,3636.938071656243,2.61744966442953
2,1,62250,8.543034500294628,42.43040468479664,0.06301301890653337,5.2478567053597995,105.04875140592367,3151.4625421777105,4.630872483221476
2,1,62400,13.191931909976374,65.51992848621599,0.12135392599560665,11.10405331399387,70.52803083305331,2115.8409249915994,5.23489932885906
2,1,62550,9.770434313837118,48.52649042539102,0.15181931733227708,7.130918594403373,90.92346841651836,2727.7040524955505,6.241610738255034
2,1,62700,9.976783434474227,49.55135772455533,0.026319875569660197,6.3071388124889385,94.75585653457694,2842.6756960373077,7.85234899328859
2,1,62850,4.955452824268943,24.612082360535748,0.0270490188246407,4.429446918069803,115.07929598013325,3452.378879403997,3.4228187919463084
2,1,63000,6.673613227659123,33.14561236404032,0.0424238653969322,4.883646178828823,110.03660297661787,3301.098089298536,4.228187919463087
2,1,63150,13.017525842326584,64.65371168355537,0.07052501424936974,8.82836338173796,72.74734723553087,2182.420417065926,7.651006711409396
2,1,63300,13.185862794591499,65.48978521313778,0.06662935486706725,9.472592042308246,79.00560480247934,2370.16814407438,7.449664429530201
2,1,63450,6.23266959651581,30.955592329361853,0.04838862432354768,4.80936586256345,109.32642765531054,3279.792829659316,4.228187919463087
2,1,63600,15.715475969455111,78.05353064829372,0.03899690668395706,11.909659944767604,68.89777976974992,2066.9333930924977,6.644295302013423
2,1,63750,9.089173781118529,45.142896446222025,0.08568769609588028,5.53172667437551,99.61626755101241,2988.4880265303727,6.845637583892617
2,1,63900,14.286252276987415,70.95505297570418,0.13978187983856397,9.771898484941673,85.29551949628707,2558.865584888612,8.456375838926174
2,1,64050,15.330355493396574,76.14076561720299,0.0667134889707603,9.94082491546814,81.14880872053,2434.4642616159,7.651006711409396
2,1,64200,9.360041765442324,46.48820743503022,0.09811674840028296,7.256031973469075,104.77927703840577,3143.3783111521734,3.221476510067114
2,1,64350,16.77886927633406,83.33505073912585,0.09410285329817246,11.03902169578406,92.49975747073589,2774.9927241220767,7.651006711409396
2,1,64500,7.11203351173719,35.32309977496138,0.1841862128625896,6.007495318349882,99.72471588218353,2991.7414764655064,2.8187919463087248
2,1,64650,5.500489966912522,27.31910016899885,0.017031878871812785,5.135172830587517,116.09816070312591,3482.944821093777,2.214765100671141
2,1,64800,5.811132756130151,28.861959355446423,0.01538606789492583,5.408326913196173,117.7112127981656,3531.3363839449676,2.214765100671141
2,1,64950,5.735018644312715,28.48392593341982,0.005843055839984519,5.531726674376065,114.28948463771057,3428.6845391313177,1.8120805369127517
2,1,65100,5.740320032609145,28.510256161958758,0.013259128970335075,5.239274758970938,110.99104538733644,3329.731361620093,2.214765100671141
2,1,65250,13.583267890199695,67.46356385465847,0.08670777287386205,7.1119617546774645,87.77850917860886,2633.3552753582653,8.053691275167784
2,1,65400,12.36349220726401,61.40534462941126,0.1272389108827911,8.595929269136441,85.35649938791384,2560.694981637416,6.040268456375839
2,1,65550,8.667240341417976,43.047293695709286,0.01819242650029146,7.80576709875433,121.68640515100968,3650.592154530291,3.0201342281879193
2,1,65700,12.998022940968532,64.55684727347703,0.1304630921225513,8.53287759199599,100.98837797884657,3029.651339365397,7.449664429530201
2,1,65850,14.624956059332762,72.63728176135272,0.056563082563176804,10.9036691072322,99.89389792739048,2996.816937821714,5.033557046979865
2,1,66000,8.633150126223637,42.877978960244064,0.011177538920321802,7.523961722390765,107.10074940233409,3213.0224820700228,4.026845637583892
2,1,66150,12.802891942579267,63.587696648143684,0.08955247918889098,9.60468635614906,104.67245039971277,3140.173511991383,5.8389261744966445
2,1,66300,14.79017397705978,73.45786408606358,0.10925976592817066,9.771898484941673,88.82832534864455,2664.8497604593376,7.85234899328859
2,1,66450,17.213024594412076,85.49135548557996,0.07740981190786508,12.36931687685265,79.36998982493635,2381.0996947480908,6.241610738255034
2,1,66600,6.803406034735838,33.79024997252133,0.009135978013176347,6.184658438426988,113.65936414564082,3409.7809243692245,3.0201342281879193
2,1,66750,7.9374706018450985,39.42277065583067,0.003248439483532957,7.305477397131911,120.33098205406546,3609.929461621964,1.8120805369127517
2,1,66900,7.242300628737909,35.97009312273161,0.010207123839267723,6.356886030126348,112.55846953364458,3376.754086009337,3.221476510067114
2,1,67050,7.398939734277891,36.74806734691353,0.0140083967461373,6.801470429251409,122.1712223244451,3665.1366697333524,3.221476510067114
2,1,67200,20.85209274762267,103.56539397985925,0.22415178954440845,16.52180377561828,77.50332782748667,2325.0998348246,5.033557046979865
2,1,67350,23.910991752437887,118.75792570377482,0.06794829851122372,19.582900704440434,59.1608900529346,1774.8267015880378,6.040268456375839
2,1,67500,24.0012447126653,119.20618207290435,0.03301512236386274,0.0,53.48890408585252,1604.6671225755756,14.295302013422818
2,1,67650,83.03438735823597,412.4041238792387,0.2798110792008809,50.060463441724636,26.88826957152174,806.6480871456522,8.657718120805368
2,1,67800,84.94072233417057,421.8722542597138,0.06998328330188136,60.09068147391834,40.67805134708869,1220.3415404126608,7.85234899328859
2,1,67950,58.44090554334112,290.2564975319276,0.12766529859046716,50.59693666616516,65.82885605830893,1974.8656817492674,4.630872483221476
2,1,68100,67.16514730392618,333.5868982761667,0.16172368287992106,55.51297145712782,60.42374626273284,1812.7123878819853,4.630872483221476
2,1,68250,58.941561824498315,292.7430903950083,0.17714434968315831,49.73218273914729,56.83937924839039,1705.1813774517116,5.23489932885906
2,1,68400,115.34535214237602,572.8819156404675,0.10781377763647952,93.33520236223778,24.60553911238765,738.1661733716294,7.046979865771812
2,1,68550,96.73656424655597,480.458269091228,0.32609397558638065,70.47382492812358,32.21410958659124,966.4232875977374,7.248322147651007
2,1,68700,59.136017393487776,293.708886387656,0.33445072623716643,47.07706447942502,56.70222501637828,1701.0667504913479,5.033557046979865
2,1,68850,91.3748076580538,453.8282113683339,0.6309946847207043,62.596565400987146,42.61138062419715,1278.3414187259145,7.85234899328859
2,1,69000,70.92490573758512,352.26036516333943,0.2966032256443504,58.51230639788529,61.97533954484884,1859.2601863454654,5.6375838926174495
2,1,69150,69.6536603703484,345.9465131727304,0.366039228739701,42.136919678590644,21.439879346216294,643.1963803864887,9.060402684563758
2,1,69300,92.01699129911928,457.0177234522925,0.3977966800498505,57.0031578072647,18.869874371426167,566.0962311427851,10.06711409395973
2,1,69450,85.70791136991167,425.68262647056133,0.48272294905258595,56.750770919873425,34.23334525917602,1027.0003577752805,9.664429530201343
2,1,69600,61.59991526144467,305.9462457985086,0.34206151135771745,51.655783800073294,51.93745143642661,1558.1235430927984,4.832214765100671
2,1,69750,42.474119165878236,210.95479185719523,0.560535807338757,18.890473789717092,52.28227576668904,1568.4682730006716,9.664429530201343
2,1,69900,24.748493983486814,122.91752011798448,0.08482099829091558,15.96778005860397,64.50931726382173,1935.2795179146515,8.25503355704698
2,1,70050,16.7535584247243,83.20934017613068,0.10997904854834148,11.006361796707258,77.84230237077155,2335.2690711231467,7.449664429530201
2,1,70200,27.640768983973114,137.28248595373316,0.1828225533048945,18.88094277307048,61.829253624780335,1854.87760874341,8.25503355704698
2,1,70350,16.40548603010541,81.48058061619021,0.1759688039035742,9.89545350148207,92.40076257996516,2772.022877398955,9.060402684563758
2,1,70500,38.50824807894094,191.25763212540667,0.010435377993746555,24.196074061715183,60.0193285651186,1800.579856953558,8.25503355704698
2,1,70650,53.3174472238462,264.80998787843606,0.388335608153668,36.04996532592071,46.72077573203183,1401.623271960955,7.046979865771812
2,1,70800,38.21073688436785,189.77999319236028,0.18214405060278824,29.548096385385282,52.58240197259004,1577.4720591777013,6.241610738255034
2,1,70950,39.43065005813378,195.83889528873112,0.1079012842144367,35.17172159562287,60.38854295655824,1811.6562886967472,3.221476510067114
2,1,71100,33.96118741856978,168.67389751222993,0.3863606311289923,20.53411795037667,57.67470579661624,1730.2411738984872,8.657718120805368
2,1,71250,27.501656826729135,136.59156223942136,0.10620153181647567,15.37920674157074,59.76827796517058,1793.0483389551175,8.859060402684564
2,1,71400,32.15537071022613,159.70500786078978,0.13937946109545205,27.04163456597926,53.21564682291705,1596.4694046875115,4.832214765100671
2,1,71550,34.1728477343524,169.72514374728354,0.15578620384569308,29.543527209865317,64.33077954644922,1929.9233863934762,3.6241610738255035
2,1,71700,29.812510234476907,148.0688008312353,0.40372764922767657,22.714973035423284,62.30942889046781,1869.2828667140343,6.845637583892617
2,1,71850,23.60823925223041,117.25425495274436,0.7276586212647905,16.371316379569876,63.22004820573093,1896.6014461719278,7.449664429530201
2,1,72000,36.6950330421203,182.25199744253078,0.3104914929302664,26.03094312544167,54.11822006638363,1623.546601991509,5.6375838926174495
2,1,72150,38.41603238880361,190.7996275310579,0.4358023498687926,26.652767210929355,53.53045935368402,1605.9137806105207,6.845637583892617
2,1,72300,31.470350113904153,156.3027388990573,0.1717589037983602,23.430749027720115,63.63555197028458,1909.0665591085376,6.644295302013423
2,1,72450,21.94269070154679,108.98203048434905,0.35265678533184736,9.771898484943296,87.31547430122353,2619.4642290367065,9.664429530201343
2,1,72600,12.757800960101658,63.363744768504915,0.3206394162780355,8.590692637965622,104.15656020879563,3124.69680626387,5.23489932885906
2,1,72750,24.85329513848906,123.43803252116234,0.6062891906885665,20.100000000002183,62.44305530769801,1873.2916592309402,6.040268456375839
2,1,72900,24.446409886884002,121.41716910485718,0.1836582111229488,15.789236840326806,66.52481523645515,1995.7444570936548,7.248322147651007
2,1,73050,27.376664624183974,135.97076763344705,0.5001340246941024,20.87534430853613,49.633014719458295,1488.9904415837489,6.241610738255034
2,1,73200,34.55299951520745,171.6132309255304,0.7016826344547822,25.710892633277417,65.1237096536711,1953.7112896101323,8.053691275167784
2,1,73350,44.54829744471831,221.25654397543434,0.5188242607697078,28.022312538403156,59.44018366327543,1783.2055098982628,7.85234899328859
2,1,73500,37.598330264199845,186.73837364552588,0.45652091088593283,24.738633753707454,60.40410018964634,1812.1230056893905,8.657718120805368
2,1,73650,19.412122905752028,96.41354376523506,0.45783454603045065,12.033702672078462,94.99931421583949,2849.9794264751845,6.040268456375839
2,1,73800,79.76006937237952,396.14167788281827,0.6958660486855675,54.528249559289165,39.8852589809805,1196.5577694294152,7.85234899328859
2,1,73950,44.94453476063739,223.22452264449905,0.08294234056093854,36.249137920782196,58.68281118827477,1760.484335648243,5.23489932885906
2,1,74100,43.08755136745143,214.00150512500875,0.2136900909489445,31.81273329973227,58.410274659137635,1752.3082397741289,6.241610738255034
2,1,74250,54.39158759799877,270.1448850700606,0.2744178948807868,40.13277961965792,46.83292382588151,1404.9877147764453,6.644295302013423
2,1,74400,52.389230332676455,260.19984398562633,0.3119633524880328,35.101282027869445,55.914179557972254,1677.4253867391676,8.25503355704698
2,1,74550,56.63446990538442,281.28453386340914,0.2206037299880938,39.71347378409313,44.390367241695685,1331.7110172508703,7.046979865771812
2,1,74700,56.70892710859771,281.65433797270197,0.38149664907109676,33.23642580061548,49.094680620217446,1472.8404186065236,9.261744966442953
2,1,74850,44.264875992976094,219.8488840984479,0.12685800686557197,34.45301147940484,50.22343349107716,1506.7030047323146,6.040268456375839
2,1,75000,58.876870652112565,292.42179090549234,0.20601914059890408,33.76166465089993,54.27786687338385,1628.3360062015154,9.261744966442953
2,1,75150,66.76388807666359,331.5939774474291,0.42441479874917265,32.480455661831165,44.1282783897179,1323.8483516915371,9.463087248322147
2,1,75300,93.86274225891944,466.1849532192998,0.06819655577759347,66.6330998828669,20.642638237602316,619.2791471280694,7.046979865771812
2,1,75450,64.98231159446205,322.7454809191614,0.5003367901006063,38.69883719183295,41.77771577138322,1253.3314731414966,8.657718120805368
2,1,75600,53.58093098646775,266.1186238994565,0.37558521514008864,39.458839313898025,48.41037269220818,1452.3111807662451,7.449664429530201
2,1,75750,41.59005866988357,206.56395806042173,0.060967311584246495,33.54772719574307,52.79179905003196,1583.7539715009584,5.23489932885906
2,1,75900,42.74551521972867,212.30272559131902,0.09694740640690508,33.32161460673721,54.97832126874146,1649.3496380622441,5.23489932885906
2,1,76050,40.57372620593691,201.51617348948656,0.1348370924938042,31.501428539038177,57.467511429995156,1724.0253428998546,5.6375838926174495
2,1,76200,43.56739056425959,216.38470646915596,0.1665609856002503,38.704650883322984,59.41308698507112,1782.3926095521338,4.026845637583892
2,1,76350,38.38882101172201,190.66447769155263,0.2014375488648667,30.718886698576366,51.898918710828546,1556.9675613248564,6.040268456375839
2,1,76500,43.85808573408874,217.82849247930739,0.4291592643541336,33.06675067193708,49.39351664673409,1481.8054994020229,6.241610738255034
2,1,76650,39.51651104499223,196.2653381901281,0.2521733991679054,30.777426793024258,53.578100218432496,1607.3430065529747,5.8389261744966445
2,1,76800,37.16751770981593,184.5986712920858,0.09610790887547936,31.119125951736684,58.496908020973294,1754.9072406291994,5.4362416107382545
2,1,76950,31.849964194882283,158.18815550124867,0.08967799498913802,26.742101637682133,56.42874162393229,1692.8622487179684,4.429530201342282
2,1,77100,36.682172329857835,182.18812257162728,0.08697524997328207,28.468403537959258,57.576241009421246,1727.2872302826374,5.6375838926174495
2,1,77250,48.64993450116805,241.62800802246798,0.3153956613346626,37.1128010260614,53.44011996547235,1603.2035989641709,6.442953020134228
2,1,77400,43.53285333099234,216.2131715439286,0.35591282587496603,23.828764130771773,50.607361527341055,1518.2208458202317,8.657718120805368
2,1,77550,55.95204650089023,277.8951642877548,0.6456182354778817,25.92006944435309,55.582875619747874,1667.4862685924363,10.06711409395973
2,1,77700,82.47328467424329,409.617313882075,0.7202690806700996,55.35955202130806,41.736410280519934,1252.092308415598,8.859060402684564
2,1,77850,98.41965046797294,488.8175973242656,0.572467761418288,65.42476595296326,31.429923239476683,942.8976971843005,8.25503355704698
2,1,78000,92.97744027985708,461.7879533899569,0.1755728929925065,56.93443597683231,28.706111433601418,861.1833430080425,9.060402684563758
2,1,78150,22.611564717513613,112.30410476365091,0.5043000551966467,11.116204388189448,89.91212753683948,2697.363826105184,7.046979865771812
2,1,78300,33.57416836563687,166.7517028826631,0.2655338016883238,22.274873737015493,48.621336715308686,1458.6401014592607,6.442953020134228
2,1,78450,47.61060698551318,236.46601469471548,0.3299956569472744,34.31690545489313,51.656288701900166,1549.688661057005,7.449664429530201
2,1,78600,47.524783287712665,236.03975699563955,0.6258005271874237,28.017494534664614,62.84169714708404,1885.2509144125215,10.06711409395973
2,1,78750,47.52692833254089,236.05041071828646,0.48318977890220566,31.017736861350343,54.287671520774,1628.6301456232197,8.053691275167784
2,1,78900,44.50641792247843,221.04854234830952,0.4079994527230854,28.806249321978104,51.06655013252824,1531.9965039758472,7.651006711409396
2,1,79050,41.48627073326061,206.04847797519432,0.2889988177830112,24.964975465641025,49.80562261994055,1494.1686785982165,9.261744966442953
2,1,79200,38.07620178701585,189.1118022088454,0.2605113509759047,26.591916064849713,48.84573799063973,1465.372139719192,8.053691275167784
2,1,79350,39.57326926767993,196.5472373628103,0.17211804393269087,7.206247289678849,42.0421203833388,1261.2636115001637,13.087248322147651
2,1,79500,40.896464729211274,203.1191081550827,0.09801284761899975,10.640488710581508,58.034718770714534,1741.0415631214362,11.879194630872483
2,1,79650,64.82387177758501,321.9585631620056,0.11281595311335225,51.722818948699754,55.007266224754225,1650.2179867426273,6.845637583892617
2,1,79800,51.239003232856724,254.4870493898551,0.04998865813005723,39.29083862683534,56.75158788463448,1702.5476365390343,7.046979865771812
2,1,79950,50.191743720248866,249.28566047723604,0.055697429794160515,33.36615051215878,56.648744163940776,1699.4623249182232,8.053691275167784
2,1,80100,46.99844464755149,233.4256084161724,0.04829375315857437,34.1539163200948,51.28429415994624,1538.5288247983874,6.644295302013423
2,1,80250,49.87186640005498,247.69693645360644,0.041680166662035285,36.89999999999997,55.327378884858206,1659.8213665457463,6.845637583892617
2,1,80400,43.44913100679859,215.7973506670997,0.021606163997600295,33.64817974274403,53.024068528255405,1590.7220558476624,6.644295302013423
2,1,80550,40.868502400743765,202.98022859036067,0.017064210984615715,28.757781555607405,59.4419117951179,1783.2573538535369,7.248322147651007
2,1,80700,43.24896311329721,214.80318346270946,0.016031770603462146,35.4203331435488,50.91015763858062,1527.3047291574187,6.040268456375839
2,1,80850,49.20383345371168,244.37903948676794,0.06383119604436154,36.07616941971523,53.51177456845707,1605.3532370537118,7.046979865771812
2,1,81000,39.09817699416776,194.18761240436652,0.022774596493018277,26.841199675128365,57.739095858747845,1732.1728757624353,7.248322147651007
2,1,81150,41.85438826247855,207.87679503697683,0.011952623265500563,25.82789190003602,56.21667396016105,1686.5002188048318,10.06711409395973
2,1,81300,39.5986830264403,196.67345903132014,0.011013230598657687,29.143266803842433,59.31023817920672,1779.3071453762018,7.046979865771812
2,1,81450,33.402208739539205,165.8976367397114,0.034993780169973177,22.58782858089736,55.44028110870275,1663.2084332610825,7.449664429530201
2,1,81600,22.3332180294884,110.92164954645907,0.06924539790362605,12.614277624977147,92.40084806939578,2772.0254420818733,6.644295302013423
2,1,81750,36.78267586610675,182.68729013499683,0.031589147745673,24.4899979583497,55.40056385607789,1662.0169156823365,8.456375838926174
2,1,81900,35.0974973216406,174.31757003081503,0.030234845943528686,25.246385879962894,61.02254843071556,1830.6764529214665,8.456375838926174
2,1,82050,31.752427684363663,157.7037241656729,0.05604199584874585,22.865038814747738,57.933354048621496,1738.0006214586444,7.248322147651007
2,1,82200,33.24291661171916,165.10648583820512,0.0050908693216995884,19.940411229461198,56.42562474082791,1692.7687422248375,9.261744966442953
2,1,82350,34.234318515838304,170.03044862866358,0.0776547602955325,24.287033577611318,58.02576397615222,1740.7729192845668,7.85234899328859
2,1,82500,36.27016922567816,180.14184048753486,0.06539972368220522,27.0283184826581,58.60093516438649,1758.0280549315949,7.248322147651007
2,1,82650,31.529813987873258,156.5980761397705,0.1318577234501522,27.27196362567077,64.74693934997921,1942.408180499376,4.228187919463087
2,1,82800,27.131509864699048,134.7531656613386,0.09195221057012636,20.153659717282473,73.98803481354699,2219.641044406409,7.449664429530201
2,1,82950,45.440296172729035,225.6868043245542,0.038954030152980254,36.54216742340255,48.30761649324598,1449.2284947973797,6.040268456375839
2,1,83100,38.193777561501584,189.69576188879125,0.46743921639455993,17.160419575290543,72.48118463412851,2174.435539023855,10.268456375838927
2,1,83250,34.95115921677231,173.5907574433025,0.3009098523238679,19.992248497856245,54.70578149614692,1641.1734448844077,8.456375838926174
2,1,83400,35.92720236576828,178.4384384166491,0.26014993141897813,21.181359729726445,53.00761502611324,1590.2284507833972,10.268456375838927
2,1,83550,12.507079847797677,62.118496577395135,0.156476457733774,5.700000000001637,88.04508983739366,2641.3526951218105,7.248322147651007
2,1,83700,14.965443190260213,74.32836784495906,0.11651748189662595,8.85889383614001,75.43278197676706,2262.983459303012,6.845637583892617
2,1,83850,38.527091112665865,191.35121919290717,0.4887834484142387,23.71708245126112,44.58270131771882,1337.4810395315646,7.85234899328859
2,1,84000,36.3157586545472,180.3682679842511,0.8320875256805628,19.209372712298148,57.93173076352471,1737.9519229057414,8.25503355704698
2,1,84150,22.456503489638234,111.53396733186987,0.3868032635675318,11.002272492535875,88.0429502327536,2641.2885069826075,8.456375838926174
2,1,84300,54.43010619266345,270.3361940902285,0.3985673842791985,37.417108386405104,43.21954958985568,1296.5864876956705,7.651006711409396
2,1,84450,20.525193467431063,101.94179422157427,0.42511305984295766,10.186756107810442,68.62742923581914,2058.822877074574,7.651006711409396
2,1,84600,30.652053577987342,152.23853277067045,0.24536132621296872,17.750774630983926,76.0342032683229,2281.026098049687,6.644295302013423
2,1,84750,12.286390837080067,61.02240782416432,0.03620100029161225,9.716480844419022,113.06440781314683,3391.9322343944045,5.8389261744966445
2,1,84900,43.63884509491845,216.73959730476162,0.7317392442775875,28.04157627523857,56.54738470883247,1696.4215412649744,8.657718120805368
2,1,85050,35.83210232880835,177.96610823308146,0.1179698362562421,18.909521411183157,55.263858387635196,1657.9157516290559,8.456375838926174
2,1,85200,40.976074541344325,203.5145035553435,0.6344945426677107,25.89922778771562,58.85236439502463,1765.5709318507388,8.456375838926174
2,1,85350,14.347240064978042,71.25795898939094,0.3783159306291342,8.237718130647673,102.90225795868122,3087.0677387604364,6.845637583892617
2,1,85500,22.964561925766038,114.05732423130468,0.5843564670906823,11.320777358468474,81.499064171865,2444.9719251559504,7.046979865771812
2,1,85650,23.06864837297064,114.57428691908748,0.636921569976808,12.485191228009858,79.5861781727349,2387.585345182048,7.85234899328859
2,1,85800,26.8311643959838,133.26144983338622,0.6721455897132089,14.978985279385457,76.87376245692083,2306.212873707625,6.241610738255034
2,1,85950,31.10908427031411,154.5084518758934,0.3901792545121022,20.11566553708725,53.91488821388355,1617.4466464165064,7.85234899328859
2,1,86100,22.411341522287476,111.30966289402781,0.39375409534913475,11.649892703367975,86.47954341415713,2594.386302424714,8.456375838926174
2,1,86250,37.62397720807321,186.86575346676364,0.38143566454497885,24.242524621002982,59.916113014057956,1797.4833904217392,7.449664429530201
2,1,86400,37.465080648081006,186.07656721880235,0.3718600986613133,23.170023737578887,60.54606423200199,1816.3819269600601,8.456375838926174
2,1,86550,24.27514224319781,120.56653980788245,0.13646398607631685,16.0099968769511,75.88923002555985,2276.6769007667963,7.449664429530201
2,1,86700,28.520265592477674,141.65065244263914,0.1418272524736506,16.4124952399082,69.03395434846848,2071.018630454054,9.060402684563758
2,1,86850,15.353816109104054,76.25728667521682,0.17989056416346566,11.160645142644091,94.7239944456426,2841.719833369278,5.8389261744966445
2,1,87000,25.613337328557463,127.21290873183538,0.41673574293555443,16.12761606685809,76.03148668683264,2280.944600604979,5.8389261744966445
2,1,87150,12.920743843560011,64.17302775634805,0.07416726246354344,11.43547113152735,114.51507301798769,3435.4521905396305,2.013422818791946
2,1,87300,30.141927150411554,149.70490484704402,0.3464347031363425,18.754199529705414,72.2308575337583,2166.9257260127492,8.053691275167784
2,1,87450,12.060079364701794,59.89839417801889,0.17701839275676418,9.304837451564259,111.97712786141953,3359.313835842586,4.832214765100671
2,1,87600,20.694631819565128,102.78333803717345,0.4552319941936547,10.8706025591938,88.99514061793288,2669.854218537986,7.651006711409396
2,1,87750,37.69147926159792,187.2010136659364,0.5054880219326623,23.57625924526585,61.27661591295319,1838.2984773885955,9.060402684563758
2,1,87900,12.536870677502776,62.26645769826379,0.18744296598170468,9.660745312862511,99.41917892151439,2982.5753676454315,4.832214765100671
2,1,88050,39.893541697093895,198.13792376223304,0.786874633992814,26.943273743182015,47.9886403109468,1439.6592093284041,7.248322147651007
2,1,88200,22.34704974491041,110.99034706638835,0.2403985880264412,12.71377206025004,70.73869637330836,2122.1608911992507,8.859060402684564
2,1,88350,6.08189826293031,30.20676137255387,0.022959814421089433,5.636488268417736,119.4938156653061,3584.8144699591835,2.4161073825503356
2,1,88500,34.36841403863312,170.69645639187786,0.4046637084100446,17.608236708994703,72.77713829190866,2183.3141487572598,8.859060402684564
2,1,88650,48.5758942065682,241.2602745592887,0.449169616665611,27.02831848265768,42.57454429388617,1277.236328816585,8.25503355704698
2,1,88800,18.39114192807682,91.34267157611485,0.16540713123667009,10.92016483392162,95.88932143018124,2876.679642905436,5.23489932885906
2,1,88950,23.788215406725588,118.14813652007041,0.2704917747435286,11.833849753990263,76.18002042079615,2285.4006126238846,9.261744966442953
2,1,89100,28.388315963728605,140.99530261985205,0.14957533163257278,17.55704986608014,65.70622876696967,1971.1868630090908,8.25503355704698
2,1,89250,12.664828821323447,62.90198314590645,0.01298662274036038,12.048651376813748,116.3756338997315,3491.2690169919456,2.214765100671141
2,1,89400,18.253123755541036,90.65718131918715,0.20410615631511234,13.803260484393894,93.74336974879441,2812.301092463833,5.23489932885906
2,1,89550,26.083153601220037,129.54632955272618,0.1997857960165307,19.610456394487105,64.65417131366614,1939.6251394099845,7.046979865771812
2,1,89700,18.790474924877984,93.3260254602273,0.16398608310037344,11.34063490286073,85.7517957193519,2572.5538715805574,7.85234899328859
2,1,89850,14.176797681014186,70.41142848237045,0.0643754809480069,9.972462083155321,95.36455825062505,2860.9367475187514,5.4362416107382545
2,1,90000,16.483916249717275,81.87011737359579,0.1325197258989955,10.331505214633303,87.4035835353384,2622.1075060601524,8.25503355704698
2,1,90150,7.765712070760753,38.5697032847784,0.057854593790995376,7.224956747274188,115.45926524353969,3463.7779573061907,2.013422818791946
2,1,90300,32.07567055601981,159.30916376156506,0.23048096658531655,20.719555979799416,56.565480785220714,1696.9644235566216,7.651006711409396
2,1,90450,43.35483578408095,215.32901772760204,0.5926705230788226,20.892582415776154,62.18449199675982,1865.5347599027943,9.463087248322147
2,1,90600,37.21410558498561,184.83005773876187,0.34395363320646016,26.239283526804556,53.545855006903444,1606.375650207103,6.442953020134228
2,1,90750,15.044783889683616,74.72242665209531,0.10256495597896456,11.58015543937028,97.16106428720147,2914.8319286160436,4.832214765100671
2,1,90900,31.18435821445953,154.882312465149,0.07645746271131544,20.97641532769522,50.30846143900829,1509.2538431702487,8.053691275167784
2,1,91050,24.462550541158432,121.49733435442022,0.0832960010665271,15.487091398968749,55.34211086527335,1660.2633259582005,8.053691275167784
2,1,91200,7.989930723805332,39.68332259489982,0.09800015049450654,3.9000000000002566,103.83052520875549,3114.9157562626647,5.8389261744966445
2,1,91350,20.754073646768614,103.07856577895078,0.10975283573355131,10.606601717798695,71.62402430063227,2148.7207290189676,9.664429530201343
2,1,91500,24.285090363402162,120.61594880489741,0.11306997554341094,16.080111939910285,54.84290761968842,1645.2872285906526,7.449664429530201
2,1,91650,22.681648877303676,112.65218942394162,0.2660059195357312,12.90000000000191,75.35052434319573,2260.515730295872,8.053691275167784
2,1,91800,13.874708300029413,68.91105122347939,0.6775034007457161,4.799999999999045,91.97113949525355,2759.134184857607,7.248322147651007
2,1,91950,9.18247785167294,45.60630666330894,0.2824950396666628,6.307138812489669,79.0072285904347,2370.216857713041,3.6241610738255035
2,1,92100,31.68608678123652,157.37423101347468,0.235812347438168,19.305180651835947,50.929043223126264,1527.8712966937876,7.651006711409396
2,1,92250,23.07655158429881,114.61353953535075,0.16093301372375984,13.920129309745889,63.838811467723964,1915.1643440317193,7.449664429530201
2,1,92400,38.145997773107695,189.4584556064349,0.23334931655309146,25.89922778771562,57.162572357785535,1714.877170733566,8.859060402684564
2,1,92550,42.18838897409942,209.5356652380271,0.23642770445778682,28.715501040378783,46.87385418735619,1406.2156256206856,7.449664429530201
2,1,92700,27.473892086885122,136.45366403152948,0.10311109182939018,14.481022063376752,69.31223378672419,2079.3670136017254,9.664429530201343
2,1,92850,41.40988119042102,205.66907657909104,0.13230673425495407,29.124731758421344,40.43581945046586,1213.0745835139755,8.053691275167784
2,1,93000,47.88816183402808,237.84453710900618,0.3257502611673983,33.868126608951904,40.00785643157759,1200.2356929473278,7.046979865771812
2,1,93150,42.81063485776524,212.62615312690065,0.18581421755215854,28.454173683311232,44.67935497136797,1340.3806491410392,7.248322147651007
2,1,93300,40.59989728282003,201.64615650467283,0.30154952705888105,25.6846257516036,46.805654878364905,1404.169646350947,7.85234899328859
2,1,93450,49.528308879199436,245.9906007666905,0.3247596930151756,36.30000000000024,43.98739326595563,1319.6217979786686,6.442953020134228
2,1,93600,46.39795555682155,230.44317926554697,0.38792232574528407,26.359059163786085,52.88888300121372,1586.6664900364117,8.657718120805368
2,1,93750,46.06892278400396,228.808983160553,0.710506160987133,26.42214979898366,48.54509002413868,1456.3527007241603,8.25503355704698
2,1,93900,34.65770248911294,172.13325569592763,0.1940223339952153,25.223203603031813,54.72610248577629,1641.7830745732886,6.845637583892617
2,1,94050,31.110361900091412,154.5147974371207,0.45981824328445664,19.453791404247255,63.02745367440523,1890.8236102321575,7.248322147651007
2,1,94200,36.79930028640684,182.76985808915396,0.12436390683230014,18.650737250842493,58.603914260027935,1758.1174278008382,8.859060402684564
2,1,94350,32.00352834175973,158.95085743074003,0.25871871368125376,19.386593305684315,58.687675154088005,1760.6302546226398,7.248322147651007
2,1,94500,44.18283980129448,219.44143767976257,0.3596544047257406,30.777426793024556,46.34974182968489,1390.4922548905465,7.046979865771812
2,1,94650,33.136478237672385,164.5778419137729,0.5334052760396621,18.9214164374656,51.90829758936654,1557.2489276809963,8.25503355704698
2,1,94800,43.55759332583872,216.33604685166563,0.7920904530575491,22.539964507513158,49.12688257806637,1473.806477341991,9.060402684563758
2,1,94950,49.51667586960638,245.93282348571168,0.537410207709008,27.53470537340049,47.67003139925071,1430.1009419775214,8.456375838926174
2,1,95100,62.87167214565332,312.26263832341147,0.15567641990989695,34.205262752974576,39.97563381736171,1199.2690145208514,8.456375838926174
2,1,95250,59.85067857415551,297.258370251639,0.37970614905126554,31.89043743820228,47.73405936002949,1432.0217808008847,9.060402684563758
2,1,95400,54.45962356756642,270.4827970522465,0.3257177988682738,34.69899133980759,44.815868146829835,1344.4760444048954,6.644295302013423
2,1,95550,55.56701063861338,275.98281950511307,0.1928935607911725,33.92653828494914,43.55264472128721,1306.5793416386161,7.85234899328859
2,1,95700,61.11971764414754,303.5612642992662,0.3164280508543158,31.52284885602705,43.04143412719812,1291.2430238159436,9.463087248322147
2,1,95850,35.18857129193102,174.76990408325742,0.5349487636856277,16.423458831805956,77.76831840486413,2333.0495521459243,8.859060402684564
2,1,96000,10.45829855472194,51.94288282178564,0.06066033927573514,9.97246208315827,111.47130980983216,3344.139294294964,2.4161073825503356
2,1,96150,28.731580597488335,142.7001836341921,0.40436673880545504,11.669190203266206,85.92241677355311,2577.6725032065933,8.456375838926174
2,1,96300,37.73039588137306,187.3942995441529,0.27301237434404535,20.75427666771365,57.65512870093489,1729.653861028046,9.865771812080537
2,1,96450,13.240200335208138,65.75966166486708,0.17575225581385615,6.007495318351584,89.4614618364451,2683.8438550933533,7.248322147651007
2,1,96600,26.097747626653327,129.6188132123782,0.0714424962131897,12.997307413462874,52.61644547297303,1578.4933641891907,9.261744966442953
2,1,96750,25.594881959570916,127.12124706586886,0.2925587693389009,15.789236840331602,41.96562216238824,1258.968664871647,7.85234899328859
2,1,96900,29.690420448375146,147.4624215602632,0.05590205192364662,17.394826817188424,45.29333460902366,1358.8000382707098,8.859060402684564
2,1,97050,27.05090553145629,134.35283080623293,0.06946475364521651,15.945218719101526,46.33609450457213,1390.082835137164,8.456375838926174
2,1,97200,13.44317163323954,66.76775244508974,0.13160300330878594,7.500000000000205,68.57564692404449,2057.269407721335,6.845637583892617
2,1,97350,3.2154508381295592,15.970072496043478,0.05285122619509214,3.0594117081545606,113.49617455867057,3404.885236760117,3.0201342281879193
2,1,97500,23.498182455060476,116.70763952680036,0.5570348943777249,12.108261642367495,69.81639631885996,2094.491889565799,7.651006711409396
2,1,97650,15.915778807197393,79.04836807574705,0.2846839248800345,11.868024266911775,114.16969274185684,3425.090782255706,4.429530201342282
2,1,97800,21.033692834682334,104.46734107892227,0.4951265310573477,13.741178988718834,93.61041335539275,2808.3124006617827,4.026845637583892
2,1,97950,16.96362281304092,84.25265997143657,0.6362316158310882,8.989994438262467,90.60297339076264,2718.089201722879,6.442953020134228
2,1,98100,147.77820074298248,733.9650636901463,0.3209705189422911,4.883646178830289,107.77873480498744,3233.362044149623,5.6375838926174495
2,1,98250,98.72829300499934,490.35052192483005,0.00020085341732968258,3.612478373638085,115.81529434823736,3474.458830447121,3.4228187919463084
2,1,98400,3.489722341343791,17.332287628674166,0.020906266178067078,3.2310988842814057,113.53058450606501,3405.9175351819504,2.013422818791946
2,1,98550,3.7088893607415625,18.420817158349756,0.012053538733003289,3.2310988842809305,118.69517758835693,3560.8553276507087,3.825503355704698
2,1,98700,10.882097314787865,54.04774999677973,0.36529735645690137,4.579301256740864,89.68774313311273,2690.6322939933816,8.657718120805368
2,1,98850,8.89457365640032,44.17638249345493,0.32179122971986535,5.161395160224351,99.55029905798051,2986.5089717394158,6.644295302013423
2,1,99000,10.233119355116942,50.82449279708082,0.30940781417163266,5.100000000000728,100.5427314536012,3016.281943608036,6.241610738255034
2,1,99150,10.959847915871755,54.43391131549638,0.4512822599825567,6.118823416310794,89.67477655104108,2690.2432965312323,5.8389261744966445
2,1,99300,3.875830048203564,19.249955906077698,0.09942206794519413,3.4205262752975933,108.54773780033096,3256.432134009929,4.026845637583892
2,1,99450,4.354425855510748,21.62698174903671,0.006951176337420739,3.900000000000126,117.28075259603733,3518.4225778811206,2.8187919463087248
2,1,99600,4.118180579415157,20.453630211095273,0.0039417246058958315,3.6000000000001364,108.9643720506369,3268.9311615191073,3.0201342281879193
2,1,99750,4.02184102213666,19.975143743278743,0.019524265007164917,3.7589892258428925,117.67765308304267,3530.3295924912804,2.4161073825503356
2,1,99900,8.25605340623467,41.00506525096553,0.23005264966030273,6.000000000001364,107.92426418562158,3237.7279255686467,4.228187919463087
2,1,100050,7.5568623001961335,37.532416090974124,0.21841037629327248,4.837354648978115,97.46967842202277,2924.090352660683,5.23489932885906
2,1,100200,4.665153122461024,23.170260508223087,0.009650594893857658,4.459820624196658,112.92121165966529,3387.636349789959,1.8120805369127517
2,1,100350,4.233532273990166,21.026543627484493,0.015837910500498834,3.911521443122021,110.11166776112242,3303.3500328336722,2.4161073825503356
2,1,100500,4.476171329273136,22.231650935389915,0.003626477301090935,4.036087214122688,115.00622637261772,3450.186791178532,2.214765100671141
2,1,100650,4.192406042634885,20.822283345086596,0.006740696308375206,3.8418745424604763,115.13787096279466,3454.1361288838402,2.4161073825503356
2,1,100800,11.826744727656235,58.73949881402596,0.40733234614413405,6.661080993353824,92.03159700560371,2760.9479101681113,5.4362416107382545
2,1,100950,4.778213731358024,23.731794865744856,0.15523846488642418,4.459820624194994,106.13132898821414,3183.9398696464245,2.4161073825503356
2,1,101100,4.043519148708234,20.082811771917566,0.05460319114808539,3.9115214431222824,109.75796056137392,3292.7388168412176,1.610738255033557
2,1,101250,4.127681491063234,20.500818072280726,0.010697969282073881,3.3541019662500657,113.40368213848676,3402.1104641546026,5.23489932885906
2,1,101400,4.7126337926861686,23.406081170341306,0.011214525535386068,4.579301256741758,107.0649845595543,3211.9495367866302,1.8120805369127517
2,1,101550,4.487728853302002,22.289053304733272,0.009506738492084048,4.178516483155415,114.06819964475518,3422.0459893426564,2.013422818791946
2,1,101700,6.54847340438769,32.52408457512552,0.28260817627449986,3.794733192202379,106.74248283872545,3202.274485161763,4.832214765100671
2,1,101850,7.058538469481833,35.057407731759774,0.2920300676104989,4.88364617882966,103.0196990161727,3090.590970485181,4.630872483221476
2,1,102000,4.917288304638103,24.42253191303591,0.03112957800841769,4.4294469180713625,117.19937451435413,3515.981235430624,3.221476510067114
2,1,102150,6.848238204183179,34.01291641410978,0.17947612776688146,5.135172830585824,100.16148049472885,3004.8444148418653,4.429530201342282
2,1,102300,5.0706756249223925,25.184355603781217,0.12696618572473478,4.459820624198207,113.62093103279265,3408.62793098378,3.4228187919463084
2,1,102450,4.622099773766924,22.956428876375718,0.005388171193117331,4.295346318982513,115.61718342084556,3468.5155026253665,2.8187919463087248
2,1,102600,6.280236452841451,31.19184104911254,0.22852987935268657,3.841874542458213,101.01281395143037,3030.3844185429116,5.033557046979865
2,1,102750,3.840114137598088,19.072566883403834,0.05932390966096239,3.6496575181789765,104.18751660276246,3125.6254980828735,2.4161073825503356
2,1,102900,5.282453926696833,26.23618783592761,0.01296480377260209,4.589117562232844,111.53532153250762,3346.059645975229,3.6241610738255035
2,1,103050,5.7205335792096275,28.41198344340782,0.00401300890298735,5.100000000002183,110.38640462402113,3311.5921387206336,4.429530201342282
2,1,103200,13.471288533064941,66.90739971422252,0.3361826965666909,8.823264701910897,87.06923548247103,2612.077064474131,5.23489932885906
2,1,103350,5.110167502587607,25.380498596185113,0.06479407796586546,4.459820624196313,114.34391762604965,3430.317528781489,2.8187919463087248
2,1,103500,5.660077143507449,28.111716479420323,0.09080431910502773,4.45982062419574,111.2799144340213,3338.3974330206383,5.033557046979865
2,1,103650,8.168441920079504,40.56992820306154,0.20808141677332762,5.5317266743744,93.06967721184476,2792.0903163553426,5.4362416107382545
2,1,103800,4.2710078675999235,21.212672409079616,0.05545907987928348,3.945883931389684,110.36397187165453,3310.9191561496364,2.8187919463087248
2,1,103950,4.447658554516801,22.09003748743344,0.016177037630986817,4.1785164831552315,115.57575477234373,3467.272643170312,2.61744966442953
2,1,104100,4.155574626357035,20.639353977573272,0.0015321592253344418,3.6619666847210413,107.32159017522986,3219.647705256896,3.0201342281879193
2,1,104250,4.572177979160311,22.708483963162877,0.005320939078624603,4.080441152621686,114.36990736515789,3431.0972209547363,2.4161073825503356
2,1,104400,4.35925715236448,21.650977190076915,0.0115468229357612,4.1785164831552315,111.4117710223591,3342.353130670773,1.8120805369127517
2,1,104550,8.198109788811555,40.717278617764066,0.3269326251989636,4.56946386351766,87.29192669449546,2618.7578008348637,5.4362416107382545
2,1,104700,6.7261983897444715,33.40678533573087,0.247637735448613,4.539823785126564,98.75912372800882,2962.7737118402647,3.825503355704698
2,1,104850,4.363676500316693,21.672926618239572,0.0023527138735857074,3.758989225842076,108.80128389838863,3264.038516951659,3.4228187919463084
2,1,105000,7.278284933851355,36.14881517146173,0.10992548057912403,5.135172830585923,102.08532955398047,3062.5598866194146,4.429530201342282
2,1,105150,6.4381510278505205,31.97615010499092,0.006597111609890579,5.9169248769966005,115.09171961862867,3452.75158855886,2.61744966442953
2,1,105300,6.086357564536879,30.228909237199836,0.008375418908991704,5.507267925206125,113.89855660707906,3416.9566982123715,2.8187919463087248
2,1,105450,6.349620060301335,31.536446299496628,0.008371506831862335,5.824946351684427,115.97958526100543,3479.387557830162,1.610738255033557
2,1,105600,9.969133716613216,49.513364125845634,0.31875033882838194,6.356886030125302,92.9952412505455,2789.857237516365,5.4362416107382545
2,1,105750,4.74711433983669,23.577334554522224,0.012387389959405085,4.499999999999318,112.35649168947505,3370.694750684251,1.8120805369127517
2,1,105900,4.614431958184719,22.918345392317434,0.012123426671200099,4.509988913512024,111.32284571698516,3339.6853715095554,1.006711409395973
2,1,106050,7.286379385762516,36.189017615953816,0.19837598368530113,4.5000000000001705,103.92739334155715,3117.8218002467147,4.832214765100671
2,1,106200,4.001449051553587,19.873863622716154,0.0626930663220216,3.6496575181789765,106.90390848086837,3207.1172544260507,2.8187919463087248
2,1,106350,3.6233688995029976,17.996065534198223,0.011455575158310478,3.354101966249151,111.73452325248942,3352.0356975746827,2.214765100671141
2,1,106500,3.969527243420928,19.715318642323947,0.004057758408645354,3.911521443122021,117.57087563415914,3527.126269024774,1.4093959731543624
2,1,106650,3.631789356880559,18.037887139173442,0.004469624233757091,3.132091952672767,114.82143821621547,3444.643146486464,3.6241610738255035
2,1,106800,3.7234366524209603,18.493068707024104,0.007354901841449267,3.420526275298042,116.4800848220885,3494.402544662655,2.61744966442953
2,1,106950,6.1628319175706245,30.608731857267436,0.28794667436306504,3.758989225841327,96.30455078954014,2889.1365236862043,4.832214765100671
2,1,107100,4.089897153833215,20.313155864038308,0.005612990087458915,3.9115214431222824,114.54988551016733,3436.4965653050203,2.214765100671141
2,1,107250,13.500383144853815,67.05190295277396,0.3854309315615986,7.206247289678885,84.7841117516198,2543.523352548594,7.85234899328859
2,1,107400,4.056676300003114,20.14815895668213,0.014740048891653498,3.7947331922021093,108.90623745633431,3267.1871236900292,2.214765100671141
2,1,107550,10.961670573991842,54.44296385082615,0.39220406217478604,7.25603197346897,77.21299918304142,2316.3899754912422,4.429530201342282
2,1,107700,5.137683692148234,25.517162337669564,0.06317263381280741,4.686149805543988,109.35071112735457,3280.5213338206377,3.825503355704698
2,1,107850,4.8712748828606,24.19399858487431,0.014816441578315593,4.509988913511173,110.43097801097748,3312.9293403293245,2.013422818791946
2,1,108000,5.037305482398972,25.018617229248225,0.0027979164219396687,4.429446918070611,111.28745349748928,3338.6236049246786,3.4228187919463084
2,1,108150,4.878153526284649,24.228162513880427,0.00793926656660316,4.499999999999659,114.61902465358912,3438.5707396076737,2.013422818791946
2,1,108300,5.67765327772875,28.19901127938612,0.05008217011644579,4.589117562232844,110.4410761725353,3313.2322851760596,3.825503355704698
2,1,108450,4.485785764178819,22.279402628754802,0.006747620943381702,4.1785164831558435,115.69287343720703,3470.786203116211,1.4093959731543624
2,1,108600,4.609092859167279,22.891827867197488,0.008582487522783962,4.368065933567852,106.78497616926738,3203.5492850780215,2.214765100671141
2,1,108750,12.798930009298791,63.568019046183984,0.49241885234346383,5.6999999999982265,84.62139277448482,2538.6417832345446,7.449664429530201
2,1,108900,3.6552731091724655,18.15452310888991,0.07604603988510929,3.4205262752975933,112.10717360321111,3363.2152080963333,2.4161073825503356
2,1,109050,2.980063879688918,14.800983935788292,0.008163677513613606,2.7000000000001023,105.25801716178283,3157.740514853485,2.61744966442953
2,1,109200,3.1844471803880467,15.816087662593965,0.016692343977914605,2.9546573405398666,107.71097465944099,3231.3292397832297,2.61744966442953
2,1,109350,3.053516887532799,15.165800541412903,0.007283071531256937,2.6832815729995954,108.08871059454029,3242.6613178362095,3.4228187919463084
2,1,109500,3.508778892326806,17.426935165223135,0.06031983203673939,3.231098884278397,104.00038924956637,3120.011677486991,3.0201342281879193
2,1,109650,3.38564193496211,16.815354943645147,0.04898926105488707,2.9546573405398666,113.94997442738637,3418.4992328215912,2.61744966442953
2,1,109800,3.516632913434957,17.465943470060285,0.019474872778388375,3.2449961479167673,112.51817492867829,3375.5452478603484,2.8187919463087248
2,1,109950,9.026645323584729,44.83233844047082,0.493050729309988,3.9115214431214325,97.34068817491394,2920.2206452474184,5.033557046979865
2,1,110100,5.103859647811284,25.349169584129378,0.0642486430210272,4.326661530557582,103.27934614424007,3098.3803843272017,3.6241610738255035
2,1,110250,4.437082428104094,22.037509392917,0.007102651921059561,4.178516483154619,114.75469825293736,3442.6409475881214,1.8120805369127517
2,1,110400,5.015336056356074,24.909502413235167,0.0030573766506946883,4.965883607174844,108.25705460460465,3247.7116381381393,1.2080536912751678
2,1,110550,4.697647008232391,23.331646807554215,0.016488663848145298,3.9458839313895537,114.74902598447447,3442.470779534234,3.221476510067114
2,1,110700,4.226584033666469,20.9920340338768,0.02517115738723558,3.649657518179117,112.99040812446849,3389.712243734054,4.026845637583892
2,1,110850,4.201251707832545,20.866216815568304,0.003649810204299212,3.8183766184075014,108.7623385018567,3262.8701550557016,2.214765100671141
2,1,111000,4.815269743608298,23.91583972658788,0.016646732429189227,4.295346318982334,110.08017633472659,3302.405290041798,2.214765100671141
2,1,111150,4.438520445800943,22.04465154747802,0.005443497246556975,4.0360872141221185,113.3001838920429,3399.005516761287,4.026845637583892
2,1,111300,4.288489287858866,21.299496796365702,0.007151129605241824,4.2107006542850325,112.48052013832279,3374.4156041496835,1.8120805369127517
2,1,111450,8.384627294692049,41.643648896970504,0.36607591314572235,4.965883607176441,96.12755503128844,2883.826650938653,4.832214765100671
2,1,111600,4.341113435711345,21.560863397366347,0.025083999715227148,4.080441152621185,115.02533796178288,3450.760138853487,2.4161073825503356
2,1,111750,4.455285378042095,22.12791737760907,0.008147064212902283,4.242640687120249,120.81964744204197,3624.5894232612586,1.8120805369127517
2,1,111900,3.8385092181981597,19.06459578371753,0.007989440943055922,3.612478373638652,108.24357004971588,3247.3071014914767,1.8120805369127517
2,1,112050,4.16537053567765,20.688006993865663,0.011530216946866711,3.841874542460343,109.4603827373621,3283.811482120863,2.8187919463087248
2,1,112200,9.15241638339918,45.457001370882594,0.2768056336996326,5.3413481444293875,92.44625958007616,2773.387787402285,5.033557046979865
2,1,112350,4.866684839475435,24.171201369394662,0.021679638188214126,4.459820624195281,113.76807905144454,3413.0423715433362,2.4161073825503356
2,1,112500,5.751126236413307,28.56392697418608,0.006426833315770375,5.239274758972402,116.36186946023932,3490.8560838071794,3.221476510067114
2,1,112650,6.278581656979092,31.183622229662827,0.011760738175856414,5.408326913195322,120.23655358602765,3607.0966075808296,3.825503355704698
2,1,112800,5.812458641426476,28.8685445857515,0.009151722058162573,5.316013543999483,109.59439851345036,3287.8319554035106,2.8187919463087248
2,1,112950,12.280666350673838,60.993976208346744,0.4209371334151729,5.793962374747888,85.60392034200399,2568.117610260119,8.456375838926174
2,1,113100,3.8605382202047114,19.1740064936834,0.012220058982163145,3.354101966250142,107.09605360741783,3212.881608222535,3.825503355704698
2,1,113250,4.009075493129755,19.91174161587778,0.008097993539519777,3.8418745424610083,114.46576263519425,3433.9728790558274,2.4161073825503356
2,1,113400,11.928863040968055,59.24668643680802,0.4042863071998772,4.74341649025532,87.65813833751291,2629.744150125387,7.85234899328859
2,1,113550,5.067808647710798,25.170116283630293,0.1155429585345633,4.695742752749863,114.43210900376386,3432.963270112916,2.013422818791946
2,1,113700,4.119752044339282,20.46143515355177,0.0102632097125175,3.9115214431214325,115.67638152791965,3470.2914458375894,2.61744966442953
2,1,113850,7.254195346201828,36.02917021946908,0.2440711094603872,4.509988913511231,107.73232077953466,3231.9696233860404,5.033557046979865
2,1,114000,3.6994839466605782,18.374103601747535,0.010939173783870161,3.244996147918423,116.1242363741349,3483.7270912240474,3.4228187919463084
2,1,114150,3.831555748501268,19.030060217556294,0.011750188659081676,3.7589892258428925,113.97029765090991,3419.1089295272977,1.2080536912751678
2,1,114300,3.540818304214844,17.586064244267053,0.0075864979672624205,3.132091952673828,109.87635546427164,3296.290663928149,3.4228187919463084
2,1,114450,3.7662166957001997,18.705542921977656,0.00727135831633888,3.313608305156561,113.9168278395166,3417.504835185498,3.221476510067114
2,1,114600,3.483125630557861,17.29952396510404,0.008215642483703158,3.132091952673747,116.45635982461539,3493.6907947384616,3.0201342281879193
2,1,114750,3.546291281800765,17.613246699610464,0.005845390300022367,3.420526275297743,110.4712378208712,3314.137134626136,1.610738255033557
2,1,114900,3.474787638406215,17.25811193741753,0.011190800005161886,3.0594117081562326,113.92445370021892,3417.7336110065676,2.61744966442953
2,1,115050,3.4552787492589,17.161217787985873,0.012292264669295913,3.0594117081564,113.12743945437295,3393.8231836311884,2.8187919463087248
2,1,115200,3.6493328462167085,18.125019802876324,0.019270874610357286,3.2449961479167673,110.00069888679683,3300.0209666039054,3.0201342281879193
2,1,115350,3.78033657976201,18.77567167948465,0.0156734088886297,3.354101966250142,106.95529898358467,3208.65896950754,2.61744966442953
2,1,115500,3.7675986337868204,18.712406547807873,0.009810368166050975,3.35410196624999,115.23185205190569,3456.9555615571703,3.6241610738255035
2,1,115650,3.84075380919252,19.075743918989517,0.00399238590023263,3.6496575181789765,111.851035083312,3355.5310524993606,2.013422818791946
2,1,115800,3.834688992142973,19.0456219943101,0.009808837798971869,3.5114099732162636,116.57842975659317,3497.352892697795,2.61744966442953
2,1,115950,4.205948939530764,20.889546399669456,0.010064266422732119,3.899999999999601,113.64135306650661,3409.240591995198,2.013422818791946
2,1,116100,4.363748296356238,21.67328320523598,0.008057961976135092,3.9115214431214325,117.87702386841124,3536.3107160523373,2.4161073825503356
2,1,116250,4.113069787727819,20.428246612381507,0.002447591364482177,3.818376618408104,109.7341859371484,3292.025578114452,3.221476510067114
2,1,116400,4.249376522294107,21.10523672739407,0.006444595094771546,4.002499219239181,106.27173472014488,3188.152041604347,1.4093959731543624
2,1,116550,4.285503979686495,21.284669765776265,0.011745542813260923,4.024922359500536,115.61533664396079,3468.4600993188237,2.214765100671141
2,1,116700,4.00041414404775,19.86872358210383,0.009073434588198061,3.612478373638652,109.04313611730672,3271.2940835192007,2.013422818791946
2,1,116850,5.668989177501129,28.155979581588944,0.2674425238564341,3.6496575181789765,100.68806694411869,3020.6420083235603,3.6241610738255035
2,1,117000,5.041609228465102,25.039992501376673,0.032544870340133064,4.743416490252515,112.4600756526449,3373.8022695793466,1.610738255033557
2,1,117150,4.74862896772965,23.584857206390595,0.03586255412741934,4.5000000000001705,111.25494843987786,3337.648453196336,1.610738255033557
2,1,117300,4.632061731458309,23.005906599576267,0.018011330495001074,4.242640687118803,121.42135175305796,3642.6405525917385,1.610738255033557
2,1,117450,4.827669437950756,23.97742487515542,0.004881550029521726,4.210700654285094,114.93341290583861,3448.0023871751578,3.6241610738255035
2,1,117600,7.459346412006111,37.04808717963034,0.35216123174422514,4.589117562234182,106.1361149960304,3184.083449880912,4.832214765100671
2,1,117750,6.527696529253254,32.42089276195783,0.24135508363758343,4.799999999999045,105.13635408295013,3154.090622488504,4.630872483221476
2,1,117900,5.248534075527424,26.067719241786207,0.015816902074839795,5.13517283058667,112.83773771065081,3385.1321313195244,3.221476510067114
2,1,118050,5.2476204779272315,26.06318170703858,0.0003836830097106034,5.366563146001478,118.04237847207828,3541.2713541623475,1.4093959731543624
2,1,118200,9.163726392659258,45.513174416874314,0.2775522516103629,5.762811813689782,95.71973874577148,2871.592162373144,5.4362416107382545
2,1,118350,5.333466341408607,26.489549495662743,0.015408590950405768,5.10881590977773,110.81752565998418,3324.5257697995257,2.013422818791946
2,1,118500,4.908823098327189,24.380488055025037,0.00616611789905642,3.9458839313930545,115.18448469592025,3455.5345408776075,4.630872483221476
2,1,118650,5.464836931141904,27.14202342467145,0.01032268339536307,5.028916384274509,112.76111694816737,3382.833508445021,2.013422818791946
2,1,118800,5.030417256583463,24.98440570769787,0.01728504022414099,4.539823785125718,115.03936292067428,3451.1808876202276,2.4161073825503356
2,1,118950,5.191517179458306,25.784535324642924,0.012662495183082574,4.6861498055445345,116.86122733388844,3505.8368200166533,2.8187919463087248
2,1,119100,4.890745885180966,24.29070456306546,0.010703682938671384,4.509988913512024,122.68481534818143,3680.544460445443,2.013422818791946
2,1,119250,5.653052837452316,28.07682909267983,0.0052587217066073,5.239274758974062,121.90189026673475,3657.056708002043,2.61744966442953
2,1,119400,5.0989701531516864,25.32488509398671,0.0060274064288252036,4.459820624196313,116.4338831228154,3493.0164936844626,3.0201342281879193
2,1,119550,7.431418469728561,36.90937839965185,0.3017148600313536,5.091168824543335,91.23252016435126,2736.975604930538,5.23489932885906
2,1,119700,3.4831883026132755,17.2998352363126,0.007755222914977836,3.354101966248922,111.66406579776826,3349.9219739330483,1.610738255033557
2,1,119850,3.38390828865245,16.806744500307165,0.0038098539769640923,3.2999999999995566,108.52663697164144,3255.799109149243,1.610738255033557
2,1,120000,4.285569379075647,21.284994582742378,0.0014856840333562688,3.91152144312019,113.81059367324589,3414.3178101973767,3.0201342281879193
2,1,120150,3.391588354061169,16.844888825170475,0.006637229846712283,2.846049894152188,111.26505206919845,3337.9515620759535,4.630872483221476
2,1,120300,3.7935242664008397,18.84117052312417,0.0030023900280221273,3.624913792078815,117.0144679108452,3510.434037325356,1.4093959731543624
2,1,120450,3.872000600227224,19.23093631446188,0.01838461657883161,3.649657518179117,110.52103580606413,3315.631074181924,1.610738255033557
2,1,120600,3.9538075352063933,19.63724409152509,0.0036721560914164,3.661966684720552,118.10021525171538,3543.0064575514625,0.8053691275167785
2,1,120750,3.520437414170278,17.484839157045712,0.009872939834664807,3.000000000000682,117.57439732744604,3527.2319198233804,4.026845637583892
2,1,120900,3.6060546152724737,17.910071255853282,0.002791725353054127,3.132091952673747,115.4123099765852,3462.3692992975557,3.0201342281879193
2,1,121050,4.236892221587704,21.04323136721893,0.009078916085247269,4.036087214122688,121.26440729708712,3637.9322189126137,1.006711409395973
2,1,121200,3.9922356616284973,19.828103786088203,0.009021812682137139,3.649657518179117,110.50654813163892,3315.1964439491676,3.4228187919463084
2,1,121350,3.7361675203900457,18.5562986846039,0.0005389005733286603,3.3000000000004093,115.53423326753204,3466.026998025961,2.8187919463087248
2,1,121500,3.7022048559364698,18.387617451151137,0.009002224133292049,3.313608305156561,113.0163522756301,3390.490568268903,2.61744966442953
2,1,121650,3.7343084790938486,18.547065446166116,0.003774181969821613,3.6496575181795374,117.41925081600252,3522.5775244800757,2.013422818791946
2,1,121800,3.7975150199249583,18.86099126562729,0.006748278434627119,3.354101966250447,113.4626094473032,3403.878283419095,3.4228187919463084
2,1,121950,3.8207475304071963,18.976379401022406,0.0016664283493392964,3.3000000000004093,108.41302760284789,3252.390828085437,3.0201342281879193
2,1,122100,3.9650509530216893,19.693086400007726,0.006812750217252144,3.612478373638581,108.83464511163875,3265.039353349163,3.4228187919463084
2,1,122250,3.252892927359683,16.156034872553093,0.01565868202248358,2.830194339617751,114.85688921382344,3445.7066764147035,3.6241610738255035
2,1,122400,3.3594367005927617,16.68520227961072,0.0021609275183130682,3.2449961479167673,113.33223880263222,3399.9671640789666,1.610738255033557
2,1,122550,3.952346985668418,19.629990028819808,0.005808334204070003,3.35410196624999,113.40658528858539,3402.197558657562,3.4228187919463084
2,1,122700,3.3917556322449354,16.84571964014985,0.007438069939310848,3.132091952673828,109.94849195729962,3298.4547587189886,2.214765100671141
2,1,122850,3.6711343838851036,18.233300773296016,0.01040605110227628,3.612478373636952,110.4853668787262,3314.561006361786,1.610738255033557
2,1,123000,3.5965585102028816,17.86290726734098,0.01176952649811397,3.420526275298042,108.03473700522667,3241.0421101568,1.2080536912751678
2,1,123150,3.815893275384862,18.952269934411483,0.0038412865131613556,3.91152144312019,118.47407431469951,3554.222229440986,1.2080536912751678
2,1,123300,3.647583836687203,18.11633305554644,0.01061770282247472,3.1890437438216654,109.58219939170766,3287.46598175123,3.4228187919463084
2,1,123450,3.717986546400503,18.465999847122504,0.009316934190689928,3.420526275296771,115.28548455165622,3458.5645365496866,2.214765100671141
2,1,123600,4.001826183473288,19.875736711250667,0.009277185134047173,3.8999999999998636,119.05831893443408,3571.7495680330226,1.610738255033557
2,1,123750,3.9767049155745413,19.750967747353556,0.004667895049613615,3.794733192202379,109.91548489667416,3297.4645469002244,1.2080536912751678
2,1,123900,3.940983585454672,19.573551807758207,0.003719360676480254,3.794733192201031,113.29054140641553,3398.716242192466,2.214765100671141
2,1,124050,3.8325534773939243,19.03501560438982,0.010715030908444194,3.6124783736378014,109.05089021084214,3271.526706325264,1.610738255033557
2,1,124200,3.9545098194540955,19.640732103288673,0.016244869131810283,3.66196668472153,113.50746304402432,3405.2238913207293,1.8120805369127517
2,1,124350,4.127592707353039,20.500377113186765,0.00937025334033633,3.7947331922021093,117.33389276502213,3520.016782950664,2.214765100671141
2,1,124500,4.08644299806299,20.296000223712856,0.009717719110127993,3.7947331922018392,113.83472601280116,3415.0417803840346,1.610738255033557
2,1,124650,3.767869995312353,18.713754310051357,0.008812995099337802,3.612478373637873,115.86752686464857,3476.025805939457,1.4093959731543624
2,1,124800,3.9194163421695256,19.466434499441977,0.0018521888410407681,3.5114099732161907,116.9667869640284,3509.003608920853,2.4161073825503356
2,1,124950,3.934405288961304,19.54087960184114,0.011270073811554576,3.612478373638085,110.1140108466462,3303.420325399386,2.8187919463087248
2,1,125100,4.0313343167275635,20.02229377308023,0.012405913617221346,3.649657518179117,115.83187077494517,3474.9561232483557,2.61744966442953
2,1,125250,3.748368388795978,18.616896331020023,0.0056079737047881675,3.4985711369061923,109.42640498429593,3282.7921495288774,1.610738255033557
2,1,125400,3.9043936299891926,19.39182169561299,0.012472666892542816,3.6124783736378014,116.36927892756025,3491.0783678268067,1.8120805369127517
2,1,125550,3.3709462569638253,16.742366409587003,0.008489045130088134,3.0149626863364096,109.44050802027469,3283.215240608241,2.8187919463087248
2,1,125700,3.294775068681377,16.364049507784173,0.022075699367195802,3.0594117081564,113.668609213834,3410.0582764150204,2.013422818791946
2,1,125850,3.538397639248248,17.574041608266302,0.004023586588376475,3.189043743818778,115.27615127815521,3458.284538344657,2.214765100671141
2,1,126000,4.486921042307955,22.28504117679618,0.1417480241117869,3.2449961479167673,118.33591287349898,3550.0773862049696,4.026845637583892
2,1,126150,6.888776903088622,34.21425861867349,0.22304952989359322,4.6861498055445345,94.49770596149882,2834.9311788449654,3.6241610738255035
2,1,126300,4.118179966397845,20.45362716644263,0.08988516394301332,3.911521443121498,114.16312298622628,3424.8936895867887,1.4093959731543624
2,1,126450,3.966936128915036,19.702449440278013,0.011805337589993045,3.7107950630560347,115.01196823820577,3450.3590471461725,2.8187919463087248
2,1,126600,5.323874154962955,26.44190830298268,0.18565926529212193,3.841874542458213,113.98429309074045,3419.5287927222134,2.8187919463087248
2,1,126750,6.8230540735109395,33.887835231771,0.2143582760461658,4.6957427527491005,95.17855935803631,2855.356780741089,3.6241610738255035
2,1,126900,5.302491162577103,26.335706107466276,0.0024313470887405418,4.837354648978115,115.69639548253694,3470.891864476109,2.61744966442953
2,1,127050,7.2426713209489195,35.97193422737963,0.2163849288006742,5.028916384271253,101.99073726739645,3059.722118021894,3.0201342281879193
2,1,127200,5.221989167551587,25.93587953217288,0.010523910744594508,4.686149805543988,121.86945314396613,3656.083594318985,2.61744966442953
2,1,127350,5.542344396595503,27.526977169757668,0.005812479845254477,5.161395160224351,115.84890425866905,3475.467127760072,1.8120805369127517
2,1,127500,5.120230819316267,25.430479735937457,0.01308926701337256,4.579301256743378,115.59593119250086,3467.8779357750263,2.4161073825503356
2,1,127650,7.64158044411583,37.953182872441964,0.1561924692706556,5.474486277270287,106.64715496938514,3199.4146490815547,3.6241610738255035
2,1,127800,5.568523950552247,27.657002287742827,0.04463182321221919,4.9658836071733505,111.06878602177521,3332.063580653257,3.221476510067114
2,1,127950,5.532192862405075,27.476557883278538,0.006769798210080612,5.307541803886233,118.75239584066726,3562.5718752200182,1.4093959731543624
2,1,128100,5.231660401464061,25.9839133272715,0.012411152464607625,4.509988913514578,115.46627693575084,3463.988308072526,3.6241610738255035
2,1,128250,5.53603318355276,27.495631478312045,0.00668643537987072,4.947726750740416,111.13125796385094,3333.9377389155284,3.4228187919463084
2,1,128400,6.340183091428781,31.489576020762943,0.009038069906926979,5.16139516022564,113.42949229719561,3402.8847689158674,3.4228187919463084
2,1,128550,5.952228499525288,29.562734880975594,0.171002252494396,4.920365840057325,110.12780861568179,3303.8342584704533,2.214765100671141
2,1,128700,4.6271994451751794,22.98175724437006,0.007083366351406383,4.080441152621686,107.55616521102527,3226.6849563307587,2.4161073825503356
2,1,128850,5.081540564773746,25.238318138376272,0.011919660314939715,4.5398237851291,114.14294345117803,3424.2883035353407,2.61744966442953
2,1,129000,4.64075273275321,23.04907190600761,0.007821467367902016,4.080441152620684,111.78914105084277,3353.6742315252836,3.6241610738255035
2,1,129150,5.126856031929497,25.46338495858317,0.01053780389906634,4.500000000000682,112.32887988169936,3369.866396450981,2.4161073825503356
2,1,129300,4.895064250649019,24.31215244489013,0.00250194323357098,4.5000000000027285,106.13280286127257,3183.984085838177,1.8120805369127517
2,1,129450,7.205660894046083,35.78811577376222,0.1203386200494071,5.10881590977808,101.1053814459265,3033.161443377795,4.228187919463087
2,1,129600,4.984654779967189,24.757118740503714,0.015607372803648224,4.992995093127222,109.14990458346307,3274.497137503892,1.4093959731543624
2,1,129750,5.1812771748320525,25.7336766349992,0.008197438480687904,4.589117562232677,115.65610637281306,3469.6831911843924,3.0201342281879193
2,1,129900,6.747301108538343,33.51159550574044,0.12965481111057442,4.459820624196313,103.70673767440807,3111.2021302322423,3.6241610738255035
2,1,130050,4.366894859296635,21.68891113450661,0.006552966313252536,3.8999999999998636,112.15853146986194,3364.755944095858,3.4228187919463084
2,1,130200,6.413743816843248,31.8549276236548,0.1515169640433573,4.178516483154619,104.51682752449132,3135.5048257347394,4.026845637583892
2,1,130350,3.0164854360397984,14.981877665664333,0.019845401329621766,2.6999999999992497,109.04981926099973,3271.4945778299925,4.832214765100671
2,1,130500,3.107968166611816,15.43624189417202,0.005222940793208958,2.8301943396182034,117.9722354782542,3539.167064347626,2.214765100671141
2,1,130650,3.2605686750426996,16.194157752712073,0.00531199300291286,3.0149626863369186,116.43880658301133,3493.16419749034,3.221476510067114
2,1,130800,3.2844977955762844,16.313005718028876,0.006130078155340538,3.3000000000004093,115.11268510459905,3453.380553137972,2.61744966442953
2,1,130950,3.242957122992868,16.10668704419791,0.01027706399945838,2.9698484809844157,114.14299600033551,3424.289880010065,3.0201342281879193
2,1,131100,6.191079644280056,30.749028899924276,0.13818016026817148,4.080441152621185,104.26056948723254,3127.817084616976,3.825503355704698
2,1,131250,5.828683373887326,28.949127423640387,0.15798365023337793,3.9115214431214325,101.37260705636598,3041.1782116909794,3.6241610738255035
2,1,131400,3.9639087817643976,19.68741361609651,0.008514604783096394,3.612478373638581,116.22130357435695,3486.6391072307088,3.0201342281879193
2,1,131550,4.5654176579937396,22.67490770136891,0.06792936934345033,3.9115214431214325,113.37161479072431,3401.1484437217296,4.228187919463087
2,1,131700,7.025488625305774,34.89326017235201,0.18936808292776938,5.178802950488417,111.5022080100571,3345.066240301713,3.4228187919463084
2,1,131850,5.9042768538860635,29.324575040967453,0.008545708893402159,5.247856705359653,120.76674559395492,3623.002367818648,3.4228187919463084
2,1,132000,4.892974119618555,24.301771460772155,0.010515227138730432,4.242640687117838,115.87178668820874,3476.153600646263,3.4228187919463084
2,1,132150,5.147438758891464,25.56561250249427,0.008361840861174901,4.539823785125831,115.86921595694642,3476.0764787083913,3.4228187919463084
2,1,132300,4.984710326934119,24.75739462377279,0.0014563532755621984,4.429446918068995,111.93356393130239,3358.006917939071,3.0201342281879193
2,1,132450,6.540159396972686,32.482791671631006,0.09768526082178998,4.947726750741656,104.20563013579309,3126.168904073793,4.026845637583892
2,1,132600,4.989431500734177,24.780843120313072,0.010865580281084792,4.569463863518667,118.73987730722743,3562.1963192168237,1.610738255033557
2,1,132750,5.470493898276789,27.170119694774716,0.010305438590093882,4.837354648979384,113.84529819114195,3415.3589457342587,3.0201342281879193
2,1,132900,4.907848466005644,24.375647381161365,0.007164629896175517,4.6861498055423505,117.40445699532565,3522.133709859769,2.013422818791946
2,1,133050,4.330416008207665,21.50773284076473,0.006911964574499109,3.911521443118947,112.65641968459646,3379.692590537893,3.6241610738255035
2,1,133200,4.58840279855399,22.789067232818155,0.0036184944153224764,4.242640687118803,109.74818610193992,3292.445583058198,2.214765100671141
2,1,133350,4.849645657645748,24.086573432973882,0.007899130045786983,4.509988913512024,123.42740983142617,3702.8222949427854,2.013422818791946
2,1,133500,7.021839318154239,34.87513528016606,0.10706017462883044,5.126402247189649,109.09750923238119,3272.9252769714353,3.6241610738255035
2,1,133650,6.632986236292506,32.94383164025278,0.12304140454610019,4.579301256742651,102.8101596302758,3084.304788908274,4.026845637583892
2,1,133800,4.9850959234391325,24.759309753081023,0.011437962043139367,4.539823785125718,112.31101029578733,3369.3303088736193,2.61744966442953
2,1,133950,5.478335822884103,27.209067920324372,0.020952122072647617,5.1088159097775305,112.6226251345749,3378.678754037247,1.610738255033557
2,1,134100,4.790295921284339,23.791803075712217,0.009398480520304602,4.499999999999318,119.0700359098881,3572.101077296644,1.8120805369127517
2,1,134250,4.695961047427268,23.323273202222097,0.009085182820050684,4.1677331968349565,112.54081065253787,3376.2243195761357,3.221476510067114
2,1,134400,4.82654555071448,23.97184290188192,0.008985816950623594,4.799999999999045,115.81782999194542,3474.5348997583624,1.006711409395973
2,1,134550,4.758935027343917,23.636043969141454,0.006581621360332508,4.295346318983168,118.02220971647098,3540.6662914941303,2.214765100671141
2,1,134700,4.8327620839025105,24.002718350049133,0.007094774065826622,4.74341649025203,116.20354191238197,3486.1062573714585,0.8053691275167785
2,1,134850,6.847768203174984,34.010582075769086,0.09789480839120712,4.837354648978961,101.8805474217708,3056.416422653124,3.4228187919463084
2,1,135000,4.513312119052292,22.416116857959715,0.007478125993211125,4.295346318982513,109.55562745813546,3286.668823744064,1.8120805369127517
2,1,135150,4.224574075863073,20.982051243453263,0.003842454512551642,4.036087214122625,116.6826601006539,3500.479803019617,3.0201342281879193
2,1,135300,4.237193237495932,21.04472641289646,0.0038310109573843187,3.511409973215098,119.95500790317618,3598.650237095285,4.228187919463087
2,1,135450,6.90346142574447,34.2871917478642,0.14021769380101531,4.6861498055445345,101.97840493094958,3059.3521479284873,4.026845637583892
2,1,135600,4.8471432479436585,24.07414479812017,0.0035732630750443697,4.539823785127014,113.10620788482329,3393.186236544698,2.8187919463087248
2,1,135750,4.512842809753187,22.413785955107492,0.012136700632352027,4.167733196835386,115.70001097020355,3471.000329106107,2.4161073825503356
2,1,135900,4.9409164245792505,24.539884908743606,0.005933287720258082,4.809365862566853,115.63903491914971,3469.1710475744917,1.2080536912751678
2,1,136050,4.830642304404764,23.992190111876994,0.0070978873902354895,4.295346318982811,112.53378100605292,3376.0134301815883,3.6241610738255035
2,1,136200,4.824738511606058,23.96286794097675,0.016884396620613296,4.024922359499774,116.72404806546001,3501.7214419638008,3.4228187919463084
2,1,136350,6.835488182104792,33.949591304453804,0.19495782706642373,4.326661530557109,108.52079982142266,3255.6239946426804,4.429530201342282
2,1,136500,5.89230491013326,29.265114386995187,0.01286277577857827,4.965883607176441,112.60251006403495,3378.075301921048,3.6241610738255035
2,1,136650,5.740619098739977,28.511741523741875,0.004559525060641147,5.474486277266924,119.87633430043819,3596.2900290131456,2.013422818791946
2,1,136800,5.654955629458242,28.086279626309263,0.01789107663036115,5.366563145998428,114.65995649478957,3439.798694843687,2.8187919463087248
2,1,136950,5.534484507093903,27.48793971856638,0.008485105765719436,5.16139516022564,119.54214290366056,3586.2642871098155,1.2080536912751678
2,1,137100,5.9311717756956535,29.458153152621747,0.006529731840967771,5.793962374747227,109.64311905332022,3289.2935715996064,1.610738255033557
2,1,137250,5.322453798261915,26.434853864700848,0.018157845791644835,4.837354648978961,115.90731072194372,3477.219321658312,2.4161073825503356
2,1,137400,5.981907427793371,29.710140224707075,0.006095821204239549,5.7706152185003665,118.31677375844899,3549.50321275347,1.4093959731543624
2,1,137550,5.382336189233192,26.73226973985819,0.0007481594415517037,4.920365840056806,113.32430495443771,3399.729148633131,2.61744966442953
2,1,137700,5.719167487113231,28.405198519329048,0.0043545961731041695,5.408326913196504,113.24552581673049,3397.365774501914,1.4093959731543624
2,1,137850,7.9000836487542,39.237082122145864,0.1785686110802897,5.408326913195322,97.57127405948737,2927.138221784621,4.429530201342282
2,1,138000,4.075547642245476,20.241886623152524,0.020255028972009675,3.8999999999999293,115.34766919713584,3460.4300759140756,2.013422818791946
2,1,138150,4.288369676661825,21.298902727420394,0.012641883190070126,3.911521443121498,117.58137523480683,3527.4412570442055,3.0201342281879193
2,1,138300,4.446810146240179,22.085823726326225,0.004550373916613677,4.242640687119647,108.32485576160762,3249.7456728482293,2.013422818791946
2,1,138450,4.787971855772369,23.780260217002766,0.016012804393997663,4.509988913512024,119.09988560391179,3572.9965681173535,1.610738255033557
2,1,138600,4.8159725124287265,23.919330145062673,0.007217040108119978,4.5000000000001705,114.60974626451392,3438.2923879354175,1.610738255033557
2,1,138750,4.479215305387778,22.246769350092627,0.017844778204794794,4.295346318982513,121.03136606942266,3630.94098208268,1.8120805369127517
2,1,138900,4.33543829365217,21.532676858472446,0.007073689124598322,3.9458839313895537,106.98881264668125,3209.6643794004376,2.61744966442953
2,1,139050,6.111762681972422,30.355087987129703,0.19067261142543696,4.024922359499774,97.84122915846234,2935.2368747538703,4.228187919463087
2,1,139200,5.9368085987317825,29.48614937370119,0.15886345468605326,3.9458839313900724,108.81418583245963,3264.4255749737886,3.221476510067114
2,1,139350,6.564740873917434,32.604879673789924,0.1877245158144798,4.743416490252299,101.54586955720286,3046.3760867160863,4.026845637583892
2,1,139500,5.645094531205599,28.037302838321143,0.03711572465843671,5.10881590977808,115.01897674968473,3450.569302490542,2.4161073825503356
2,1,139650,4.950477672732989,24.587372441240507,0.1148580382716956,3.7947331922018392,113.25864357886671,3397.759307366001,3.4228187919463084
2,1,139800,4.92785728311284,24.47502450612711,0.1498351780751906,3.794733192202379,105.4835200851921,3164.505602555763,4.630872483221476
2,1,139950,3.7276110630710724,18.513801613252994,0.011135221473547851,3.3136083051548626,116.16108668087405,3484.8326004262212,3.0201342281879193
2,1,140100,6.632123403943872,32.9395462395879,0.2743487779032828,5.099999999998371,111.37587895488886,3341.276368646666,2.4161073825503356
2,1,140250,6.343992902725407,31.508498083536193,0.19898887251672615,4.539823785125718,109.31434535786711,3279.4303607360134,3.825503355704698
2,1,140400,5.1281004506102414,25.469565571364193,0.02780996953772038,4.6861498055445345,114.95558337462074,3448.667501238622,2.4161073825503356
2,1,140550,5.207084604758074,25.861853536965096,0.012005461769451662,4.947726750740002,118.59168263177743,3557.750478953324,1.2080536912751678
2,1,140700,4.26362064683212,21.17598254593286,0.013896818187916464,4.036087214120977,113.39001145556311,3401.700343666893,1.8120805369127517
2,1,140850,5.117000560769946,25.41443611849073,0.0022943463579742805,4.809365862566853,120.2588192506997,3607.7645775209917,2.4161073825503356
2,1,141000,4.792494252695416,23.802721455053906,0.005636501645549471,4.326661530557582,119.34500760857294,3580.3502282571876,2.214765100671141
2,1,141150,5.317498643636594,26.41024326339508,0.007987439910848299,4.883646178830289,115.94118653321597,3478.235595996479,2.214765100671141
2,1,141300,4.859705329827316,24.13653647147567,0.005191285046613065,4.459820624194707,118.10054707181007,3543.016412154301,3.0201342281879193
2,1,141450,5.012556370766028,24.895696641471275,0.010815453137720315,4.500000000001023,108.01846935121179,3240.554080536354,3.0201342281879193
2,1,141600,4.89177861085876,24.295833767265172,0.005776985874236173,4.509988913511173,114.79251160956925,3443.7753482870767,2.013422818791946
2,1,141750,6.445178764839039,32.01105453203389,0.2210116032922453,4.509988913511173,103.33247381770302,3099.974214531091,4.429530201342282
2,1,141900,3.9292979813623807,19.515513307433157,0.012561955690355847,3.6496575181789765,106.3400846894075,3190.2025406822254,1.8120805369127517
2,1,142050,3.7513630821417547,18.631769974637383,0.014210353941568098,3.6496575181789765,119.38494804978093,3581.548441493429,1.2080536912751678
2,1,142200,5.663329158973681,28.12786815623595,0.1229922088803297,3.6124783736379436,99.17308145754536,2975.192443726361,4.026845637583892
2,1,142350,5.394435042698149,26.79236071206747,0.1804695109761591,3.649657518179257,101.84774355960481,3055.432306788144,3.4228187919463084
2,1,142500,3.2580068527941295,16.18143403554418,0.00498241239348574,3.0594117081545606,113.14689034295505,3394.406710288652,2.4161073825503356
2,1,142650,3.5842930792855134,17.801988960451382,0.020844834087359272,3.420526275299089,117.70038951329863,3531.011685398958,1.8120805369127517
2,1,142800,3.5404975658575157,17.584471243758998,0.017857026521260685,3.0886890422947815,108.42796937914561,3252.839081374368,3.6241610738255035
2,1,142950,3.594107416886304,17.850733503868643,0.0015844879002482647,3.4205262752975933,123.28199449748773,3698.459834924631,1.2080536912751678
2,1,143100,5.74740495551874,28.54544461240974,0.1350504302908014,3.9115214431214325,106.5074592984783,3195.2237789543487,4.429530201342282
2,1,143250,5.634475221716614,27.984560267859184,0.32317596235735974,3.8183766184075014,107.69704550951128,3230.9113652853384,2.8187919463087248
2,1,143400,3.3242902543736355,16.510641596722387,0.008500983299404853,2.830194339615311,113.48244398995249,3404.473319698575,4.228187919463087
2,1,143550,3.4049914925840707,16.911457746500886,0.011109801715312895,2.9546573405396073,112.95908247059924,3388.7724741179773,3.221476510067114
2,1,143700,3.817307420393487,18.959293521287655,0.02767457470420268,3.612478373636952,112.94953730541361,3388.486119162408,2.8187919463087248
2,1,143850,5.29421130335285,26.29458280665249,0.1984037392031815,4.242640687118924,101.71507100070434,3051.452130021131,3.4228187919463084
2,1,144000,8.042083738548198,39.942349234789376,0.1174352461759619,5.515432893253858,111.05855209081302,3331.7565627243907,6.644295302013423
2,1,144150,8.062352908629755,40.04301944619444,0.1090445878175699,6.155485358607255,109.34012321642156,3280.2036964926474,4.630872483221476
2,1,144300,6.639284759319967,32.975114304622494,0.19184385452223693,4.846648326420604,108.96856449420889,3269.056934826268,3.825503355704698
2,1,144450,4.406381049517546,21.88502587927048,0.005502207146210635,4.26380112106583,110.62920351474038,3318.876105442212,2.013422818791946
2,1,144600,5.949878199055099,29.551061721973653,0.11323018969212416,4.6861498055445345,113.62186589276968,3408.655976783091,3.4228187919463084
2,1,144750,6.4184467667097485,31.87828560799175,0.11208507094411217,4.846648326420446,102.16473724300172,3064.942117290052,4.228187919463087
2,1,144900,4.999613683000451,24.831414625568904,0.014232452974208326,4.26380112106583,104.87613223021006,3146.283966906302,3.825503355704698
2,1,145050,7.284802492620537,36.18118571334867,0.06697518565981199,5.239274758972402,103.6680423695276,3110.0412710858272,5.033557046979865
2,1,145200,5.939163828209824,29.497847013442126,0.08271581728333717,4.080441152620997,112.22147151404431,3366.6441454213295,4.026845637583892
2,1,145350,7.394574001983646,36.726384209852114,0.07856225629956512,4.200000000000443,102.4456035715186,3073.368107145558,4.832214765100671
2,1,145500,5.797454388466809,28.794023462718485,0.09968798183869372,5.474486277266924,117.38168904443437,3521.4506713330306,1.2080536912751678
2,1,145650,6.511302125927078,32.339467225437815,0.18639664365942332,3.7947331922021093,100.64434268865323,3019.330280659597,4.832214765100671
2,1,145800,6.675646670749824,33.15571179805745,0.12304167414632287,3.6619666847195744,95.6661927906206,2869.9857837186178,5.6375838926174495
2,1,145950,6.708740596069337,33.32007829381104,0.16802743669408607,3.612478373636315,106.44236921421584,3193.2710764264752,6.241610738255034
2,1,146100,3.5900017170893834,17.830341861543936,0.003365050455340159,3.088689042294119,113.65004589277929,3409.5013767833784,2.61744966442953
2,1,146250,3.9057198745837334,19.398408710432545,0.008391832979240225,3.420526275298566,107.56183887032238,3226.855166109672,3.4228187919463084
2,1,146400,3.9917602181383063,19.825742416753585,0.011108141668850142,3.7107950630566555,110.4824038408255,3314.472115224765,2.61744966442953
2,1,146550,3.8288438783771737,19.01659126260663,0.010210288253462478,3.420526275297743,116.57024172064644,3497.107251619393,2.8187919463087248
2,1,146700,3.9825493072907032,19.77999489287716,0.007185376174526313,3.7107950630560347,117.77945211053941,3533.383563316183,2.61744966442953
2,1,146850,4.231242311428092,21.015170146759527,0.014751248637775284,4.002499219237583,114.94489861173777,3448.3469583521332,1.610738255033557
2,1,147000,3.8511569739865807,19.12741297080002,0.01968016297180515,3.710795063055001,116.82020384338068,3504.60611530142,2.013422818791946
2,1,147150,4.202425924905892,20.87204876036593,0.010364726482370582,3.841874542460343,116.84212370049524,3505.263711014857,3.4228187919463084
2,1,147300,4.149814213819958,20.610743928639124,0.00834741850835452,4.036087214122688,111.38149119114543,3341.4447357343624,1.4093959731543624
2,1,147450,3.6396311792334335,18.076834856859385,0.0034987072518043727,3.1890437438186177,114.19797188161657,3425.9391564484977,3.221476510067114
2,1,147600,3.918870492900393,19.463723448071953,0.01148838753009148,3.4205262752975933,109.01138747390273,3270.341624217082,2.8187919463087248
2,1,147750,4.206226906903607,20.890926970954585,0.013021414059460263,3.3000000000004093,113.60630503474955,3408.189151042487,5.6375838926174495
2,1,147900,3.8974580078174914,19.357374772160206,0.01317074131592994,3.6000000000001364,117.88735192914189,3536.620557874257,2.214765100671141
2,1,148050,3.937758674642844,19.557534750726127,0.0071033717523800175,3.420526275298042,112.92767800224706,3387.830340067412,3.825503355704698
2,1,148200,3.9482161316575226,19.609473453899028,0.006203901950343763,3.5114099732158994,116.18638177149758,3485.591453144928,2.61744966442953
2,1,148350,4.073995308771397,20.234176700231274,0.020376937923899524,3.8418745424604763,117.13589586086215,3514.076875825864,1.4093959731543624
2,1,148500,4.274583466379569,21.23043121635186,0.006954556367589641,3.900000000000913,109.61364032080226,3288.409209624068,2.4161073825503356
2,1,148650,4.014033036951364,19.936364083525113,0.004732046973323906,3.945883931389684,114.8608584055353,3445.8257521660594,1.8120805369127517
2,1,148800,4.106018599765521,20.393225712168753,0.010709600323213685,3.7947331922021093,111.35272518293137,3340.581755487941,2.214765100671141
2,1,148950,4.470001471055027,22.201007306239966,0.00587288884263437,4.167733196835815,116.75496578985297,3502.648973695589,3.0201342281879193
2,1,149100,4.878664377879812,24.230699743469735,0.12164841274700908,3.354101966250142,105.88587530851774,3176.5762592555325,3.6241610738255035
2,1,149250,4.059666483671969,20.16301020223745,0.002670813907803639,3.8999999999998636,118.05504760757614,3541.651428227284,2.61744966442953
2,1,149400,7.15203618581077,35.521779722860174,0.22275216442107879,4.539823785126564,102.213237104452,3066.39711313356,3.825503355704698
2,1,149550,4.794637242447095,23.813364970820572,0.01470362665794059,4.295346318983168,124.5383467181796,3736.150401545388,3.6241610738255035
2,1,149700,5.562959262731294,27.629364338232094,0.1102615652393277,4.080441152620432,112.37692488721989,3371.307746616597,4.228187919463087
2,1,149850,5.478874008031563,27.211740906556763,0.10934926899810317,4.200000000000443,111.3826078408982,3341.478235226945,2.8187919463087248
2,1,150000,7.129279784730853,35.40875626416323,0.13626507093006443,5.16139516022564,112.87061597719374,3386.1184793158122,3.6241610738255035
2,1,150150,6.562449837384262,32.5935008590085,0.06408209619627943,5.433231082880899,111.63368709167753,3349.010612750327,3.221476510067114
2,1,150300,7.534917371686945,37.423422946045164,0.21292648057523592,4.947726750741656,105.1534144697107,3154.6024340913204,5.23489932885906
2,1,150450,6.457669796432155,32.0730933222797,0.13667335857828306,4.5000000000001705,107.21057950506044,3216.317385151814,4.228187919463087
2,1,150600,5.448646989350235,27.06161338043951,0.06137488350390324,4.589117562233513,109.850456252817,3295.51368758451,3.0201342281879193
2,1,150750,5.046636542184494,25.064961492849655,0.06852071440942786,3.9458839313895537,111.07315636307811,3332.1946908923433,3.221476510067114
2,1,150900,4.201672258429503,20.868305550199864,0.010005897684215927,4.002499219237583,120.31056382594791,3609.316914778438,1.8120805369127517
2,1,151050,6.1913986175045945,30.75061313360616,0.06472722871587816,4.3680659335676175,106.54467004074927,3196.3401012224776,5.4362416107382545
2,1,151200,5.8097071260332855,28.854878725965314,0.00797092242820798,5.408326913194471,117.47156103936005,3524.1468311808007,2.214765100671141
2,1,151350,5.600545076765892,27.816040547937263,0.009214830986379433,4.695742752748338,112.01332519404136,3360.399755821241,3.6241610738255035
2,1,151500,6.564708759912623,32.604720174232696,0.047756293975784216,4.947726750740829,108.96993513843157,3269.0980541529475,3.825503355704698
2,1,151650,4.293274832149719,21.323264999676944,0.01782708024220063,4.080441152620997,108.41000403344101,3252.3001210032307,1.4093959731543624
2,1,151800,5.624894748582999,27.936977251295566,0.09123405220256153,3.7107950630560347,117.81687288673307,3534.506186601992,5.23489932885906
2,1,151950,6.677020926583252,33.16253726869681,0.019600430290765528,6.007495318351627,114.55447529146502,3436.6342587439494,3.0201342281879193
2,1,152100,5.960595748892697,29.604292219500387,0.00405346627138616,5.5317266743761575,113.72273739268164,3411.682121780449,2.4161073825503356
2,1,152250,5.171751670229011,25.68636662880409,0.061831945342002585,3.612478373638085,115.76246954951863,3472.8740864855595,4.630872483221476
2,1,152400,4.780406933410387,23.742687769271587,0.015446541688196229,4.3680659335676175,124.27775719108675,3728.332715732603,2.4161073825503356
2,1,152550,4.732507576504567,23.50478762997268,0.017086804564373982,4.167733196835815,113.52904898356388,3405.8714695069166,4.026845637583892
2,1,152700,4.134432697483751,20.534349064169298,0.0064972422658422175,3.612478373636315,111.96857846288485,3359.0573538865456,4.228187919463087
2,1,152850,3.8105739972471864,18.925850852994362,0.01337745816502538,3.1890437438211845,110.45978052403737,3313.793415721121,4.228187919463087
2,1,153000,3.5345272539034753,17.554818694387258,0.010503719369361028,3.1890437438186177,108.64551204267158,3259.3653612801477,3.6241610738255035
2,1,153150,3.690388856898088,18.328931322593835,0.005483066876209367,3.2310988842814057,107.67105076215535,3230.131522864661,2.8187919463087248
2,1,153300,3.6750589805580143,18.252792936771467,0.0031945532472981673,3.2310988842814057,111.89562104485137,3356.868631345541,3.4228187919463084
2,1,153450,3.5580445369663183,17.67162120026605,0.004527032301871461,3.3136083051531644,113.44119271101027,3403.2357813303083,3.0201342281879193
2,1,153600,3.235296104577421,16.06863731940119,0.003984858274015917,3.1890437438211845,113.82095244270666,3414.6285732812,3.0201342281879193
2,1,153750,3.578407437976064,17.772756941947783,0.015694048735976518,3.2310988842801387,109.35409383635444,3280.6228150906327,3.221476510067114
2,1,153900,3.6110700383497143,17.934981190470246,0.016558971818503174,3.2449961479167673,108.59984071158209,3257.9952213474626,3.4228187919463084
2,1,154050,3.500725599914425,17.386937146241642,0.011063123941774075,3.354101966249151,109.27061053502767,3278.1183160508294,3.0201342281879193
2,1,154200,4.256815053260964,21.14218143119612,0.011440055664836945,3.758989225841327,116.84184898325016,3505.2554694975047,3.221476510067114
2,1,154350,3.467726454154248,17.223041388966102,0.013099328879168539,3.000000000000682,112.49700166607965,3374.91004998239,4.228187919463087
2,1,154500,4.151676075729481,20.619991176123087,0.004873850592505338,3.612478373636315,119.15040204875352,3574.5120614626057,3.4228187919463084
2,1,154650,4.326148987423992,21.48653997087249,0.009594624428145643,3.661966684718247,114.46080154226017,3433.824046267805,5.23489932885906
2,1,154800,3.329703555752191,16.53752766023588,0.006841233303687885,2.765863337187015,109.51969946138341,3285.5909838415027,3.6241610738255035
2,1,154950,4.664277537187538,23.165911768031442,0.04712905479607069,3.612478373638085,106.09303281145073,3182.7909843435223,3.4228187919463084
2,1,155100,4.02331211169275,19.982450154740654,0.006046829032489049,3.911521443122021,119.66650598247709,3589.9951794743133,1.006711409395973
2,1,155250,3.8976329924056654,19.358243862281476,0.015685541063225426,3.612478373636315,112.03903373572516,3361.1710120717557,2.013422818791946
2,1,155400,3.989163582748656,19.81284579431832,0.002943015836989624,3.624913792078815,109.3487958613699,3280.463875841096,3.4228187919463084
2,1,155550,3.8843349779960494,19.292197057380378,0.003773603321395484,3.313608305156561,118.70066721374143,3561.020016412243,4.429530201342282
2,1,155700,4.026302977076925,19.997304786148725,0.005409055841305903,3.612478373638085,108.09163478614099,3242.7490435842296,2.4161073825503356
2,1,155850,3.583242299854577,17.79677008927773,0.0112379942538257,3.3000000000004093,113.81115956489319,3414.3347869467966,2.214765100671141
2,1,156000,3.7614952833220348,18.682093240499437,0.006103038939060512,3.420526275298416,112.7123543732749,3381.370631198247,2.214765100671141
2,1,156150,3.69301715019845,18.341985179318968,0.005559942900121049,3.612478373636315,114.16347079580619,3424.904123874186,1.2080536912751678
2,1,156300,4.011766399730484,19.925106451994736,0.01662274196785551,3.8418745424604763,119.56885311798938,3587.0655935396803,1.610738255033557
2,1,156450,4.310195150328202,21.407302579963407,0.005982186885541607,4.002499219239181,121.27629032557417,3638.288709767225,2.8187919463087248
2,1,156600,3.5883976674908267,17.822375081871108,0.0058579770995444294,3.313608305156561,117.0356594466074,3511.0697833982217,2.8187919463087248
2,1,156750,4.09772799498989,20.35204904178312,0.009949099812869143,3.649657518179117,114.75619720794525,3442.685916238357,3.0201342281879193
2,1,156900,4.214851852722661,20.93376420185588,0.0038513177422631875,3.9115214431218246,105.49104921419848,3164.731476425955,2.8187919463087248
2,1,157050,4.504275553835212,22.37123525071489,0.010045133763245796,4.295346318982513,112.12249836617839,3363.674950985351,2.4161073825503356
2,1,157200,4.330570961567663,21.508502442452723,0.013674072575900417,4.080441152620432,119.2081436956972,3576.2443108709167,2.214765100671141
2,1,157350,4.336928781114907,21.540079612870706,0.000928501674991942,4.080441152620432,117.45563191157599,3523.66895734728,2.013422818791946
2,1,157500,4.280871535819883,21.261661961238747,0.008009433315689292,3.91152144312019,109.21065566715933,3276.3196700147805,2.61744966442953
2,1,157650,4.261498003514969,21.16544008412435,0.008156067831812459,3.8999999999998636,113.8930704668706,3416.792114006118,3.0201342281879193
2,1,157800,4.330151441288931,21.50641882506835,0.018056458396798085,4.1677331968349565,118.445093611096,3553.3528083328792,2.013422818791946
2,1,157950,3.7742884347847214,18.74563255943078,0.009452892608716495,3.420526275297668,108.75274988160957,3262.582496448287,2.8187919463087248
2,1,158100,4.521701563337348,22.457784431242164,0.004452798997433944,4.295346318982513,120.30756242102811,3609.226872630844,2.61744966442953
2,1,158250,4.299489709145186,21.354132222087753,0.014118872427032234,4.242640687118803,114.66903291022462,3440.070987306739,0.8053691275167785
2,1,158400,4.167211411067473,20.697150008301783,0.007745616925735148,3.7947331922018392,111.17009769872267,3335.10293096168,2.61744966442953
2,1,158550,4.469513245346042,22.198582451885343,0.01437304041203609,4.26380112106583,123.16858806207233,3695.0576418621704,1.610738255033557
2,1,158700,4.113893795143247,20.432339182544798,0.010289470947893165,4.024922359499393,115.73339185332564,3472.001755599769,1.4093959731543624
2,1,158850,4.15517721552936,20.637380170462485,0.01430881530337365,3.6496575181789765,114.3887383705798,3431.662151117394,3.825503355704698
2,1,159000,4.351502758931708,21.612463702694154,0.01084131330422927,4.295346318982334,117.26546180070717,3517.963854021215,1.610738255033557
2,1,159150,3.9463538716462008,19.600224229176128,0.005024869964058335,3.354101966250142,110.09726602143695,3302.9179806431084,3.4228187919463084
2,1,159300,4.728534295245753,23.48505366638724,0.0013465064653840578,4.459820624195281,122.94265536577818,3688.2796609733455,1.4093959731543624
2,1,159450,4.399378846292458,21.850248269919206,0.007236251096793685,3.945883931389684,114.66091944732344,3439.8275834197043,2.8187919463087248
2,1,159600,4.384102865593162,21.774377565779368,0.006995169513210306,4.002499219237583,116.55308779935048,3496.5926339805137,2.8187919463087248
2,1,159750,3.9034111661154802,19.38694212504022,0.0070157895046109,3.6249137920774035,110.04571889971638,3301.371566991492,2.4161073825503356
2,1,159900,3.9739751911092034,19.737410115842383,0.004531634017584161,3.6124783736378014,113.13103489262889,3393.9310467788664,3.0201342281879193
2,1,160050,4.263764985102379,21.17669942600848,0.00568624710421408,3.945883931389684,110.9041204964363,3327.123614893088,2.013422818791946
2,1,160200,4.148785691844339,20.605635602826887,0.00522688541225564,3.9115214431214325,118.97852097683003,3569.3556293049005,2.013422818791946
2,1,160350,4.351797605332636,21.613928106485417,0.007865298670488439,4.32666153055569,118.9416101884365,3568.248305653094,1.2080536912751678
2,1,160500,4.175911556566532,20.74036073094711,0.008530134187374031,4.036087214122625,118.7746318602571,3563.2389558077134,1.4093959731543624
2,1,160650,4.1761114825216366,20.741353696524133,0.004845332550694373,3.649657518179117,115.78412614389534,3473.52378431686,2.8187919463087248
2,1,160800,3.8736314032202155,19.23903596932707,0.0025988828171943524,3.841874542460343,115.73157592610872,3471.9472777832616,1.610738255033557
2,1,160950,3.8448453533606823,19.096065255024726,0.006370697260465604,3.6000000000001364,113.27211775391191,3398.1635326173573,2.4161073825503356
2,1,161100,4.153219102535006,20.627654875923863,0.01751950098862946,3.6496575181789765,107.13652180007882,3214.095654002365,3.825503355704698
2,1,161250,4.0032423316865975,19.882770247376772,0.008564896216195965,3.710795063055828,112.95085421391065,3388.5256264173195,3.0201342281879193
2,1,161400,4.029438325691412,20.01287701760068,0.018548768552315204,3.911521443122544,112.37424456464689,3371.2273369394075,1.4093959731543624
2,1,161550,3.7758837108036998,18.753555763658373,0.007465250951037548,3.4985711369078003,114.25902871085732,3427.7708613257205,2.013422818791946
2,1,161700,3.85842916756221,19.163531532225644,0.00492288235922932,3.420526275298566,116.98698878508502,3509.609663552551,3.221476510067114
2,1,161850,3.971155922878193,19.72340775029503,0.020843056181086433,3.42052627529535,118.32716215465464,3549.8148646396394,3.825503355704698
2,1,162000,4.214966713038417,20.934334674757473,0.004299157408071508,4.167733196834097,118.97573533052177,3569.2720599156532,2.013422818791946
2,1,162150,4.191083410884503,20.8157142740597,0.002717588344560797,3.841874542458213,113.98617603705807,3419.585281111743,2.4161073825503356
2,1,162300,3.838434427050611,19.064224321018038,0.007057000495027378,3.612478373636315,113.96651204147612,3418.995361244284,2.013422818791946
2,1,162450,4.12889600577465,20.506850162014093,0.003931494931989428,3.710795063055001,117.21531716360846,3516.459514908253,1.8120805369127517
2,1,162600,4.6510632422563765,23.100280769873336,0.008133361847513725,4.26380112106595,116.41688849913758,3492.5066549741273,3.0201342281879193
2,1,162750,4.19593894030185,20.839830070165856,0.008821941565238144,3.794733192202379,109.97103886964888,3299.131166089467,2.4161073825503356
2,1,162900,4.013532372169041,19.933877448439567,0.0030514698136535675,3.661966684718876,117.77222592664566,3533.1667777993694,2.4161073825503356
2,1,163050,4.092156404668959,20.32437680985582,0.010835616634930984,3.710795063055828,107.89275727505456,3236.782718251637,3.0201342281879193
2,1,163200,4.013006432625624,19.9312652820406,0.008167479768964587,3.9115214431214325,111.14997486580305,3334.499245974091,1.006711409395973
2,1,163350,4.157247954011826,20.647664838258734,0.01604834411597182,3.6249137920781798,117.34979052041986,3520.493715612596,3.4228187919463084
2,1,163500,4.377860547586266,21.743374053011788,0.010825001002373229,4.326661530557582,118.59074775537516,3557.722432661255,0.6040268456375839
2,1,163650,4.196606087249244,20.843143566671245,0.010017976871401674,3.612478373638085,107.81713507120818,3234.514052136245,3.0201342281879193
2,1,163800,4.411110100738273,21.908513500333413,0.0014434012878692451,4.002499219237583,114.3966765143887,3431.900295431661,2.013422818791946
2,1,163950,4.262228954945774,21.16907047623068,0.008824922999451056,4.024922359499774,120.06867027009453,3602.0601081028362,1.610738255033557
2,1,164100,4.069412122276706,20.21141354064097,0.005464912681627028,3.911521443121498,114.63769715145149,3439.130914543544,1.610738255033557
2,1,164250,4.299009734583126,21.35174834842953,0.0029620784289552493,3.8999999999999293,114.18268739227258,3425.480621768178,2.61744966442953
2,1,164400,3.9824191733535717,19.779348560989405,0.006108920087200215,3.6000000000001364,114.16586656150275,3424.975996845082,2.214765100671141
2,1,164550,4.8649570488665725,24.16262000937065,0.01319825309748515,4.509988913512024,119.16027169254276,3574.8081507762827,2.214765100671141
2,1,164700,4.438874385033773,22.046409445667738,0.004821712959167425,4.45982062419551,108.95447292321111,3268.634187696334,0.8053691275167785
2,1,164850,4.288489918314662,21.29949992762948,0.0033855736404300707,3.8999999999999293,118.72674540911993,3561.802362273598,2.8187919463087248
2,1,165000,3.9829663053437385,19.782065983207236,0.003197115673212056,3.7107950630560347,121.08585820734166,3632.5757462202496,2.61744966442953
2,1,165150,4.359801651647053,21.653681536513695,0.007945369707721056,4.080441152620432,114.20838327700837,3426.251498310251,1.4093959731543624
2,1,165300,3.9931505242768295,19.832647603908253,0.012453293460217535,3.758989225842076,110.6714510923192,3320.143532769576,1.610738255033557
2,1,165450,4.094418286051908,20.335610820724472,0.015252123534412165,3.7589892258428925,115.78806417497924,3473.641925249377,2.013422818791946
2,1,165600,4.041723137205887,20.073891581455907,0.004592803752018749,3.9115214431218246,118.46669911453696,3554.0009734361083,1.610738255033557
2,1,165750,4.212742767569127,20.92328907892666,0.014938855501287549,3.9115214431214325,121.3204552979988,3639.6136589399625,2.4161073825503356
2,1,165900,3.940978027204843,19.573524201784053,0.01965449232685277,3.4985711369078003,110.7341019961963,3322.0230598858893,3.0201342281879193
2,1,166050,3.866043340091582,19.201348589121523,0.012894321818783297,3.794733192201031,114.46624735892608,3433.987420767783,1.006711409395973
2,1,166200,4.098053953802266,20.353667970551257,0.007369679028713893,3.8418745424604763,112.6558014998393,3379.6740449951794,2.8187919463087248
2,1,166350,4.104021315607782,20.383305867518654,0.010590545657918142,3.661966684720552,116.23085588060412,3486.925676418123,3.4228187919463084
2,1,166500,4.104894306401109,20.38764172179217,0.005282773633773696,3.8183766184056926,114.24214275925928,3427.2642827777786,2.8187919463087248
2,1,166650,4.204799537574294,20.883837703285657,0.005825330206757473,4.0360872141221185,114.62090571087984,3438.627171326395,1.4093959731543624
2,1,166800,4.430889362505355,22.00675050044326,0.013842612712332213,3.8418745424604763,116.31017836995217,3489.3053510985646,3.4228187919463084
2,1,166950,4.304181026533655,21.377432431783827,0.011265707064884114,3.7947331922021093,117.55640478435342,3526.6921435306026,3.6241610738255035
2,1,167100,4.302565764404107,21.36940996320706,0.013177834918766928,3.710795063055828,121.04970410778839,3631.4911232336513,4.228187919463087
2,1,167250,4.518988665882693,22.444310373884043,0.005792113806769579,4.45982062419551,114.90715087630991,3447.2145262892973,1.2080536912751678
2,1,167400,4.077965330199115,20.25389447332227,0.00977539894823781,3.91152144312019,109.34815873696623,3280.444762108986,1.8120805369127517
2,1,167550,4.461633150113951,22.159444645565955,0.006317847863032975,4.036087214120154,122.65688960846664,3679.7066882540003,2.4161073825503356
2,1,167700,4.086565081739849,20.29660657264125,0.009566371486510723,3.498571136906923,117.2681526151519,3518.044578454557,3.825503355704698
2,1,167850,4.488133031143052,22.291060721343825,0.010850436211740066,4.26380112106649,116.00134097830917,3480.0402293492753,2.214765100671141
2,1,168000,4.243728858476955,21.077186663768877,0.004696781925656928,4.080441152620684,112.54072189490715,3376.2216568472145,1.2080536912751678
2,1,168150,3.9666640495301335,19.70109811266633,0.0050248442396467665,3.420526275298491,111.51507147687413,3345.452144306224,4.026845637583892
2,1,168300,4.002786292742201,19.880505253952933,0.0025648339659676703,3.841874542460343,109.27611359179704,3278.2834077539123,1.2080536912751678
2,1,168450,3.870788639633279,19.22491691017862,0.022607446277797177,3.244996147918659,118.1605247115702,3544.815741347106,3.6241610738255035
2,1,168600,4.568650733235762,22.690965308404287,0.011634920421438062,4.167733196834097,114.24987376431494,3427.4962129294486,2.214765100671141
2,1,168750,4.089568302105767,20.311522567125316,0.010041629319991816,3.9000000000002566,117.0840404280715,3512.5212128421454,1.8120805369127517
2,1,168900,4.7958226180678665,23.819252336403736,0.004693824864691127,4.509988913511173,122.41697485620313,3672.509245686095,1.610738255033557
2,1,169050,4.0135818421817095,19.934123149502483,0.006102864404597709,3.7589892258428925,115.92876467890498,3477.8629403671503,1.8120805369127517
2,1,169200,4.700184932601911,23.344251831922822,0.0018174241426387053,4.5694638635181075,113.68975442210332,3410.6926326631,1.4093959731543624
2,1,169350,4.323206348388944,21.471924863665095,0.004862305813382891,4.295346318982334,110.49291228625069,3314.7873685875206,1.2080536912751678
2,1,169500,4.314806349779569,21.430204870571853,0.0037330487731286597,3.7947331922018392,114.15616236614133,3424.6848709842407,3.0201342281879193
2,1,169650,4.279388953464942,21.254298468875874,0.0030126255386941515,3.91152144312019,109.03929932897192,3271.178979869157,3.6241610738255035
2,1,169800,4.124132251978088,20.483190184824505,0.0039056416153028036,3.6249137920781798,116.76193009270385,3502.857902781115,4.026845637583892
2,1,169950,4.023897623054802,19.98535819450552,0.008950824721726916,3.6249137920788854,112.22845231242553,3366.8535693727654,2.8187919463087248
2,1,170100,4.273466789058817,21.224885052325465,0.0037984930087561963,4.200000000000443,109.07120372728804,3272.1361118186405,1.4093959731543624
2,1,170250,4.440947084634729,22.05670385368582,0.01735314518067108,4.295346318982513,114.76075302484851,3442.8225907454557,1.2080536912751678
2,1,170400,4.529762464835479,22.497820242016214,0.008111135832090506,4.295346318982096,115.13124495633515,3453.9373486900554,2.013422818791946
2,1,170550,4.417109978967173,21.938312895536956,0.004580970136115043,4.080441152620997,115.89480849329509,3476.844254798853,2.4161073825503356
2,1,170700,4.098013302981654,20.35346607147555,0.008580479184842211,3.900000000000913,107.5181543197619,3225.5446295928573,1.4093959731543624
2,1,170850,4.1625989042868,20.674241224624446,0.007383263722536592,4.00249921923835,113.15928122282101,3394.7784366846304,1.8120805369127517
2,1,171000,4.287339192263265,21.293784654907554,0.008935141356402889,3.7107950630560347,120.34395620162832,3610.3186860488486,3.4228187919463084
2,1,171150,4.262967711957056,21.172739636053382,0.004651669066493454,3.900000000000913,118.91390406304708,3567.417121891413,3.6241610738255035
2,1,171300,4.087459225678632,20.3010474875372,0.005931513921232855,3.5114099732158994,115.09203273759657,3452.760982127898,4.228187919463087
2,1,171450,4.13359577037189,20.530192326180384,0.012813271526146036,3.710795063055828,113.45310524365763,3403.5931573097287,3.221476510067114
2,1,171600,4.534152711382639,22.51962513320044,0.0022642559471721807,4.1677331968349565,115.71311361261272,3471.393408378381,2.8187919463087248
2,1,171750,4.533758739379929,22.51766840558698,0.010452771649324542,4.26380112106595,112.3047473559716,3369.142420679148,2.4161073825503356
2,1,171900,4.651409861887353,23.10200231404052,0.006302579136055916,4.368065933568438,116.74119116900333,3502.2357350701,1.610738255033557
2,1,172050,4.739079276779574,23.53742707467189,0.003092993072770188,4.429446918070208,120.68339377607066,3620.5018132821206,1.8120805369127517
2,1,172200,4.913036624269378,24.40141523387124,0.007829452919609452,4.80936586256345,113.49233626586927,3404.770087976078,0.6040268456375839
2,1,172350,4.317340379981025,21.442790553905763,0.011385230467136069,4.242640687119647,107.75066692903137,3232.5200078709413,1.8120805369127517
2,1,172500,4.337870167616728,21.54475516582975,0.015429063835411174,4.024922359499011,118.06644711806943,3541.9934135420826,2.8187919463087248
2,1,172650,4.306636600697738,21.389628450132097,0.006807140111154575,3.8418745424604763,113.4212228045208,3402.6366841356235,3.221476510067114
2,1,172800,4.542479496763747,22.56098150059327,0.0008864862550188389,4.429446918070611,115.51252083054203,3465.3756249162616,0.8053691275167785
2,1,172950,4.295883907962339,21.336223409546285,0.002343432529751282,3.899999999999601,110.25420873560164,3307.626262068049,2.214765100671141
2,1,173100,4.350317059313302,21.606574727922734,0.016065993963657696,3.911521443122021,117.88238201819587,3536.4714605458753,3.221476510067114
2,1,173250,4.403576429567161,21.87109626685023,0.002743346710557291,4.080441152620182,114.18787052889554,3425.636115866866,2.4161073825503356
2,1,173400,4.824063542763642,23.95951559572609,0.011812402167770826,4.32666153055569,115.81136195498962,3474.340858649689,2.4161073825503356
2,1,173550,4.447689820778002,22.09019277653074,0.008589180797539696,4.080441152620432,114.58502797873341,3437.550839362002,2.61744966442953
2,1,173700,4.216856755667678,20.943721886482805,0.0017215427587367169,3.9115214431214325,116.86222503415117,3505.8667510245355,2.8187919463087248
2,1,173850,4.868832065045164,24.18186592305765,0.01006169259171756,4.5000000000001705,120.23911908388332,3607.1735725165,2.4161073825503356
2,1,174000,4.228292748212976,21.000520649457783,0.007529045857847135,3.9115214431214325,113.8411301292812,3415.233903878436,1.4093959731543624
2,1,174150,4.382738149255623,21.767599474636263,0.0032157886808609486,4.080441152620684,119.79661802613552,3593.898540784067,1.8120805369127517
2,1,174300,4.372959482853706,21.71903209817341,0.002479468137803333,3.9115214431214325,113.51538090293023,3405.461427087907,3.221476510067114
2,1,174450,3.9940738360696093,19.837233385812397,0.0022544151535789036,3.6124783736378014,107.37393198093483,3221.2179594280447,3.0201342281879193
2,1,174600,4.1784727805636965,20.753081476799693,0.015130590110832412,4.036087214120343,107.1761440588322,3215.2843217649656,1.8120805369127517
2,1,174750,4.2293615169344845,21.005828867441274,0.010538000552545577,4.1677331968349565,113.24062929655281,3397.2188788965846,1.2080536912751678
2,1,174900,4.5544229153329905,22.62030047948719,0.004193946490280958,4.5000000000001705,115.64311834712744,3469.293550413823,1.2080536912751678
2,1,175050,4.1595643526112775,20.659169617969347,0.006741988441330764,3.6249137920788854,115.83282548083294,3474.984764424988,3.6241610738255035
2,1,175200,4.807619905040032,23.877845528365494,0.0033503860264530805,4.569463863518667,116.33748499270432,3490.12454978113,2.214765100671141
2,1,175350,4.082003172346723,20.27394908932206,0.008933025429081257,3.7589892258428925,113.60858597037227,3408.2575791111685,2.214765100671141
2,1,175500,4.182883067835585,20.774985903583403,0.00531666354357455,3.9115214431218246,113.60902134010973,3408.2706402032923,1.8120805369127517
2,1,175650,3.707412452767297,18.413481848744247,0.006539553289109192,3.6000000000001364,112.35102073937534,3370.5306221812602,2.61744966442953
2,1,175800,4.309630152979027,21.4044964264625,0.005031807055714868,4.080441152620182,118.40970704821464,3552.29121144644,2.214765100671141
2,1,175950,4.701002744162577,23.348313629340794,0.015566676149621752,4.295346318982096,120.45788563252992,3613.736568975897,3.221476510067114
2,1,176100,4.466701795738292,22.184618918833515,0.011553956067369905,4.2107006542858825,112.97545817790025,3389.263745337007,1.610738255033557
2,1,176250,4.233890289363831,21.028321770507034,0.0040630934976946245,3.911521443124833,114.83139588804313,3444.941876641294,3.0201342281879193
2,1,176400,4.491488490850856,22.307726171225916,0.0051111234571725485,4.080441152621686,110.32102717563514,3309.6308152690535,2.214765100671141
2,1,176550,4.5322135155606595,22.509993793951274,0.014470459320410103,4.036087214120343,116.58378117493325,3497.5134352479968,3.221476510067114
2,1,176700,4.093371465778526,20.33041161336668,0.00935854027565822,3.794733192202379,114.11200778736816,3423.360233621045,2.4161073825503356
2,1,176850,4.501414882339193,22.357027248951326,0.018124770671651844,4.2107006542858825,113.43044745898783,3402.9134237696344,2.4161073825503356
2,1,177000,3.972275991190198,19.728970756244646,0.0059327473568355675,3.9115214431214325,110.65960429741892,3319.788128922568,0.6040268456375839
2,1,177150,4.340106662870382,21.555863092256235,0.00798142503524456,4.080441152621185,124.75514089146554,3742.6542267439672,1.8120805369127517
2,1,177300,4.579510815624176,22.744903717600074,0.006653246871614835,4.579301256743378,116.89932492608918,3506.979747782675,1.4093959731543624
2,1,177450,4.418527583535252,21.945353664891755,0.014037524330619054,4.242640687120129,114.90334964113124,3447.100489233938,2.214765100671141
2,1,177600,4.50796390370162,22.389554055051374,0.0016103720809295381,4.1677331968349565,111.61345970134224,3348.403791040267,2.214765100671141
2,1,177750,4.6064271098905385,22.878587979123008,0.010203966731319793,4.32666153055569,118.12689701218491,3543.806910365548,2.013422818791946
2,1,177900,4.686843763534855,23.277990692223113,0.003097820016456699,4.242640687119647,116.04375341511818,3481.312602453546,2.013422818791946
2,1,178050,3.7915849201725242,18.831538436856867,0.003400213030337689,3.6124783736378014,108.3210538125271,3249.6316143758127,2.013422818791946
2,1,178200,4.162324325953216,20.672877485567646,0.008720487213213253,3.841874542458878,118.15262345456058,3544.5787036368165,2.8187919463087248
2,1,178350,4.235554247187112,21.036586094362658,0.0017139431556479037,3.8418745424599434,119.40787592826106,3582.2362778478323,2.4161073825503356
2,1,178500,4.380000794715059,21.754003947084794,0.001027888007625848,3.9115214431214325,116.08286130925741,3482.485839277722,2.8187919463087248
2,1,178650,4.293482671120371,21.32429726656451,0.00806809730656864,3.900000000000913,115.97540786890147,3479.2622360670443,2.8187919463087248
2,1,178800,4.400573949892673,21.856183951133612,0.019674065745484543,3.911521443121498,116.37594421174762,3491.2783263524293,3.0201342281879193
2,1,178950,4.08770037695294,20.302245205532934,0.003447894520597959,3.6496575181789765,111.101689729412,3333.05069188236,3.4228187919463084
2,1,179100,4.289129662779907,21.30267732514021,0.007994012257711845,3.9115214431222824,115.12104834218779,3453.6314502656337,1.8120805369127517
2,1,179250,4.739095369939337,23.537507004032044,0.008758586083293142,4.3680659335676175,116.61166159870609,3498.3498479611835,3.0201342281879193
2,1,179400,4.410631722236771,21.90613755377597,0.009061128732781962,4.242640687120249,114.6811761695072,3440.4352850852156,1.4093959731543624
2,1,179550,4.3818472511277164,21.763174680600994,0.06308606358788625,4.26380112106595,105.70461555735409,3171.138466720622,1.8120805369127517
2,1,179700,4.6688195514834305,23.188470439034376,0.009956151623683133,4.024922359499774,110.16926182504884,3305.077854751465,4.228187919463087
2,1,179850,5.258706985264508,26.118244693480392,0.005980684971418644,5.091168824543335,118.41573875699656,3552.4721627098966,2.61744966442953
2,1,180000,5.269939624391768,26.17403346781245,0.017887498959783553,4.242640687118803,109.65918087001123,3289.775426100337,6.241610738255034
2,1,180150,4.32304498662561,21.471123433573865,0.02686809592702466,3.8418745424604763,117.68092188445394,3530.427656533618,3.221476510067114
2,1,180300,4.886065275203689,24.267457533511656,0.011633352355927482,4.459820624196313,113.96760857891722,3419.0282573675167,2.013422818791946
2,1,180450,4.873375754896456,24.204432915985727,0.02260260244735179,4.459820624196313,118.16378967976557,3544.913690392968,2.61744966442953
2,1,180600,4.722508412095666,23.455125113408478,0.004263460523722715,4.036087214122688,115.09342014041664,3452.8026042125,3.825503355704698
2,1,180750,5.885539713145294,29.231513908621622,0.001744356973620834,5.316013543999723,118.79462550126216,3563.838765037865,2.214765100671141
2,1,180900,5.263578163279809,26.142438210956392,0.011507426227891294,4.8836461788297125,115.77137927705775,3473.1413783117328,1.610738255033557
2,1,181050,4.944628651720424,24.55832230354477,0.006202193302727408,4.743416490252515,116.48212870753117,3494.4638612259355,2.013422818791946
2,1,181200,4.869260093275802,24.183991796603145,0.00910631947395813,4.569463863518667,115.52725561801202,3465.8176685403614,0.8053691275167785
2,1,181350,4.482915776869249,22.265148358450602,0.012583725471386708,4.080441152620182,113.59553629324286,3407.8660887972865,2.4161073825503356
2,1,181500,5.104730532455749,25.353494977863555,0.011155965389450117,4.743416490251059,119.48485819173706,3584.5457457521115,2.013422818791946
2,1,181650,5.631720530271289,27.970878633680737,0.028315975959116217,5.366563146001478,114.41233879211211,3432.3701637633644,2.013422818791946
2,1,181800,4.9310326836974525,24.490795662364015,0.021019386799280237,4.429446918069803,111.53456355991305,3346.0369067973907,3.4228187919463084
2,1,181950,4.865924922190657,24.16742711354693,0.01035277437223297,4.459820624196313,113.06007782190355,3391.8023346571063,3.221476510067114
2,1,182100,4.696121369321901,23.324069467632107,0.017261843750836996,4.368065933568438,117.23938478819157,3517.1815436457464,2.4161073825503356
2,1,182250,4.225754225357008,20.987912652606468,0.012615072793557752,4.242640687118803,114.78296157835744,3443.4888473507235,1.006711409395973
2,1,182400,4.560884811771486,22.65239456513171,0.00516709166311999,4.295346318983525,116.27196764476963,3488.15902934309,2.4161073825503356
2,1,182550,3.7604283772671154,18.67679427376001,0.009149325756959968,3.599999999996726,107.05351383020799,3211.6054149062393,2.013422818791946
2,1,182700,4.242492520342312,21.071046184366814,0.015953395163114156,3.9458839313900724,114.10397579319746,3423.119273795924,2.214765100671141
2,1,182850,4.539769263137266,22.547520673581758,0.005782633487362305,4.326661530557109,118.9744660438203,3569.233981314609,1.8120805369127517
2,1,183000,3.557285890958027,17.66785325842487,0.0113199944030886,3.3136083051532412,114.23840449936603,3427.152134980981,3.0201342281879193
2,1,183150,3.6300375841023076,18.029186667708125,0.010361832752961724,3.4985711369061923,113.40483553368776,3402.145066010633,2.61744966442953
2,1,183300,3.707606212514218,18.414444188820617,0.036384481287072654,3.000000000000682,112.74755877428257,3382.4267632284773,5.8389261744966445
2,1,183450,4.95815301814385,24.62549332344779,0.01634453493635127,4.295346318982513,117.86549111431036,3535.9647334293113,3.4228187919463084
2,1,183600,4.306243743887532,21.387677261308077,0.02998216093504159,3.9115214431214325,110.77295623157872,3323.1886869473615,3.825503355704698
2,1,183750,3.4853072798455393,17.31035948989951,0.02610488484491368,3.4205262752963224,110.69247263385657,3320.774179015697,2.4161073825503356
2,1,183900,4.3712191942062955,21.710388664557932,0.015538301090821296,4.024922359500536,113.37154604593483,3401.1463813780447,4.026845637583892
2,1,184050,4.319593875680075,21.453982915877706,0.0023305695821666805,4.024922359500536,110.98755981899525,3329.626794569857,2.4161073825503356
2,1,184200,3.678621457515329,18.270486572326135,0.00917493606308116,3.354101966250447,110.04853437467048,3301.4560312401145,2.8187919463087248
2,1,184350,3.9361063779632475,19.549328343884127,0.017481938192498596,3.6124783736378014,112.22857949737049,3366.8573849211157,2.8187919463087248
2,1,184500,3.8595176981387658,19.16893790075587,0.012312026657189112,3.6249137920757803,114.40547899608103,3432.164369882431,1.006711409395973
2,1,184650,3.90305790531904,19.3851875964179,0.012031767793515086,3.231098884281247,115.29175623227138,3458.752686968141,3.825503355704698
2,1,184800,3.9396885361302276,19.567119729446798,0.0030663685217660083,3.612478373636952,113.1414419339642,3394.243258018926,2.8187919463087248
2,1,184950,4.180547554384209,20.76338618677491,0.009486754918681617,4.024922359499393,110.44726279950437,3313.417883985131,0.8053691275167785
2,1,185100,4.025673073932514,19.994176267198156,0.008546492369715455,4.002499219237775,105.25864869653468,3157.75946089604,1.2080536912751678
2,1,185250,4.668031442523093,23.184556164531365,0.01376179558524664,4.080441152620997,110.52334156645598,3315.7002469936797,2.61744966442953
2,1,185400,3.9037702964460017,19.388725805681805,0.0023065651656658083,3.7589892258398985,116.15350192038572,3484.6050576115726,2.013422818791946
2,1,185550,3.3958684040003977,16.866146406535307,0.013057348735573165,3.354101966250447,122.75984580347526,3682.7953741042575,1.610738255033557
2,1,185700,3.6553120376876542,18.154716453848682,0.004440861287367202,3.313608305156561,113.40588824910759,3402.1766474732285,2.61744966442953
2,1,185850,3.860555873610542,19.174094172265697,0.004808333772882166,3.661966684720552,118.25260437892152,3547.578131367646,2.214765100671141
2,1,186000,4.0549069651055145,20.139371260024056,0.009538218678373471,3.6249137920781798,120.53208308720467,3615.962492616141,2.4161073825503356
2,1,186150,4.543342905915675,22.565269766047848,0.008863177886793278,4.589117562232844,114.2204266092421,3426.6127982772628,0.20134228187919462
2,1,186300,4.648925178328278,23.089661719030445,0.008090868510590418,4.3680659335676175,115.85325415133583,3475.5976245400752,2.013422818791946
2,1,186450,4.04549644681746,20.09263235252672,0.00637360414015154,3.9115214431209093,112.97043140327435,3389.1129420982297,1.2080536912751678
2,1,186600,5.071306111450023,25.187487020201782,0.007320733862732169,4.947726750740208,116.67060745100508,3500.1182235301517,1.006711409395973
2,1,186750,5.098418720992855,25.322146314264515,0.008874526185633955,4.459820624194994,110.97478917096281,3329.2436751288838,3.4228187919463084
2,1,186900,4.997712776771804,24.821973457966624,0.007945815813847738,4.743416490251059,113.9813649092005,3419.4409472760144,2.4161073825503356
2,1,187050,4.172726375795428,20.72454099978396,0.005870105910047509,3.9115214431214325,108.65815984468504,3259.7447953405513,1.610738255033557
2,1,187200,4.367969889054032,21.694250448968358,0.009624952503859188,4.024922359499774,116.78565473790567,3503.56964213717,2.4161073825503356
2,1,187350,3.805802474333092,18.90215228918769,0.00637048860604175,3.1890437438216654,112.62316701889473,3378.6950105668425,4.228187919463087
2,1,187500,4.433529260138847,22.019861992022943,0.03088454985245169,4.167733196835386,119.65541489001258,3589.662446700378,2.4161073825503356
2,1,187650,4.679704015400084,23.24252994315375,0.04260953840538672,4.26380112106649,115.48903341622706,3464.671002486812,2.61744966442953
2,1,187800,4.864306978280814,24.15939132546137,0.015972075721329693,4.459820624196313,104.83047516876573,3144.9142550629717,2.013422818791946
2,1,187950,4.304755086691782,21.380283597235852,0.01964983433644923,4.167733196835815,108.24192056746409,3247.257617023923,1.4093959731543624
2,1,188100,4.205083269126318,20.885246903327378,0.005765598383645007,4.002499219237775,111.5463696890606,3346.3910906718183,2.61744966442953
2,1,188250,5.034248238874364,25.00343291974267,0.008245079063449874,4.579301256742651,116.31316221260799,3489.3948663782394,2.214765100671141
2,1,188400,4.401756355938018,21.862056567825494,0.004116721577442322,4.295346318982811,109.06795360944025,3272.0386082832074,1.610738255033557
2,1,188550,4.698790449600571,23.33732589968283,0.0006059878361612281,4.295346318983048,113.65809517569451,3409.7428552708348,1.4093959731543624
2,1,188700,4.258206789110879,21.1490937192507,0.002364167498796111,3.899999999999601,110.49425640218374,3314.8276920655117,3.0201342281879193
2,1,188850,4.481539359502886,22.258312152197664,0.012163533585222687,4.036087214122688,115.62456057377013,3468.736817213104,3.221476510067114
2,1,189000,4.102521195190178,20.37585526944455,0.0037376458583748854,3.7589892258428925,111.36653905103628,3340.9961715310883,1.8120805369127517
2,1,189150,4.33185204252686,21.514865144550072,0.003998317074846464,4.024922359499774,118.90380094745106,3567.114028423532,2.214765100671141
2,1,189300,4.326901609925366,21.490277995962646,0.012240834148761105,4.080441152620432,114.26176785707334,3427.8530357122,2.013422818791946
2,1,189450,4.558871299146006,22.642394119091826,0.015093816847068947,4.080441152620182,111.98394035481633,3359.5182106444904,2.61744966442953
2,1,189600,4.185913300372159,20.790036058515057,0.010968479534042336,4.167733196835815,117.44091071524885,3523.2273214574657,1.4093959731543624
2,1,189750,4.611942542183748,22.905981292845944,0.0021828359746193923,4.3680659335685545,112.18943521276243,3365.683056382873,1.2080536912751678
2,1,189900,4.830458963902422,23.991279520715363,0.0008336362378147091,4.5398237851292125,117.44431200321574,3523.3293600964726,2.214765100671141
2,1,190050,4.323145864629655,21.47162446099395,0.013048780497783902,3.9115214431218246,111.35335906086624,3340.600771825986,3.0201342281879193
2,1,190200,4.766965217725712,23.675927248037706,0.002671302058871036,4.56946386351766,111.27320543829828,3338.1961631489485,1.2080536912751678
2,1,190350,4.5955993306264435,22.824810008778,0.01482502970161138,4.242640687118924,118.0188720772229,3540.566162316687,2.013422818791946
2,1,190500,4.71046610892775,23.39531500767449,0.0075621148965724855,4.26380112106649,119.2581816924976,3577.745450774927,3.0201342281879193
2,1,190650,4.177607130830476,20.748782083124695,0.006038891360438484,3.6619666847208316,120.84059511666979,3625.217853500094,3.6241610738255035
2,1,190800,4.322278647672113,21.467317283438156,0.006055717083023802,3.900000000000913,116.11005637883927,3483.3016913651772,3.0201342281879193
2,1,190950,4.477489526346671,22.238197980855134,0.00414581454182301,3.818376618408104,117.65863136565079,3529.758940969524,4.026845637583892
2,1,191100,4.753884558317172,23.610959972975287,0.007493048157806314,4.5398237851292125,107.57198564938898,3227.1595694816688,1.4093959731543624
2,1,191250,4.484247124355062,22.271760717630144,0.004835868053190811,4.368065933567852,110.69780850531431,3320.93425515943,1.610738255033557
2,1,191400,4.527908154430907,22.488610500340172,0.020599289265517712,4.1785164831552315,118.58009334099778,3557.402800229934,1.4093959731543624
2,1,191550,4.4945831341321805,22.3230962328565,0.012390142067822681,4.295346318982513,115.4551858590343,3463.655575771029,2.61744966442953
2,1,191700,4.310198909393195,21.4073212499862,0.012225959684996996,4.036087214122625,115.8438012146254,3475.3140364387614,1.610738255033557
2,1,191850,4.5577057079557415,22.636605016180177,0.00910716430902812,4.459820624194707,113.40435921207855,3402.1307763623568,0.8053691275167785
2,1,192000,4.365987235057742,21.684403267453455,0.008503387751630124,3.9115214431222824,118.34950228332703,3550.4850684998105,2.214765100671141
2,1,192150,4.736126341587757,23.52276082988586,0.008177349674547451,4.5000000000001705,114.36280905085282,3430.884271525584,1.8120805369127517
2,1,192300,4.429308331221332,21.99889804506595,0.012035332195052866,4.080441152618991,113.96585550636858,3418.975665191057,2.4161073825503356
2,1,192450,4.875504351365865,24.21500494511713,0.004972782209247831,4.837354648979384,112.94309319510403,3388.2927958531204,0.8053691275167785
2,1,192600,4.462560101228222,22.16404850276684,0.00839245376827862,4.242640687119647,114.56466493148007,3436.9399479444023,2.013422818791946
2,1,192750,4.641487564619749,23.052721570944755,0.004359518068264409,4.459820624195682,116.08936547467557,3482.6809642402673,1.2080536912751678
2,1,192900,4.674208530899979,23.2152357034699,0.0037054654007927846,4.6861498055445345,118.81531377176971,3564.4594131530916,0.8053691275167785
2,1,193050,4.8226896586910035,23.952691971498652,0.008993001393819498,4.368065933571131,119.61426978630172,3588.428093589052,2.214765100671141
2,1,193200,4.409361728196728,21.899829916710416,0.01308370780629886,4.178516483154619,112.38954955434255,3371.6864866302767,1.8120805369127517
2,1,193350,4.601431395210341,22.85377592954469,0.008359657167133588,4.459820624196658,117.99583996549218,3539.875198964766,1.006711409395973
2,1,193500,4.79208797464492,23.8007036074031,0.009441823832156665,4.743416490252515,111.24612309660002,3337.383692898,0.8053691275167785
2,1,193650,4.939020527811591,24.53046862146424,0.004557735956873294,4.569463863517324,115.95590272794023,3478.6770818382074,2.8187919463087248
2,1,193800,5.045989639478367,25.06174854274255,0.007193335431713628,4.569463863517324,115.32684822599411,3459.8054467798224,2.8187919463087248
2,1,193950,5.5365358027165374,27.498127820158807,0.009791875363941499,5.660388679233063,120.28900361525925,3608.670108457777,0.6040268456375839
2,1,194100,4.5576453483627075,22.63630523020145,0.00884640147358723,4.036087214120343,109.11424894720619,3273.427468416185,3.4228187919463084
2,1,194250,4.556105067082384,22.628655166509166,0.005589864067306005,4.242640687119647,106.62216938158221,3198.665081447466,2.214765100671141
2,1,194400,4.602488378510399,22.859025613268315,0.001237334947078362,4.26380112106331,114.9654306662593,3448.9629199877795,1.610738255033557
2,1,194550,4.938543053279962,24.528097164623812,0.008782034368164986,4.837354648978432,111.26316914748993,3337.8950744246986,1.006711409395973
2,1,194700,4.4848371951045936,22.274691402352822,0.01766908308509898,4.295346318982334,109.93500043580883,3298.0500130742653,1.8120805369127517
2,1,194850,4.438502872580013,22.0445642671474,0.008277908045609152,4.569463863517996,112.74051572179619,3382.215471653886,0.40268456375838924
2,1,195000,4.099328069306198,20.359996077554115,0.003106363722392318,3.6496575181789765,113.72135091015625,3411.6405273046876,2.8187919463087248
2,1,195150,4.649191499825347,23.090984449132563,0.009104763847528197,4.2107006542850325,116.49529755359644,3494.858926607893,2.4161073825503356
2,1,195300,4.303337568141812,21.373243255104327,0.0056919415155635,4.080441152620432,112.2228157068525,3366.6844712055754,0.8053691275167785
2,1,195450,4.914759357557941,24.409971475871103,0.014530248729293798,4.579301256742205,113.81128143314389,3414.3384429943158,1.8120805369127517
2,1,195600,4.476472205867565,22.233145289142243,0.013709037075893968,4.1677331968349565,111.5789051515969,3347.367154547906,2.214765100671141
2,1,195750,4.4334846489122315,22.01964042293075,0.006325438567416114,3.710795063055828,118.09527741542921,3542.8583224628774,4.026845637583892
2,1,195900,4.354611927165768,21.627905904923317,0.0051069951319989496,4.024922359499774,109.43451414551284,3283.035424365385,1.8120805369127517
2,1,196050,4.257017248301031,21.143185666561784,0.016143308236533847,4.08044115261968,103.59235614256717,3107.770684277015,1.4093959731543624
2,1,196200,4.491897257213601,22.309756377494217,0.008528240859516353,4.199999999999591,119.15352472449086,3574.6057417347256,2.4161073825503356
2,1,196350,4.90836296736752,24.37820273792535,0.009602594610071097,4.509988913512024,119.38249705467372,3581.474911640211,1.2080536912751678
2,1,196500,4.427680660286577,21.990813946089997,0.009060537228867566,4.242640687118924,115.67061403532531,3470.1184210597603,1.4093959731543624
2,1,196650,4.129472673566008,20.509714278711172,0.0015418438390669869,4.002499219237775,110.52738370739272,3315.821511221781,1.2080536912751678
2,1,196800,4.7446594813070355,23.565142090491612,0.012371985436061397,4.500000000000682,107.00935133625916,3210.2805400877746,1.006711409395973
2,1,196950,4.293692079835753,21.325337329850907,0.00265264467426684,3.794733192202379,116.52926209023109,3495.877862706933,3.6241610738255035
2,1,197100,4.544755982330641,22.572288045575522,0.011433034944893736,4.242640687120129,118.42655369578952,3552.7966108736864,2.4161073825503356
2,1,197250,4.7246581892853365,23.465802340117165,0.008096889134501501,4.295346318983525,110.59355135456688,3317.8065406370065,2.8187919463087248
2,1,197400,4.701287036016039,23.349725612212996,0.005297414231875907,4.499999999998636,122.28577752390417,3668.5733257171264,1.006711409395973
2,1,197550,4.686677932208085,23.277167063300155,0.010029242388633097,4.65725240887789,112.76951247242522,3383.0853741727574,1.006711409395973
2,1,197700,4.7195978548130455,23.440669345571457,0.0060331620293093535,4.499999999998636,120.70453006069368,3621.1359018208095,2.013422818791946
2,1,197850,4.6352089751486645,23.02153790990503,0.015811519451418687,4.242640687119285,110.38001550062681,3311.4004650188044,2.61744966442953
2,1,198000,4.838399192108203,24.03071598747074,0.0020806704230564442,4.326661530557582,113.59860282616992,3407.9580847850975,2.8187919463087248
2,1,198150,4.200843475588044,20.86418926208729,0.0049345939167133,3.841874542460343,105.86918969315232,3176.0756907945697,3.6241610738255035
2,1,198300,4.4409990834275614,22.056962114356885,0.016022693384026537,4.080441152620997,113.54516026274987,3406.3548078824956,1.8120805369127517
2,1,198450,4.280822826974711,21.261420040641063,0.010315262177942297,3.9115214431214325,117.49739630822842,3524.9218892468525,3.0201342281879193
2,1,198600,4.782188381190385,23.751535626578914,0.007352892659717389,4.295346318982811,117.99743605398345,3539.923081619504,2.013422818791946
2,1,198750,4.70434364031079,23.364906746876926,0.013439230584736743,4.509988913511173,111.21593931690296,3336.47817950709,1.610738255033557
2,1,198900,4.821024636148996,23.944422359540006,0.008599606193366915,4.509988913512024,115.565594940255,3466.96784820765,2.214765100671141
2,1,199050,6.0091300440778355,29.845345885586582,0.03150282611861146,5.5317266743761575,113.88449944016142,3416.5349832048423,2.8187919463087248
