track_id,label,window_start_frame,avg_speed,total_distance,straightness,median_speed,mean_turning_angle,angular_velocity,jump_frequency,trajectory_entropy,fractal_dimension,sinuosity,velocity_autocorrelation,speed_30s_mean,speed_30s_max,speed_30s_std,angle_30s_mean,angle_30s_std,jump_30s_max
0,0,0,75.51736165235604,22652.6912503184,0.00908018991910408,53.43032846614283,24.435411394858452,733.0623418457536,7.334148238693189,5.78538507652397,1.6237053174431968,110.1298550921353,0.3620432677418747,75.53282896640779,111.60112140543663,23.349521481348344,24.531466637741566,6.6098496376421085,8.642936596218021
0,0,0,103.11870516696635,30932.174259917672,0.016954888379743776,74.34978143881762,25.494615551098256,764.8384665329477,7.520835648405379,5.339214405591312,1.598166550395966,58.980040304760294,0.206558769014188,103.09602060665561,124.45609049022109,16.788937365673828,25.813732929304944,6.4572737305582635,9.377085650723027
0,0,0,120.10186689315609,36026.556672383726,0.0021060694704905666,85.8062934754781,22.506999099071205,675.2099729721363,7.460828980997889,5.791429757186935,1.6925504513344711,474.8181453706131,0.08931140162170188,120.05515700091253,163.6615462324908,19.605724442017,22.754381401022993,4.608451952998307,8.509454949944383
0,0,2250,88.1902267093842,26454.128338591618,0.008637537170743417,65.26637725506278,20.891297667569397,626.7389300270819,7.100788976552951,5.5101764320479285,1.5459011407747403,115.77374200913937,0.3284602960167769,88.22280910481268,121.31804051013061,14.908901006979088,20.943286394569625,3.151507875451241,8.70967741935484
0,0,2250,109.27341343572712,32778.38158360361,0.01590376679197524,80.773572410784,23.770240585673523,713.1072175702058,7.544171574619403,5.500036257849663,1.6185377697465066,62.8781855946594,0.2325339914682911,109.27728060257694,131.8443308696124,19.898148666821427,24.309919288300676,7.7407021964799005,9.977753058954395
0,0,2250,129.11683802559085,35081.044891553036,0.004820699077980703,94.842237426158,21.952876420035025,658.5862926010509,7.026131762973868,5.737671020730997,1.6968785725250548,207.43879338323697,0.07151347200811455,133.91566838165443,179.55925350498737,21.5791762151402,21.776263049751773,5.850399792918805,9.010011123470523
0,0,4500,86.11114217829453,25830.472282082417,0.003351582140677165,62.758107046019866,21.612000777029795,648.3600233108941,7.190798977664185,5.409746405304342,1.536769148840264,298.36654989394253,0.34849016741067546,86.13763289133888,111.60112140543663,19.29150132468795,21.591297871623762,3.007363330457046,7.608453837597331
0,0,4500,110.99146728943418,33293.74047125394,0.01415085222133681,82.92653375126694,21.2172609752,636.5178292559999,7.164129347705301,5.698338043044142,1.6668805364665962,70.66712197673785,0.22166041397586525,110.97606101791186,139.79295675727744,17.025915192661415,21.476508798179903,7.35808848006054,9.377085650723027
0,0,4500,129.65726783082667,25503.584582323605,0.0075057492083615935,98.58001825927948,20.15472207863915,604.6416623591746,6.639552618200305,5.781151588271132,1.685976018405939,133.23120347346202,0.08589634358087236,128.72389961936256,163.6615462324908,18.53883325294285,20.1444673169451,3.985724265504653,7.341490545050056
0,0,6750,88.01443898868627,26401.39788197292,0.007151845820225443,64.31834885940708,21.722763830444375,651.6829149133313,7.207467496388488,5.3644268996575155,1.5990193853662282,139.82404335003935,0.36059474508413264,88.06509374860596,121.31804051013061,16.335424456592406,21.74209588392568,3.5191331857699466,8.70967741935484
0,0,6750,102.80960125775286,30839.453390617266,0.00899987358502032,77.41453351922985,19.347714702728787,580.4314410818637,7.180797866429604,6.032478908496999,1.7210053694634624,111.11267181179436,0.24524496612064509,102.79549530255304,128.6778328068159,20.355858389375918,19.442920118765826,3.3686409603651235,8.17575083426029
0,0,9000,81.12410393858129,24334.527044776434,0.006178053144558213,57.61562288130114,22.998106594986357,689.9431978495907,7.46416268474275,5.50310621488695,1.626783985765704,161.8632887418305,0.3836896429471578,81.15794673722954,110.70859436014926,20.778709256519814,22.968272944643772,4.191157948127198,7.608453837597331
0,0,9000,104.38141084752483,31310.943873895863,0.016292294268385077,76.59934725570447,20.301554624423087,609.0466387326927,7.500833425936216,6.188757864609365,1.7210053694634624,61.3787096848897,0.1947971587487958,104.37288659821665,139.79295675727744,21.29778910062175,20.46363563178593,3.9006138611952053,7.6751946607341495
0,0,11250,69.55689993195442,20864.751416255265,0.005636055888261989,46.45255644203155,25.040922348128955,751.2276704438686,7.697521946882988,5.441508708229402,1.6115961638447136,177.42904254776184,0.40395285648082246,69.5818316323305,92.86479619029814,14.488379910720498,25.01283901684578,3.8101038003523513,8.509454949944383
0,0,11250,96.69971818427004,29006.692131341537,0.017159153693071427,68.13897563069192,21.747014330546552,652.4104299163967,7.637515279475498,5.995776351655438,1.7023200859871594,58.277932460257816,0.1627803827504301,96.72025008264838,127.75219733894798,20.29346885067614,21.78216726094678,2.6590306061407567,8.309232480533927
0,0,13500,61.97191149278633,18589.50771745281,0.017539940919015787,40.281633531921464,24.894942379628915,746.8482713888676,7.657517501944661,5.3851160913856,1.5741417243089,57.01273479865933,0.41790341597008723,61.9732633616263,103.2544101645644,19.818461825800085,24.913912356370595,4.28277633685677,8.075639599555062
0,0,13500,90.55180407869904,27162.522830140417,0.014670420083403477,60.78239876806424,26.476696643269758,794.3008992980928,7.95421713523725,5.700322016887607,1.6917453667019924,68.16437391123459,0.19972015787608843,90.57313442067809,126.53559898991483,25.21662448015788,26.102294860456357,5.343422686007285,7.942157953281424
0,0,15750,62.137989785884635,18639.325669439197,0.004634238074323846,37.17216700705222,26.92557676411339,807.7673029234016,8.180908989887765,5.603212324239337,1.6141652548173098,215.78520221922432,0.3278796308826805,62.12508826953913,96.65243015815739,16.460695071909083,26.937320554709448,2.991437688972336,9.844271412680756
0,0,15750,93.60181657076507,28077.42491067716,0.007338394860409056,64.07440986852431,26.503151136665853,795.0945340999758,7.924213801533504,5.876979174819957,1.7065426415506761,136.26958197562269,0.24174950054879712,93.61965284880071,127.75219733894798,28.56240077619539,26.162387049700364,6.958035223159254,8.375973303670746
0,0,18000,57.78724851009623,17334.248311411866,0.006029467910425847,34.49478221412574,27.06352536622735,811.9057609868205,7.947549727747528,5.360792756566186,1.5660181964036446,165.85211412616547,0.31278931536452464,57.77357600412599,93.17790864112267,17.335588623919897,27.100171991468347,4.104712920010561,8.776418242491658
0,0,18000,101.55542738986045,30463.24303604514,0.012722516084642583,72.40511031688054,25.354535343060057,760.6360602918016,7.850872319146572,5.741398082189231,1.6956712540258125,78.60080453795656,0.35948794429980935,101.57407309276483,165.3878945309521,36.579210472797925,25.262849463774522,6.501986573484345,8.476084538375973
0,0,20250,57.79271877476156,17335.889208469307,0.00851546911881457,34.76377424848848,26.205596475993325,786.1678942797997,7.890876764084899,5.581111286734257,1.6217803634217147,117.43334231469903,0.31761327938578326,57.75794910443841,96.65243015815739,15.962213043777817,26.30140810162009,2.585286057833472,9.844271412680756
0,0,20250,111.47846252545378,33439.822808885285,0.01370198248625465,85.87391920717265,24.817975009411857,744.5392502823556,7.1341260140015565,5.109903433135181,1.558129184323007,72.98213970154794,0.3643130801839517,111.43253689836055,164.7633310101286,39.114688061156485,24.80474127171809,7.677385821560549,8.375973303670746
0,0,22500,60.305347721366914,18089.594138152694,0.020091470704244236,36.235479850555855,26.543810095416916,796.3143028625075,8.07756417379709,5.664021080515715,1.645736820700568,49.77236433910009,0.3099474681783942,60.306808177816166,93.17790864112267,16.498920306730053,26.57596803464805,3.9665851268376997,8.776418242491658
0,0,22500,116.16213139974187,34844.7673488759,0.003731983116255021,92.17081967737953,22.746553358590035,682.396600757701,6.810756750750084,5.055367544654856,1.5155648368892198,267.95405253694776,0.3532605462958201,116.17076090929193,165.3878945309521,38.934434013839756,22.734974777157145,5.423192512488663,8.476084538375973
0,0,24750,51.29749968201457,15387.539987948303,0.008102381059496715,32.567621958010825,25.804513550363655,774.1354065109097,7.457495277253029,5.385169981661882,1.5399548675197743,123.42050968189291,0.376370784529426,51.3045957721143,63.9832190012971,5.96048227194564,25.876824999941682,2.512384417907099,8.342602892102336
0,0,24750,113.67716862056402,34099.361347215185,0.005673864604600659,88.41911558028505,23.17013107936021,695.1039323808063,7.0874541615735085,5.108793304957971,1.5545288386691678,176.2467153673616,0.36778320752650445,113.66224716091342,164.7633310101286,42.81024548280241,23.159134992235494,6.640364248816609,8.542825361512792
0,0,27000,54.32236177989426,16294.897788575614,0.018910912543420876,33.80961401731607,25.240489454239114,757.2146836271736,7.720857873097011,5.341310170848972,1.5546474248997741,52.87952116027848,0.3687175651750491,54.32029081828546,65.99019756335186,8.911963976489703,25.287658900637986,3.232686120206675,8.409343715239155
0,0,27000,97.92375593388599,29373.862654967998,0.0068318239700052115,71.09556948221038,25.478544097052886,764.3563229115866,7.540837870874542,5.25768611083721,1.5573669374438872,146.37379481533057,0.33515500774421797,97.96890827093621,148.30020426818743,37.29320002357836,25.448054633334344,8.326171226621083,8.509454949944383
0,0,29250,61.5883554152654,18474.45367939911,0.020011836778781527,39.02422324659402,25.359634614885074,760.7890384465522,7.820868985442828,5.452205563463738,1.5516531070045332,49.97042555635353,0.3323695178987062,61.59072046654846,95.37998538995778,14.696698665932912,25.440617284100636,2.7644801206978955,8.342602892102336
0,0,29250,80.87088607402825,24258.57012600601,0.002815001853532043,53.336760306564365,27.965785064352865,838.9735519305858,8.02089121013446,5.128641683612571,1.5462284430545705,355.23955294923826,0.3781897439548205,80.88431395756874,145.4175722182845,31.80644371694753,27.970071641491284,7.340065611355351,8.876529477196886
0,0,31500,60.97124557540309,18289.341297768417,0.02668477573627923,39.129017365631896,26.13447552369855,784.0342657109564,7.554172685853985,5.68408226351363,1.5767290131023004,37.474551402748055,0.3178502464343254,60.98238275463207,88.82250949629433,13.959100943032865,26.219101713147154,3.323447695256921,8.476084538375973
0,0,31500,87.87648327457498,26360.01576626334,0.016857284618554496,60.44013567158658,27.285207598082,818.55622794246,7.910878986554062,5.170919684335739,1.5311025216799077,59.32153502939131,0.36545455132817023,87.91025770283125,132.24496632887957,27.313035159230292,27.245825328490433,7.485374978146351,8.576195773081201
0,0,33750,61.20461211803569,18359.343481673444,0.02189936109372269,40.30508652763249,28.269852347697448,848.0955704309233,7.274141571285699,5.6059083613836975,1.596372230250126,45.663432632591444,0.26674812960931904,61.17956419195874,95.37998538995778,14.382706255236346,28.47219112263819,4.885724601727113,8.075639599555062
0,0,33750,91.33659708838695,27397.934573279803,0.011993626457160516,65.2484482574109,25.88488323489738,776.5464970469213,7.71419046560729,5.377685574144221,1.59651022246315,83.37761756811871,0.3445792411343817,91.30803537127498,150.85408185916364,28.20946033544201,25.910183507077715,6.883846574055158,9.210233592880979
0,0,36000,61.03963715796187,18309.85649281663,0.018411596451744148,41.153614665057276,29.141986074528454,874.2595822358535,7.054117124124903,5.482767162330643,1.5850351614642164,54.313595381093045,0.25309798353952484,61.05535957305034,88.82250949629433,13.850759285883996,29.26068124337893,4.1589017733569,8.476084538375973
0,0,36000,94.55565134632363,28363.543548852213,0.008271481173196078,70.03956024990559,23.992731485416815,719.7819445625045,7.370818979886654,5.3386867538027705,1.6037976012848303,120.89733133172359,0.3476710119626659,94.59298768088797,132.24496632887957,24.02631800983787,23.932959134610744,4.4828489046690105,8.576195773081201
0,0,38250,57.69956660817623,17307.946663565926,0.010233605873983124,39.37321424521829,30.030031782968518,900.9009534890556,6.930770085565063,5.458329299175796,1.6242894053021026,97.71726723835418,0.25336535831468654,57.683556771082294,78.37232045331386,9.745016625836918,30.158529856105595,4.420512042412327,7.4082313681868746
0,0,38250,100.62631506415059,30184.54030874304,0.013424980730743405,77.58176332102934,22.41743659871802,672.5230979615405,6.750750083342594,5.474078355617953,1.590427383742052,74.48800263154085,0.26251509452863087,100.61719434979794,150.85408185916364,23.798670037967746,22.41447107260258,3.92753074089718,9.210233592880979
0,0,40500,54.195928845491295,16256.972122685871,0.003943594092771948,36.1658678867238,30.239822066849534,907.194662005486,7.117457495277254,5.329822377019184,1.5856894460508935,253.5757931661524,0.2757153961932075,54.16160995464171,72.09984074638695,13.143015584373684,30.32885717739311,3.5593556726410083,7.4082313681868746
0,0,40500,97.05510896543043,29113.29751933028,0.013597528532729357,72.58016257904116,22.611713510867894,678.3514053260368,7.027447494166019,5.868733330419832,1.6895539265150226,73.54277636505724,0.23730652375174197,97.08308026359249,126.55298291743243,20.23369786895466,22.725215927533394,3.5667207183622094,8.509454949944383
0,0,42750,56.27039972283595,16879.244236860024,0.028435867173338188,36.469439260840865,29.183238465705944,875.4971539711784,7.5075008334259365,5.364926508173778,1.589450949087439,35.1668543781078,0.37635547867764735,56.27962862971383,91.32051873052647,18.862265309153646,29.227856874988497,5.513845252071157,7.4082313681868746
0,0,42750,100.96533871678929,30286.236103746225,0.0014432682238975088,77.29062038824843,21.22005291169311,636.6015873507934,6.840760084453829,5.72508853326233,1.6784271308944565,692.8719024240177,0.2160952920737938,101.0025338329806,120.23264795470705,16.98753314510977,21.335374811816987,3.1869347262351106,9.944382647385986
0,0,45000,64.0015795317965,18639.393345643537,0.017736680271287383,39.54769272663162,27.518728850896032,825.561865526881,8.199610850406318,5.4445503966718345,1.5854752972273345,56.38033638227257,0.45667782939404633,64.68549871502603,115.14084367730042,26.124496759602568,27.306713017791264,5.269247862093191,8.542825361512792
0,0,45000,100.14793188785828,29166.416030140594,0.009430061837616762,75.85730024196775,21.998643766254403,659.9593129876322,7.0974018541833575,5.749251451003885,1.640927787754883,106.04384331934855,0.24879444704282927,98.50935485747587,126.74616111668753,26.876780457650018,22.33656766507221,4.5464160550022985,8.509454949944383
0,0,47250,63.43728989541707,13717.256651719015,0.01990077972207347,37.33764856013278,26.975971309362013,809.2791392808605,8.592569754894404,5.306563982621356,1.5514915567489407,50.249287413137075,0.5082265364295693,67.6710876743322,126.80701788817514,34.46068466285481,25.81744640068092,8.064714007098594,8.109010011123472
0,0,47250,101.99654241826643,22055.052355576478,0.0021918989992553116,76.64809195276588,21.496827635118702,644.904829053561,7.320795437027902,5.551463970728104,1.57969123556807,456.2254010516661,0.26963786567218573,94.48377366384713,122.42204557560571,30.684222477713895,22.645166072351756,4.894270212355965,9.944382647385986
1,0,0,92.55835014809956,27764.419766091596,0.006832128689423868,66.57702306351587,26.51239911160171,795.3719733480514,7.697521946882988,5.325448816436045,1.5428061446401018,146.36726640527127,0.3143029195875484,92.59750447284127,138.12373884682006,24.825519132190642,26.512364702002735,5.389885160793923,9.243604004449388
1,0,0,105.92573748623987,31774.190387955754,0.008960871689444413,79.5005660357201,20.30220067474558,609.0660202423675,7.114123791532393,6.032469439424815,1.7107243988380383,111.59628601511662,0.23725581713603033,105.90916919432372,137.1441371291572,17.256179840055214,20.36553182746311,2.0992743038656547,7.708565072302559
1,0,0,100.30649796214772,30088.605838712247,0.0037223984108032153,66.76533531706458,26.626826017521644,798.8047805256493,8.187576397377487,5.419802753715884,1.657530697908016,268.64400035680785,0.2420482863118183,100.32520110560317,203.29966610895525,38.755147884689826,26.91093987918665,6.748938679817379,8.342602892102336
1,0,2250,80.1918775372838,24054.890198600566,0.0048440605237058745,56.36488268416992,26.931383180467837,807.941495414035,7.624180464496056,5.28798560026007,1.5771164586483049,206.4383785268986,0.32491715107904445,80.18345501350599,108.71237518524511,14.968010861296847,26.892740209883943,4.414526567436743,8.60956618464961
1,0,2250,108.29223544096355,32484.0608911077,0.004777535628042685,83.83805818361917,20.88053817965406,626.4161453896219,6.807423047005224,5.817175045688295,1.6999354117917225,209.31293408474096,0.26375862465756633,108.29673244279093,135.16993493845314,18.24422703202133,20.940191710128612,3.3861667924052776,8.008898776418244
1,0,2250,107.9045013853691,29317.653026404794,0.009574944444240433,74.50939538071556,24.290439532659374,728.7131859797811,7.843209422156791,5.76597604027516,1.6956712540258125,104.43924827172495,0.22190004283111753,107.49312304568282,169.7287159409816,33.96163414567881,24.230917169527252,5.674740732493747,8.442714126807564
1,0,4500,73.22490226433074,21965.029849223734,0.013934753378629863,50.030790519438085,28.186378986619452,845.5913695985836,7.827536392932549,5.478680783519472,1.636620966301005,71.76302104733232,0.36198078705758524,73.26249668159487,105.38907362831516,18.090231557617546,28.21229372888651,4.9523520079171135,9.243604004449388
1,0,4500,107.03381692915,32106.577284847364,0.0025349321638128137,83.11245394042827,22.685918772205916,680.5775631661775,6.767418602066897,5.709896217900598,1.6922108240075109,394.4878739855078,0.28494740197685453,106.99268181749858,137.1441371291572,15.469270250881388,22.672581895863456,3.6314570867167575,8.375973303670746
1,0,4500,114.9480881589049,22610.288940856597,0.016263769478541974,80.09775277746526,22.219076426646144,666.5722927993844,7.737671581087952,5.703717395576952,1.660568795830671,61.486360915246365,0.22820403326355962,116.34291420243365,203.29966610895525,43.04050474006658,22.058362821114876,5.542046826336516,7.64182424916574
1,0,6750,70.0736792835443,21019.767995753842,0.004758643732255998,46.53869357856839,27.88211195658612,836.4633586975837,7.877541949105457,5.433987926338832,1.636620966301005,210.14390995938578,0.3775448317506092,70.08532706969237,102.40894106009412,15.84912711100437,27.83931871973392,4.974701291340394,8.442714126807564
1,0,6750,102.55765265076157,30763.87720680678,0.005474228052087792,78.708131727288,23.60032441958666,708.0097325875998,6.957439715523948,5.530034079583896,1.6435921079345752,182.674157978971,0.3310625252869749,102.5913160565145,131.50403595287682,15.811954261380023,23.609599155397227,3.458217368140338,8.109010011123472
1,0,9000,69.82284164060609,20944.525064127138,0.004030327745977859,46.697002045100746,27.94970686255124,838.4912058765372,7.757528614290478,5.375233526038042,1.6191331422855955,248.11877917322448,0.3619926056793325,69.81234319538855,87.96505556370951,14.203445888135356,27.96514709997196,4.501873731889395,8.909899888765295
1,0,9000,107.47516614774955,32238.96733878661,0.012161855482715901,83.76019340951939,22.93095379144762,687.9286137434287,6.927436381820203,5.441217726099404,1.6513923591347024,82.22429557900708,0.35263405476367354,107.47132641689402,153.94780149182006,22.46551129056564,22.932296523558083,4.028781918407242,8.375973303670746
1,0,11250,70.72144623316765,21214.07648840919,0.005003379283920888,47.13438235513414,28.466305063833808,853.9891519150142,7.754194910545617,5.019004559555096,1.4897669015005472,199.86491993794084,0.38276058980579497,70.69558281360241,102.40894106009412,16.25201389656363,28.385126015693334,4.8440934432095695,8.67630700778643
1,0,11250,121.2050167947614,36357.46487120193,0.0010369428358295192,100.12721907653341,21.404410373535164,642.132311206055,6.120680075563952,5.290247246575636,1.6319515334623942,964.3733149475244,0.3377303509551717,121.23085388122975,171.43681493808145,30.58202817457444,21.41529521266558,4.95159318235689,8.109010011123472
1,0,13500,75.94987376162325,22782.43046602825,0.014289486106676658,52.2732245035655,26.954794790714164,808.6438437214249,7.374152683631515,5.006911286071378,1.4831590096015475,69.98152295573158,0.32403413080194715,75.86959721724837,92.82429673924764,12.395625371476973,26.955094675169555,3.843921694224508,8.909899888765295
1,0,13500,124.90756472165744,37468.10583100651,0.012379550194382076,103.59691115086355,19.775349631114562,593.2604889334369,5.887320813423714,5.641478229902156,1.6784271308944565,80.77837920587832,0.2591856749295782,124.89908199771067,181.10734220005546,27.208148978623143,19.775979256811247,3.359851845624441,7.508342602892102
1,0,15750,71.70756880625932,21509.88038958425,0.007403686729534171,49.03233626903768,29.02991961174479,870.8975883523439,7.314146016224026,4.942373772140551,1.4764486656930116,135.06784343141953,0.28514251536913643,71.70872413405269,86.89642415367533,10.718104484536154,29.01260832682712,5.49083574007733,8.67630700778643
1,0,15750,127.04272516449355,38108.58279184258,0.002259421575560504,105.7703171972174,19.27594466033243,578.278339809973,5.813979331036783,5.617588888726565,1.650493006060819,442.5911528936011,0.21980412349332185,127.07508727625137,171.43681493808145,25.699113090757916,19.47390989960806,3.467638271014584,8.242491657397109
1,0,18000,64.3112744281044,19291.238619283715,0.0007478960488792364,42.52175913576684,31.87664582064834,956.2993746194504,7.40415601733526,4.780094843467464,1.4553170679817105,1337.0842131049567,0.2836546762711885,64.26122574076899,92.82429673924764,18.606120822479422,31.807470089775467,7.841719086410725,8.442714126807564
1,0,18000,123.22403602504494,36963.10333964598,0.006504245005915976,100.2561220075869,20.844785705865583,625.3435711759674,6.254028225358374,5.619579360448087,1.652555394388306,153.74574590754867,0.21969724733396717,123.25418492603089,181.10734220005546,26.940519492336737,20.921991401926068,4.013818439935345,7.374860956618465
1,0,20250,60.74167937890279,18220.47909102487,0.005728527027955249,39.56816902511438,33.626085453111095,1008.7825635933328,7.547505278364263,4.719737175392067,1.4067216080036544,174.56494402836776,0.26023934036480323,60.76356711567651,84.08067579237675,16.395075757526023,33.569535140227956,7.036510137632212,8.476084538375973
1,0,20250,112.62944916586463,33785.080434787196,0.0027197266109828,87.79293821259246,22.647291454535583,679.4187436360676,6.7840871207912,5.770323208489826,1.684823355037187,367.6840149895214,0.21332742722372344,112.6057762167707,142.18489539207349,16.919569867355264,22.626025171612362,4.445963611555274,9.744160177975528
1,0,22500,58.73195927360468,17617.630050105618,0.0022703329608120613,38.14249598544956,35.76226359899788,1072.8679079699364,7.790865651739082,4.972342371844009,1.4720477419556697,440.4640276386227,0.27719439344641866,58.73122245012528,77.28655232003484,13.860866071831051,35.77376546306455,5.672924983248133,8.976640711902114
1,0,22500,111.69803516228747,33505.6872808475,0.011316817519408941,87.33298345985746,22.905716850572617,687.1715055171786,6.897433048116458,5.466209264216237,1.6621597100788976,88.36406509912764,0.244750949843471,111.69868510101017,146.8297676759275,20.879820650522156,22.90162075765192,3.2899387467952073,8.67630700778643
1,0,24750,61.74507492668397,18521.464308840965,0.0014224508442044323,40.747024431236845,35.01989850035172,1050.5969550105517,7.634181575730637,5.0700986906823315,1.4997968920887486,703.0119909410954,0.29831595428401814,61.75227082956626,79.04136030415984,15.463350316093821,34.968851474281216,5.3822411896619045,8.476084538375973
1,0,24750,107.1441868488399,32139.68458175701,0.01336987948876967,80.72731879605729,23.36837640555238,701.0512921665714,7.2641404600511175,5.481849888553004,1.635810170744085,74.79498980076615,0.24869417356135884,107.09015376613176,142.18489539207349,23.450789864406662,23.303301911457226,4.898322334900762,9.744160177975528
1,0,27000,67.96087883416482,20385.998287621638,0.004933099591025731,47.092356067623456,32.814583749774634,984.4375124932392,7.417490832314702,5.053560663502858,1.479970134951417,202.71230725185336,0.28902969904992704,67.94387983443818,77.28655232003484,6.06271768645299,32.82562121578852,4.392019827801778,8.976640711902114
1,0,27000,103.33613925689949,30997.397239094615,0.009491441865669184,77.33485630684254,21.741444646230413,652.2433393869125,7.060784531614624,5.833309826351442,1.6959079907493895,105.35807037042798,0.23051894182579727,103.2755655348031,129.15762901987236,18.23480224277866,21.83323361295949,3.6557588705803585,8.67630700778643
1,0,29250,67.94605129380345,20381.550519764573,0.002394801686718462,46.8710998377455,31.62981746591761,948.8945239775283,7.417490832314702,5.085777244475848,1.5517328784498103,417.57111060426695,0.3113775877811135,67.9559194416884,79.56534441844123,8.911225663594795,31.597626620103803,4.41530155205146,7.575083426028922
1,0,29250,93.78850699367771,28133.425814536855,0.01709092538482106,67.38323233564957,21.637951373052577,649.1385411915772,7.520835648405379,5.943819922533596,1.7001932585512634,58.51058251580272,0.2598896551068931,93.68820082674628,135.72652998446088,23.10976711485647,21.74291962184746,4.237328284773822,8.008898776418244
1,0,31500,68.23496436747334,20468.214811429752,0.012186820658435224,46.23505163834262,31.51328377247021,945.3985131741063,7.374152683631515,5.082757262839206,1.5668534163490382,82.05585591413791,0.14234359735301877,68.23153101523442,82.36967019303655,7.200792422758733,31.499099965113736,4.5080989917250545,8.309232480533927
1,0,31500,94.24312809976662,28269.796992326657,0.014773252105345741,69.37009442115489,21.672487178011263,650.174615340338,7.180797866429604,5.956594197386973,1.7020518390519077,67.68990286425473,0.2552305382626757,94.20268192429084,147.91163214120542,26.576480659851573,21.800629020708648,3.957362616344981,8.042269187986653
1,0,33750,68.88266756412193,20662.504180317777,0.009113473698464263,46.56189429136356,30.751446068673065,922.5433820601918,7.514168240915658,5.431162532149898,1.6094490108144306,109.7276442646137,0.15160053926969688,68.88681163891331,90.9464612455198,12.606517110690845,30.75623453883935,4.335945990096219,8.542825361512792
1,0,33750,94.21091994130313,28260.135618392895,0.001062277513483528,69.66204131375915,22.38538612809426,671.5615838428279,7.4008223135904,5.699338393703756,1.6688055993685262,941.3735933472776,0.32159337635868823,94.09429499294583,145.8681215822639,31.0991611240171,22.393028027088825,5.48330287973969,8.17575083426029
1,0,36000,72.10178796413776,21628.13299630919,0.010582977132439188,48.25805632223473,28.648861153886397,859.465834616592,7.657517501944661,5.690378860877924,1.6677266943414157,94.49136925135902,0.16200271579971426,72.102372022037,88.67269676668305,9.77341067737846,28.603685731973144,4.276922280109306,8.442714126807564
1,0,36000,79.8873671665108,23963.54723771436,0.013106333616225773,53.94163512538308,26.571672372027756,797.1501711608325,8.154239359928882,5.512773389234304,1.5551544499836016,76.29898866315976,0.3802763315608837,79.87379934614171,147.91163214120542,29.444135889505844,26.631750190702128,6.180772389106839,8.876529477196886
1,0,38250,71.48687472149274,21443.679520623773,0.011923624463787955,47.979370566943324,29.156878111497562,874.7063433449268,7.677519724413824,5.356513702773082,1.5573669374438872,83.8671163316993,0.1561219033196737,71.4743837187153,90.9464612455198,10.37840353962979,29.125431631924055,4.588962214589355,8.542825361512792
1,0,38250,75.00870047394484,22500.109852167658,0.021119110590999687,48.246865183137025,29.950309414402216,898.5092824320664,8.427603067007446,5.289919518231201,1.5060051429658345,47.35047887983357,0.4066593774967185,74.98742300771289,145.8681215822639,34.593889980487624,29.981893248976256,8.214823249951872,8.309232480533927
1,0,40500,70.92248898759405,21274.38261331196,0.001806610769653963,48.23940298137933,26.928461414653793,807.8538424396138,7.607511945771753,5.640990078658787,1.6084720018331988,553.522660662285,0.3389040773745384,70.92097823286572,88.67269676668305,11.161460549538877,26.876094475418437,3.1539749518005853,8.576195773081201
1,0,40500,62.913196073713856,18871.861715578365,0.0015316400509044607,38.74183785005546,32.62255226391795,978.6765679175387,8.274252694743861,5.398631672008456,1.578502552256264,652.89491444774,0.4318925248478253,62.928567785888546,113.10039258058207,19.37568769416412,32.615232317627886,5.353808259222586,8.876529477196886
1,0,42750,69.44895207278276,20832.370656765735,0.009554561768924597,46.24478348959995,26.3378611319622,790.1358339588661,7.767529725525059,5.708446991851802,1.6110715226864931,104.66204774063164,0.3462223815827142,69.45405060470225,79.81882172380571,9.994324889993763,26.294330907098878,4.119495424294131,8.275862068965518
1,0,42750,63.98288203838992,19192.731848782365,0.012978985986190981,40.305086527634415,32.74913129580598,982.4739388741793,7.970885653961552,5.41216985425569,1.515588010716661,77.04762152173923,0.36912089359698297,63.99906508733777,105.50156391583434,18.292037547285634,32.75617440633289,6.225352984428585,8.309232480533927
1,0,45000,58.03649645622554,16902.16231793476,0.012409534766175019,35.529424425397366,30.25389263936071,907.6167791808214,8.045095570561978,5.750603758095537,1.6059185518765435,80.58319822961657,0.3952864002815561,57.128145502157054,97.78966284906197,21.740827864926462,30.52210522151433,7.321379682937315,8.576195773081201
1,0,45000,67.24583904027635,19584.229856496484,0.003456693805687095,43.26661530556617,32.340312570480535,970.209377114416,7.8905802907176374,5.531202453472918,1.5602238526635643,289.29377498080936,0.3708821401720582,67.29769962217085,106.45025261462168,16.33323007276958,32.347528231104775,5.080171036249192,8.571428571428571
1,0,47250,56.28942402524284,12171.649788391675,0.00971062518409754,33.4994029797566,30.573778488360194,917.213354650806,8.190226607060275,5.661324749691689,1.574036347270957,102.97998131342099,0.41683378375625435,53.63860850101836,79.81882172380571,21.872030468124798,31.31782627834445,8.287174120319328,8.242491657397109
1,0,47250,73.25399837473748,15839.956248564067,0.005463135351723771,48.60462940914296,30.513011396837523,915.3903419051258,7.783258825342994,5.603509309350288,1.5573857538888445,183.04507130405844,0.34608541531930404,71.44741837363406,105.50156391583434,15.857530894772777,30.439700345689698,5.055052674870809,7.975528364849834
2,0,0,78.10347801952337,23428.439956589697,0.0026708358251009076,54.140650162330445,24.47666347510268,734.2999042530803,7.454161573508168,5.213159954971547,1.515561965136259,374.4146272870287,0.2828472928579949,78.11801023575177,125.38544823971296,20.783318423194984,24.492573561955204,3.9328264847802323,8.375973303670746
2,0,0,96.32105605357236,28893.10611420326,0.01732744004215927,67.39925815615491,24.65246916721093,739.5740750163279,7.757528614290478,5.588700534613544,1.6164364375255686,57.71192960800368,0.1665677631861091,96.31965158596363,119.79024937344364,13.584680082084054,24.94466804611222,4.072244958523257,9.443826473859845
2,0,0,112.5730751089996,33768.170096862916,0.008338649653378213,79.65437841073096,20.990396907714796,629.711907231444,7.620846760751196,5.804005583239767,1.6543274482582102,119.92349379912764,0.2064131945359241,112.47426900431533,154.6453051716034,22.61314137542702,21.02591624899091,3.5154541463341773,8.17575083426029
2,0,2250,65.96661744789778,19787.78634712107,0.01032457730609612,45.18063744570284,24.834842955509355,745.0452886652806,7.257473052561396,5.221309332827787,1.518539571228625,96.85626542885709,0.2595622255966585,65.96517010261007,101.98057483846583,17.077490469879525,24.855389684212003,3.7048708063255518,8.309232480533927
2,0,2250,95.65768387921823,28694.116574302832,0.009524900293804662,68.50583916718378,24.25922711535673,727.776813460702,7.530836759639961,5.6312566503433015,1.6383636799547987,104.987975637964,0.18259144253150475,95.68124457888193,113.90692815495854,8.840762507232224,24.482321025764637,3.604630252349466,9.14349276974416
2,0,2250,104.5994196643757,28419.66232281088,0.0013203718217984811,74.06598409526401,21.882061722587704,656.4618516776311,7.589252852410747,5.854541786684272,1.6640363994666207,757.3624213200021,0.2331847297269171,102.71173578588116,124.3656468458705,14.702402122850497,23.117996475405153,5.1108511138158965,8.943270300333705
2,0,4500,59.93234353373839,17977.705315337058,0.01604531660088934,39.78253385595311,27.986206210348975,839.5861863104693,7.3308145349483285,5.142269369644667,1.5446721732076787,62.32348197757427,0.3023456543678814,59.93773305895822,82.88756297967092,17.992568008547913,27.927624738466484,6.502850061748214,8.375973303670746
2,0,4500,93.11720110572396,27932.056425013663,0.014491481375093821,68.54261448179506,23.825572565933697,714.767176978011,7.334148238693189,5.803592612765307,1.6872080292326237,69.00605770495467,0.2627842487211305,93.13289037100986,110.62426698043575,12.11115339319084,23.87658045067873,3.380911061745681,7.942157953281424
2,0,4500,99.12712424249261,19498.3053384983,0.026632451592720312,70.43614129124353,22.384476634213843,671.5342990264154,7.42755465175394,5.882484945181551,1.6662965012722433,37.54817676166692,0.1821551430688425,98.36390967758281,115.92865153652768,13.391193807139448,22.61282427219536,3.981064472596209,8.14238042269188
2,0,6750,53.71967830307595,16114.112834979349,0.008617871006093432,33.68827689271014,31.401123078755578,942.0336923626674,7.5941771307923105,5.084746495031366,1.5118779052846791,116.03794014704219,0.3099903842243182,53.732484618390764,78.06186799080574,14.058168476964985,31.27884803025637,6.505744540094261,8.576195773081201
2,0,6750,90.58773770238551,27173.301719458905,0.01325699694763505,66.25315086846707,25.609383351210194,768.2815005363059,7.354150461162352,5.944050911770631,1.7023200859871594,75.43186469379044,0.272339124436223,90.60750816114935,113.90692815495854,17.749073372876424,25.522830716031258,5.8836138313106074,8.60956618464961
2,0,9000,58.77728910858047,17631.22748960385,0.009258125802152503,36.91950703896252,31.63283885484818,948.9851656454455,7.797533059228804,5.178412210653492,1.5121451974322488,108.01322226227487,0.3445855134815905,58.76259721833425,97.66401067465343,20.248085996352255,31.608241209080983,5.359308554381557,7.775305895439377
2,0,9000,87.21330715803394,26161.085037171582,0.018916504719821117,62.6080665729251,26.1762985868967,785.288957606901,7.307478608734304,5.775934837305423,1.6732907018083176,52.86388869462648,0.2646287971290176,87.21521862991412,109.86918095131698,15.864621831008582,26.12574199982155,5.287226259942193,8.242491657397109
2,0,11250,66.79026751155136,20034.853911215025,0.005191776695568944,43.657988959639546,31.62833690195736,948.8501070587209,7.784198244249362,5.1902187404006455,1.565844899681199,192.61229028850101,0.35096810640944326,66.78676146925565,98.97739499893015,19.740305412416284,31.58675170136032,6.713565343522998,8.576195773081201
2,0,11250,79.50245142045141,23848.085344421404,0.0030025134416556873,54.09408470433711,28.040049255333507,841.2014776600053,7.58750972330259,5.458199819104646,1.6669691388990018,333.05429581976034,0.2601927921886209,79.5339923419264,110.26263958742531,18.07833229670851,27.870476022414245,5.4569536822325775,8.60956618464961
2,0,13500,70.17958981971603,21051.53762625415,0.016651848601850247,46.24672961410423,30.694389480796854,920.8316844239058,7.8175352816979675,4.999720120632373,1.4764486656930116,60.05339250375399,0.3229013711450341,70.13898858638973,97.66401067465343,16.609742812565717,30.713297479554466,3.9978617133256873,7.908787541713015
2,0,13500,76.3101530497731,22890.502243163606,0.009235316378214772,52.020380621445604,27.7457387173172,832.372161519516,7.480831203467052,5.507399781174023,1.671549165894995,108.27999378114478,0.2501161113440565,76.34390875525187,107.3267704305913,17.337699223237447,27.659561153984754,4.89596783721553,8.242491657397109
2,0,15750,72.11521932052341,21632.161955513002,0.004803019351741097,48.373546489790876,28.466965718060788,854.0089715418237,7.614179353261474,5.277561429793922,1.5185502571700211,208.2023674623546,0.2940181374819455,72.13580107771881,98.97739499893015,15.309129088999095,28.486179758090703,3.968175113907721,7.908787541713015
2,0,15750,70.46142068594695,21136.077491761214,0.019001486603961355,45.545691343969295,29.14375137960376,874.3125413881128,7.887543060340039,5.4143159938486205,1.614195684698008,52.627461253032905,0.2877213520901808,70.44426151608407,97.39335927455252,16.146523512834648,29.0374826289028,4.707085828256585,8.60956618464961
2,0,18000,70.91753340358889,21272.89610329655,0.014906712485586891,48.466483264210794,28.22868697614088,846.8606092842264,7.514168240915658,5.316249453413241,1.5183140714126493,67.08387251494165,0.2973916065201673,70.89254395615089,88.8830720312196,13.221597616585134,28.272164597129965,3.904841562719914,7.908787541713015
2,0,18000,79.04832450993452,23711.86240883002,0.015945903895122755,48.701745348602685,28.92579161826128,867.7737485478383,8.810978997666409,5.446561857437897,1.5958559378764727,62.712029783765466,0.3909298057263576,79.04497528777543,136.79954832075634,28.3230963142853,28.86906238232256,4.9181415269868,9.67741935483871
2,0,20250,66.12652294645369,19835.75266650455,0.006322754387612754,44.09897958002988,29.492324470971095,884.7697341291329,7.6408489832203585,5.528996860000425,1.554627841343938,158.15891915067164,0.272478478950158,66.16027202535605,86.75449599306025,15.065777178785279,29.524028858642474,4.120328718467012,7.908787541713015
2,0,20250,80.99694464208874,24296.383494471876,0.0084647341584675,51.299999999999386,29.232553827389836,876.976614821695,8.724302700300035,5.291448479012267,1.5801758872564369,118.13720091843327,0.40414045713653235,80.99750017782348,120.45530383068495,25.106833224901163,29.148958756310282,5.318756085050765,8.743047830923249
2,0,22500,60.20262013377359,18058.779286127618,0.0029648329312877463,39.1795865215535,31.52171950328794,945.6515850986382,7.454161573508168,5.542117007059683,1.5522201437458263,337.28713326374844,0.26491548051216307,60.19433185143431,88.8830720312196,16.298084486891693,31.64015565271641,7.70618954189937,8.476084538375973
2,0,22500,84.28909972998245,25283.920282337072,0.011751766750042197,54.19381883572944,29.06294756417744,871.8884269253232,8.560951216801868,5.441335987133802,1.5631985870029697,85.09358816166167,0.35454129826525155,84.27710932984427,136.79954832075634,26.915219589629956,28.923020527785564,5.760784178239027,9.67741935483871
2,0,24750,58.75050106886002,17623.191970622374,0.002572576542497349,37.55875397294207,32.470962739011036,974.1288821703313,7.610845649516613,5.515011134088493,1.5632752057783266,388.7153534523183,0.28740162537211966,58.76310631652647,86.75449599306025,16.06160330332349,32.57208993432393,6.190786831126529,8.14238042269188
2,0,24750,86.39173275049794,25914.640100724362,0.02182654554234322,57.067065808571755,28.011147300775843,840.3344190232754,8.247583064784976,5.606070625026861,1.5658448214380403,45.81577043696689,0.32340315982090817,86.40105768420236,120.45530383068495,22.741211307245333,27.92437988441544,4.476234946206516,8.743047830923249
2,0,27000,56.58435095335588,16973.419140974984,0.009206784187864794,36.14595413044125,34.09253845817732,1022.7761537453198,7.477497499722192,5.5145260583227245,1.548798572212035,108.61555778814412,0.2465233582170317,56.585110247251734,86.86420905112674,14.868508228074205,34.09350539931405,7.352799577184266,8.476084538375973
2,0,27000,73.378078439118,22010.97759578743,0.012782643912128022,47.95497888644756,29.737600772986735,892.128023189602,7.947549727747528,5.796610303737842,1.636620966301005,78.23107698800963,0.28868286833316714,73.39363000697455,108.01843427907964,16.360635667295718,29.577141096725494,4.726546305548346,8.67630700778643
2,0,29250,63.03406109177402,18908.117192162477,0.011435075862735178,41.885200250207724,31.103243667295118,933.0973100188535,7.450827869763308,5.46948373767977,1.4934521760397117,87.45022875264144,0.2825655811353486,63.04131132521481,88.18374576533928,16.980850551074628,31.222237793782636,8.096534823678342,8.14238042269188
2,0,29250,84.36525175742445,25306.763352168753,0.019029673815111538,54.86638315033892,27.801583308863155,834.0474992658944,8.190910101122348,5.740450940291507,1.6631223050413846,52.54950818998779,0.3394319814866299,84.41526036905934,152.93815721134428,29.841442232002667,27.726031890987695,4.903782521593144,8.60956618464961
2,0,31500,62.92066970522988,18874.103555912123,0.01736019131242413,41.64276647870551,27.62196501519105,828.6589504557314,7.580842315812869,5.319882391640817,1.5279316357071737,57.60305183297907,0.32819500163589266,62.92063957143481,86.86420905112674,17.91267170436627,27.607975638509778,5.6433671049321585,7.908787541713015
2,0,31500,91.86270627508185,27555.749792315386,0.009774297336862395,61.46486801417444,26.69684911291025,800.9054733873077,8.154239359928882,5.626602181913278,1.6268889261553976,102.30914464087766,0.4023633683640691,91.88720404704571,146.19503993592707,33.222500746904245,26.6530906076804,5.87070428060965,8.67630700778643
2,0,33750,66.58126895634962,19972.16131127301,0.0034558479113074654,44.02749141161533,27.192187243723406,815.7656173117023,7.670852316924103,5.539047784424997,1.5427452726239066,289.3645859610951,0.3101833540424271,66.60289985492939,88.18374576533928,19.19165711652792,27.163686434474634,5.880071191344223,7.875417130144606
2,0,33750,99.84038725135754,29948.788162498888,0.01004919036334832,70.47957150834583,24.88018924894602,746.4056774683806,7.730858984331593,5.658706985513724,1.6537639185603064,99.51050421407352,0.3245768022780114,99.88928834536206,152.93815721134428,31.124054773722474,24.842742604777822,5.509787848908376,8.60956618464961
2,0,36000,72.8602164696654,21855.636267017297,0.004274170224154436,48.98183336707516,24.660895876643615,739.8268762993084,7.854206022891433,5.605219518848175,1.5427452726239066,233.96354088771255,0.3373815157448845,72.86915719399798,108.50997379250964,22.666440933938638,24.655286210059025,3.687449067649855,7.8086763070077865
2,0,36000,98.14016220673474,29438.7773232802,0.010105000654626519,67.84047464456627,25.731824302585814,771.9547290775744,7.887543060340039,5.4147484346588595,1.5768723864410759,98.96090402944759,0.3183684121113643,98.16841699276497,146.19503993592707,31.777371423596968,25.717345552545805,6.103402769403501,8.542825361512792
2,0,38250,71.5060660005079,21449.43626461902,0.013593367251308715,46.79326874668972,27.462810941521788,823.8843282456537,7.990887876430715,5.58093233765163,1.5600060971598877,73.56528971169553,0.34286870518379114,71.53683998954652,111.95900312454869,23.681706143182353,27.38897751607003,4.631840598226038,7.875417130144606
2,0,38250,89.80085398645551,26937.262834137102,0.013574589949878578,61.99556435746037,25.8461795368549,775.3853861056471,7.767529725525059,5.505652831973194,1.6054734105856991,73.66705025288405,0.28553394135859567,89.80429200267737,144.14545370836322,26.52905371467242,25.887575242294197,6.0455290716743555,7.908787541713015
2,0,40500,75.77788347099165,22730.83911184846,0.0014789017353595347,51.590406084852084,29.83465937270603,895.039781181181,7.7941993554839435,4.9143670845167415,1.4728101957842576,676.177447149246,0.29921749169943224,75.75878874878705,108.50997379250964,19.386970770783268,29.88591446082011,6.022368681888938,8.442714126807564
2,0,40500,81.37175152012419,24408.81306431992,0.011541121736600199,54.538976888092684,26.77288855370226,803.1866566110677,7.784198244249362,5.603679440341594,1.626087235610903,86.64669022844754,0.22866508224506057,81.38288311209075,105.44026167587775,17.68901899286894,26.692731949215833,5.328460731277561,8.342602892102336
2,0,42750,72.08225232469671,21622.272955664856,0.016102587676111578,49.0717841534208,31.86958000176661,956.0874000529984,7.677519724413824,5.014642436374994,1.5375767927882855,62.101819913299686,0.32374589002018594,72.07278334619306,111.95900312454869,22.22104601412903,31.766832715162497,6.651148436989018,7.6751946607341495
2,0,42750,70.87312335569494,21259.57456926329,0.006315565316510298,45.735981458806094,29.696998555993364,890.909956679801,7.8175352816979675,5.492487752615825,1.618471640084929,158.33895302860324,0.2840575176472142,70.85657390366666,88.26522389698084,16.425759070583627,29.510261368506804,5.726327401200833,8.409343715239155
2,0,45000,64.24775415250699,18711.08760101512,0.020408867431017996,43.49896550493901,34.20998153476607,1026.2994460429818,7.437335469840906,5.110653149495627,1.5446721732076787,48.998309356459956,0.3072910880597342,64.22016706750755,90.37771001280599,14.538335589775453,34.22623056193726,3.8450880367582565,8.442714126807564
2,0,45000,83.90069846357422,24434.6800825416,0.018090255566523345,56.004464107783136,27.258506097302305,817.7551829190692,8.055396589218267,5.4055221619513185,1.5920726957855806,55.278378811327315,0.32650717102867177,86.39988874484563,168.764286885988,31.336463516942537,26.773050334662877,6.62144623738437,8.275862068965518
2,0,47250,59.511234630043866,12868.312634836486,0.03380660894578811,40.38427911948056,34.506385754007965,1035.191572620239,7.302296901495299,5.107000781184274,1.5446721732076787,29.58001500841414,0.29114583893763435,59.988144158176,77.26449762758611,13.924013682576605,34.158285309512436,4.49797584509669,7.441601779755284
2,0,47250,82.00644198721118,17732.526305701296,0.019625339620677553,52.68481754737408,28.595910227551737,857.8773068265522,8.347464159087407,5.2671369227557046,1.5491827788414745,50.95453221845827,0.35428886356985595,93.64862340738034,199.84200412898267,46.87794696111591,26.72771948239196,8.52898433523741,8.409343715239155
0,1,54000,45.240244968640155,13570.565482426424,0.009032781248468548,29.455050500721136,57.400328436353114,1722.0098530905937,7.5508389821091235,5.245382469902123,1.4905541858776763,110.70787307835488,0.4032872576411335,45.25620398539978,68.36391917578425,12.00358045693521,57.34884697323056,6.178153930154482,8.442714126807564
0,1,56250,48.0846216334645,14423.783669318234,0.04041448620072304,31.812733299734003,56.87682571947527,1706.3047715842583,7.674186020668964,5.105077196494596,1.4831335287135072,24.743602950520977,0.2883105900243432,48.06964245698559,68.73071929368612,14.50049161550724,56.79872055211251,8.735018092040134,9.276974416017799
0,1,58500,49.03423002288578,14708.634532531638,0.029261205352638726,33.78298388242295,59.060676406257194,1771.820292187716,7.534170463384821,4.647324051611821,1.3776961696580776,34.17494214433725,0.2245521492694495,49.043968261967926,68.36391917578425,11.743951131992482,60.32805948101876,9.093296154888664,10.74527252502781
0,1,60750,44.951077781460555,13483.824965178785,0.03241965496738631,30.050956723537915,59.93520014006642,1798.0560042019927,7.890876764084899,4.960994128957703,1.4401883399468762,30.8454855860121,0.22758404350162822,44.9506539234163,68.73071929368612,12.419075594452817,61.636965419502836,12.062692609020795,12.24694104560623
0,1,63000,39.668522893691915,11899.234584011117,0.02183155832286641,24.181191037663808,65.98369177531453,1979.5107532594363,8.69763307034115,4.839695232343331,1.4248708661096954,45.805250601492716,0.2502858113846962,39.6615592588495,61.69970447016397,13.659568260010651,66.3653378140867,10.824385259039943,10.74527252502781
0,1,65250,30.18336393739876,9054.00306908838,0.06130296493050212,18.15929514050541,71.16648096763629,2134.9944290290887,8.587620846760752,4.3095780289734975,1.2773614393420276,16.31242471116493,0.30561489815439125,30.183867779619977,45.529632041475445,10.395488524434322,72.01024190191329,10.691375244785334,12.24694104560623
0,1,67500,27.68430030671544,8304.367282004408,0.045650721030793595,17.015581094982675,69.08083763566518,2072.4251290699553,7.907545282809202,4.929263193798519,1.3446949467969262,21.90545904686702,0.5465949359972643,27.6823076342276,44.178665381518655,7.995258024644687,69.04717468259528,10.04424724573221,8.743047830923249
0,1,69750,28.442174507735377,8531.704279837022,0.05194807960028932,15.967780058604706,70.34178487565356,2110.2535462696073,8.290921213468163,5.247808517101574,1.438022719676993,19.249989753123245,0.6096446315009861,28.442292765971853,62.08594836326143,12.875684943406759,70.33618618881934,11.975543836211578,9.944382647385986
0,1,72000,45.57633406141584,13671.381007289372,0.022117362225563257,23.91359446005595,59.210296144551556,1776.3088843365467,8.754306034003779,5.206655479330036,1.4521076368753896,45.21334821944543,0.5885865005581904,45.58171481365228,93.30827502435206,26.799815128864097,59.148855100071216,16.150536397648192,9.610678531701891
0,1,74250,59.0880324899599,17724.44014590497,0.012352855427877688,33.9119447982564,51.31096951166507,1539.3290853499523,8.62762529169908,5.104491518412906,1.4764221091276537,80.952942891505,0.5313173698518342,59.09234026953467,93.61629159151155,26.897825668163062,51.28254163054011,15.43782007168531,9.944382647385986
0,1,76500,69.40865224636366,20820.282052167553,0.011206831148317269,41.65573189850298,45.73858827631636,1372.1576482894907,8.837648627625292,5.182581892851402,1.5486394697638106,89.2312899842479,0.4698328780042492,69.43094190403596,98.2923401460826,21.32783334749079,45.71385763303056,12.25723864652275,9.610678531701891
0,1,78750,68.90477023367652,20669.134244428493,0.010175380330102821,42.309573384756106,44.55795104560165,1336.7385313680495,8.397599733303702,5.360489566783579,1.6016504482545473,98.27642481741958,0.4409307175342084,68.89587972857457,93.61629159151155,20.6510027514008,44.60739054190756,9.481007625464432,9.577308120133482
0,1,81000,54.841756850708,16450.69899665071,0.021104129432368425,33.19036004625501,49.6217544339541,1488.6526330186232,7.687520835648406,4.849735017385185,1.3938998740341193,47.384091497574474,0.44412635081643126,54.86569608580079,98.2923401460826,21.884055332097084,49.601410015734,8.833260446050605,9.577308120133482
0,1,83250,43.332384748054565,12998.271011591434,0.016289003777293518,27.24059470716417,53.88733311305315,1616.6199933915948,7.430825647294144,4.73567688287214,1.4366545151390815,61.39110860751203,0.41434838565458265,43.30998990970636,78.75971062287616,17.717117891931807,53.815895287757144,7.783590220883898,9.577308120133482
0,1,85500,32.11360100876926,9633.009849263817,0.007072684660831986,22.401785643113243,57.50245933624045,1725.0737800872134,7.240804533837093,4.574814303664545,1.4134627972888467,141.3890266503648,0.269936314301509,32.11646377231191,43.120019811272975,5.031386162758063,57.48735293354041,2.8192966702848405,8.743047830923249
0,1,87750,26.982225448202623,8093.768226945846,0.01394159465993282,18.11215061774784,61.337551281560366,1840.1265384468106,7.857539726636293,4.739140878625764,1.3906921158330776,71.72780620813276,0.2659489936539363,26.975418402091275,33.02654856292963,5.4652091842148085,61.353471179617074,7.845475571447865,8.075639599555062
0,1,90000,25.962954204389558,7788.020829510055,0.006067400732826457,16.335544068073272,64.49063115609964,1934.7189346829894,8.220913434826093,4.918569860772799,1.4370779829416505,164.81522220704827,0.40664325918766653,25.96571748108091,33.36690659810213,4.996981324283448,64.49020431766311,6.962160132574332,8.776418242491658
0,1,92250,26.886059724718113,8064.92171542461,0.021936885129103162,15.976232346832393,64.39279461371572,1931.7838384114716,8.277586398488722,4.678458087946095,1.3548219857354205,45.585323263297894,0.4542743625661909,26.89128029281797,40.915810287333954,7.417425370772207,64.40881524488437,10.907590084574956,9.443826473859845
0,1,94500,26.99928006765057,8098.884044292916,0.02810664538863266,15.178932768807627,68.6424198622423,2059.2725958672695,8.600955661740194,4.360113554206613,1.336971682210822,35.57877456284541,0.4349857559265918,26.999187433815404,43.15022824641531,7.207004253816812,68.70429801118331,9.41085176428274,9.377085650723027
0,1,96750,29.045480919306947,8712.676093094775,0.030405398512976224,16.991762710209223,68.21001631579539,2046.3004894738617,8.374263807089678,4.385553288169793,1.3277626430439473,32.888896344286564,0.41940958493439845,29.055356605025274,40.915810287333954,6.144367553043546,68.24374144006876,11.060277275581115,9.6440489432703
0,1,99000,29.95511933858447,8985.537297597386,0.015259213754067911,17.194475857088356,68.07976884478995,2042.393065343699,8.39426602955884,4.277752990107831,1.415903036033902,65.53417601437117,0.45684946072634963,29.948822340789,43.15022824641531,6.089067206071678,68.17803619900351,10.74479632447315,9.377085650723027
0,1,101250,26.918199116284356,8074.5624615814295,0.02822693998136736,14.894629904767738,73.52655313060544,2205.796593918163,8.694299366596288,3.9480520267257897,1.2066117672665782,35.427148697666176,0.4367084359187493,26.919609884666716,42.65836034299969,6.568445594775787,73.40844454090991,11.924075278349962,10.077864293659623
0,1,103500,25.20131495462772,7559.554442556494,0.036682324580225564,13.483323032545659,75.94454527987394,2278.3363583962177,8.370930103344817,3.9819337132653354,1.283286071937738,27.261085862019566,0.4775080753081138,25.213409096370867,36.95692273868773,6.7999259395144875,76.0453407836033,14.937165181686888,9.310344827586208
0,1,105750,23.524951680846975,7056.701339198064,0.061335621943047314,12.149074038790483,79.53423708360955,2386.027112508287,7.997555283920437,4.226189793182865,1.3234557708547587,16.303739463643847,0.48821789836122814,23.518916676464546,42.65836034299969,7.025625761665701,79.29118252858392,11.861927675146902,10.077864293659623
0,1,108000,19.249345967176264,5774.162145287307,0.027779454803323504,10.204410811016638,87.2291804640959,2616.875413922877,7.347483053672631,4.11766811771531,1.2188781995673619,35.99782670610084,0.4472795877397574,19.2564819316833,30.10648933468342,6.88090610997408,87.10938647701656,15.2735919695045,9.310344827586208
0,1,110315,16.91090332692762,5072.707301300721,0.026516635990805424,9.319334740205692,91.95858504095897,2758.7575512287685,6.804089343260363,4.047822481620649,1.2795213401137002,37.712174362794265,0.5299983220069578,16.89759617683319,23.622396221035476,5.183111789710848,92.07067131676926,10.861331875158445,8.17575083426029
0,1,112565,14.68539005588192,4405.127503762715,0.03010034614600683,8.23771813064696,94.61533132818772,2838.459939845632,6.747416379597734,4.220696818666285,1.221167648851691,33.22220931112654,0.5542838373444227,14.691408401080656,28.147007643273863,6.230157363303669,94.55034885783209,12.314731773733067,8.14238042269188
0,1,114815,12.861861487402638,3858.1297175045447,0.02236345590373313,7.55380698720861,94.40074105810484,2832.0222317431453,6.534059339926659,4.386852168217964,1.2417347659966045,44.715807981765025,0.5936639813830872,12.853638682091063,19.485428879797063,3.5990878359619134,94.51215887986913,13.525569636031957,8.17575083426029
0,1,117065,13.476456567876328,4042.487755143969,0.03441659970478244,7.874642849045166,92.25779199956273,2767.733759986882,6.540726747416381,4.784274258543336,1.351169398132909,29.055746604190034,0.5595270999085614,13.480684483971066,23.081648651770692,4.687073743323457,92.27183517171584,15.907085480354453,7.775305895439377
0,1,119315,15.297571640903337,4588.761573216305,0.03184715601645447,8.538149682454138,87.40326932374886,2622.0980797124657,6.930770085565063,4.86843641670875,1.424547006567332,31.39997805403189,0.5469337105585027,15.27510044389808,25.89500270029882,5.131886812713212,87.40003065336381,12.9653677559194,7.608453837597331
0,1,121565,16.544503668376905,4962.799617057459,0.03293165010610638,9.674709297959772,81.67092593789607,2450.127778136882,6.84742749194355,4.7870336907743285,1.3606342924968382,30.365924476240384,0.5133862056802039,16.553245546325172,23.081648651770692,5.00701571841255,81.74760932097634,16.004107435377797,8.409343715239155
0,1,123815,18.614181444732846,5583.6339607050295,0.04531455651088509,10.478549517942046,78.73711671152334,2362.1135013457006,7.124124902766975,4.666707209687054,1.3969206622964234,22.067963961200597,0.4142836711942011,18.58733556530131,25.89500270029882,4.521509405568121,78.84431603844386,12.844872185135689,8.14238042269188
0,1,126065,18.07299842425756,5421.29709399646,0.02128890420789433,9.931767214348246,82.62020905326744,2478.6062715980233,6.930770085565063,4.586166591903897,1.4627618634569959,46.97282632467203,0.032500931358782695,18.077546128189603,28.53111773765606,5.99588348647787,82.74904779197861,16.707965061559037,8.476084538375973
0,1,128315,15.74251308960073,4722.229176443898,0.044695972450307875,9.004998611884217,88.74278588654471,2662.283576596342,6.530725636181798,3.948466912011746,1.2697716095188682,22.373380534717775,0.022314212171780787,15.7522604384619,23.6574575402099,6.004011504204408,88.85333372294565,19.725338422954092,8.14238042269188
0,1,130565,14.36826641502217,4310.000982292817,0.04335214629977977,7.874642849044808,96.6565640025486,2899.6969200764584,5.907323035892878,3.7323801728174937,1.1401558707545245,23.066908685097328,0.17420978328086661,14.369305827970923,28.53111773765606,6.853035693205466,96.4338394273291,15.669831698575685,8.476084538375973
0,1,132815,10.808670725080733,3242.2409285000504,0.032998041347160216,6.801470429252687,106.22651903726816,3186.795571118045,4.87054117124125,3.1320195683756498,0.9101319154423279,30.304828989071474,0.1721560013993855,10.811497359604052,23.6574575402099,5.093889538069234,105.99267893762048,6.471089288625564,6.807563959955506
0,1,135065,9.034872022005107,2710.1604442007983,0.02016225822794267,6.2425956140059125,105.79917399794506,3173.975219938352,5.063895988443161,3.7777265002199116,1.070664105730941,49.597618912256074,0.4979521067991217,9.037028320164422,16.999113948505904,3.0395724694542277,105.68556951147602,2.9910519620450158,5.472747497219133
0,1,137315,8.228283781206356,2468.210858235867,0.020849937183918373,5.770615218499657,107.51530122249223,3225.459036674767,4.793865985109457,3.4875019427482536,1.2938944261221668,47.96177519284343,0.4983554548794689,8.231693203310035,16.986574938606537,3.1722284742833016,107.3757833059655,6.455813143924387,6.140155728587319
0,1,139565,6.737031102079627,2020.884762920486,0.015383422006288675,5.40000000000191,109.58569525672111,3287.5708577016335,4.263807089676631,4.492328099877749,1.4278487101856547,65.0050424145684,0.40287898087323587,6.736890928467775,9.01109170876764,1.238760762166821,109.61264314549267,3.5519510643321666,4.9054505005561735
0,1,141815,6.628227919174455,1988.2474348216972,0.013499798068721827,5.316013543999483,109.83786770419015,3295.1360311257044,4.297144127125237,4.594272017603373,1.4997968920887486,74.0751820811999,0.3865070748739781,6.629743706942025,10.054730528439729,1.402212621141221,109.74234058970721,5.764722200727829,5.139043381535039
0,1,144065,6.275062985469817,1882.3097268747629,0.011418657545160995,5.239274758974062,111.52186115073893,3345.655834522168,3.8737637515279477,4.309062540882035,1.3924812503605783,87.57596907035544,0.36492059990503717,6.275242576783288,7.721157698620963,0.8745451018091248,111.47315534635209,2.809115139441993,5.239154616240267
0,1,146315,6.48004645011752,1943.7979334869187,0.012965265905608446,5.3413481444293875,108.55286675993996,3256.5860027981985,3.7070785642849207,4.3003004746048505,1.3791441551927337,77.12915471848713,0.4247913247282894,6.479594398428851,8.253243382854654,1.0278041275251586,108.52560675691106,4.817247120341748,4.838709677419355
0,1,148565,6.416247316377227,1924.660320002622,0.013070100789420036,5.366563145999953,109.17212104502576,3275.163631350773,3.6370707856428495,4.021384911253199,1.3440572591385984,76.51050409722,0.413473630826638,6.406601033683691,8.56005037077225,0.9373114791942618,109.07030959398699,4.079673897307176,5.239154616240267
0,1,150815,6.3093608178041505,1892.5979333139849,0.014326673459625553,5.341348144427951,109.30986243347171,3279.295873004152,3.5203911545727307,3.770905238841507,1.2860308429358887,69.79987383799396,0.3918025084658642,6.308543622332905,8.253243382854654,0.9576341067665028,109.31145383956714,4.768069191373482,4.838709677419355
0,1,153065,6.393502122834278,1917.8375201128556,0.01221195554337802,5.408326913195794,108.95870707013415,3268.761212104024,3.553728192021336,4.039277700834816,1.3728885968669968,81.88696695200909,0.35411408013113144,6.392343416315204,8.56005037077225,0.868069862933332,108.90868263468693,4.191928297126858,4.6384872080088995
0,1,155315,6.152180803813089,1845.449168450466,0.004606845842940469,5.4083269131981595,112.14421712448824,3364.3265137346466,3.2003555950661187,3.6118369239888932,1.2804014681135563,217.06825756550984,0.25166166368226367,6.148964268097233,6.964686148979198,0.563614993385698,112.15916014144254,3.054490932241289,3.7708565072302562
0,1,157565,6.283008656477311,1884.6931633213105,0.0008956767396056641,5.636488268416284,112.40581466112958,3372.1744398338874,2.7836426269585512,2.7271299267695515,1.2510457064357527,1116.4742320318219,0.224833148889829,6.284354339115326,6.776005645971836,0.3879528433823146,112.39465737050826,3.173934621720704,3.8042269187986655
0,1,159815,6.10191327373025,1830.3705850099504,0.006084958294517865,5.53172667437551,113.2547495401106,3397.642486203318,2.610290032225803,2.8737978093154357,1.2462853956939441,164.33966374115204,0.1991928978084228,6.099303372153954,6.67912892564479,0.4382308004026967,113.30221113371894,3.119746601900685,3.5372636262513906
0,1,162065,6.08753201401283,1826.0566864700486,0.010319412328050176,5.515432893254182,113.71575594973602,3411.4726784920804,2.6736304033781533,2.259486810398683,1.1633014578306353,96.90474304256696,0.24644762329049086,6.088193147307615,6.634970482109766,0.3551344960083425,113.66184624060693,2.2943640185766725,3.8375973303670747
0,1,164315,6.536683751340371,1960.7872359437338,0.009635073497438912,5.7706152185003665,113.53666324327514,3406.099897298254,3.0436715190576735,2.832432833235162,1.1398569275594985,103.78748021650368,0.301653482608427,6.536454142417718,8.8252134105107,1.0827162775449874,113.54098735816936,2.113455141336277,3.937708565072303
0,1,166565,6.823230833199749,2046.7418089321513,0.010470121794382357,6.037383539250042,113.49785081161373,3404.935524348412,3.133681520168908,3.2376062107984,1.1298878221828321,95.50987272531447,0.3062896244277922,6.824131405172176,8.783926819751843,1.0687526123622548,113.43912587229875,2.4239730915629303,3.8375973303670747
0,1,168815,6.969687106543759,2090.6738090595763,0.009813210822436446,6.1846584384256635,113.25626689020551,3397.6880067061657,3.140348927658629,2.4466736969243246,1.1177022623336261,101.90344608857774,0.29075338758264196,6.969122083282073,8.8252134105107,0.9792837782563238,113.24549896990996,2.0310169209142686,3.937708565072303
0,1,171065,6.828145807265564,2048.2161373194267,0.0029441993108851924,6.1188234163114625,113.81740900919571,3414.5222702758715,3.1136792976997447,4.116968891678653,1.4550746785383246,339.6509184357304,0.2769205420690051,6.829440597121126,8.783926819751843,1.0814984031203136,113.78095294394362,1.282146951606865,3.6040044493882095
0,1,173315,6.437688181812918,1931.091864937815,0.0026609055570634395,5.824946351686536,113.76211785921201,3412.86353577636,3.0903433714857207,3.562861594271836,1.4213322597608007,375.81191010161007,0.24036027013890626,6.437315634653906,7.965624414332401,0.6900958738460746,113.77797600093854,0.7186748570576763,3.3370411568409346
0,1,175565,6.120596706423471,1835.9749920368272,0.0006576309007006598,5.604462507679466,114.00829903640218,3420.2489710920654,2.9769974441604625,3.602125105699244,1.3911119733297874,1520.6098115745015,0.20854933373863996,6.12118109399506,6.62131366574121,0.4434235443776025,113.97333966032404,1.2338327350173641,3.6040044493882095
0,1,177815,6.112481768623096,1833.540781194641,0.00014022006234088233,5.531726674375696,114.31014373688427,3429.304312106528,3.0903433714857207,3.7069418767588824,1.3843911360804975,7131.647093188046,0.20619855241032603,6.1131721456753,6.7261918106294045,0.35074992686322903,114.35547574465788,0.6766696865436198,3.5706340378198
0,1,180065,6.1356384795727505,1840.4870225891727,6.565135111139105e-05,5.53172667437551,114.42808339416743,3432.8425018250236,3.14701633514835,4.538821041449214,1.5902731012411941,15231.978977908526,0.1836006434027343,6.1328618148518315,6.62131366574121,0.2672029492650896,114.42606176568836,1.0075459726247749,3.5706340378198
0,1,182315,6.0444856045094095,1813.144198499339,0.00028637005256373715,5.507267925206125,114.59853712384536,3437.9561137153614,2.983664851650184,4.597502849100202,1.6260837274363718,3491.9852514167164,0.15326844276576448,6.0430145013847065,6.665596196335118,0.22779203542382614,114.57859699977641,0.5612224406393824,3.5706340378198
0,1,184565,6.1917667430210255,1857.3236306815406,8.147608580669894e-05,5.636488268415513,114.03447712081521,3421.034313624456,3.140348927658629,4.826616417063352,1.658468405229987,12273.540022191155,0.14187557637465018,6.1875197635304815,6.668909346933042,0.2772325263405886,113.9764969129507,0.8663114877374626,3.7374860956618465
0,1,186815,6.26081644636072,1878.0362400266704,0.00022951912857599465,5.692099788303838,114.08947536222789,3422.6842608668367,3.5237248583175913,4.918905342996317,1.661989576418501,4356.935329113086,0.1293029684128373,6.260032171943867,6.731790450090905,0.3207114921275428,114.07363846155945,1.5802307132810323,5.072302558398221
0,1,189065,6.442137049473381,1932.4263769403651,0.0002060210880469109,5.824946351684427,114.24096403979347,3427.228921193804,3.740415601733526,5.000534034260908,1.6293835066189983,4853.872045235974,0.12089714814104698,6.440654682899776,6.894933664943718,0.25669926636578144,114.2531836303439,1.4045880556466888,4.972191323692993
0,1,191315,6.510444286840107,1722.2295286787696,0.0003761202434642945,5.916924876996082,114.48504305660465,3434.5512916981393,3.6932963709677424,5.023139494019243,1.6337017442942166,2658.724217525216,0.1258572170665945,6.511034868853799,6.887877513918617,0.2528109803840157,114.55285964863995,1.9443647005687514,5.072302558398221
0,1,193565,6.495107773889653,1231.0394267445524,0.0003365992819561948,5.824946351684757,115.36338710654589,3460.9016131963767,4.004572634540978,5.049185304366457,1.6175671261246285,2970.891661409249,0.1277601645696515,6.551991738109879,7.08247424464244,0.31449996010142955,115.4236201514748,1.3110387229568836,4.972191323692993
1,1,54000,69.26501895879537,20777.196853673326,0.004142176502421073,53.564913889598245,48.50737544975814,1455.221263492744,6.640737859762196,4.686016986243079,1.4797642764092136,241.41897367615962,0.16609215684925527,69.26350313285526,83.17535437420241,9.227945012713244,48.905996556914666,9.63834466080567,7.942157953281424
1,1,56250,61.851900135954914,18553.508310781945,0.016486531438298896,45.59703937757362,52.82139784147578,1584.6419352442736,7.3308145349483285,4.7869890300999165,1.519671630206639,60.65557232232358,0.19928979151230253,61.861938922883475,80.58901567046945,10.807110872816889,52.6462936170537,8.908999995756428,8.275862068965518
1,1,58500,59.70417340494999,17909.2618823715,0.02161369278167186,43.536191840812336,53.51525630433512,1605.457689130054,7.21746860762307,4.586728420726948,1.4905541858776763,46.266966505972896,0.2242977199263958,59.66738065086865,78.58599772020759,13.460353163341928,53.619586474518584,8.440240514516507,8.542825361512792
1,1,60750,43.99120240317947,13195.894347540401,0.02861264390194236,25.201785651018383,63.57616390335579,1907.284917100674,9.054339371041227,4.284282951318946,1.4292305771393419,34.9495839471205,0.3832908255005051,43.97213558501751,71.39907214282569,21.223644947029992,62.30520687161529,22.630337265154733,8.275862068965518
1,1,63000,34.44808238460293,10333.276445968057,0.02307984513818836,15.48709139896948,71.85368118363546,2155.610435509064,10.374486054006002,3.8478331396405023,1.475026363329885,43.3278470463123,0.49235598635754835,34.43562564769505,60.476204842816955,17.81948231219746,71.45429074062021,21.87647419839796,12.480533926585096
1,1,65250,26.61980770285275,7985.054983932398,0.04352816457635377,9.314504817756221,79.54686778048583,2386.4060334145747,10.571174574952774,3.5569572569585706,1.451575418178804,22.97363120482318,0.5317556763766462,26.610215967850074,71.02491708009771,22.66898018249092,78.79168682219031,25.899290123480604,8.743047830923249
1,1,67500,16.703031843485615,5010.352785317567,0.027820513980481246,7.08025423272327,90.45486970155049,2713.646091046515,7.887543060340039,3.9113756457401716,1.4248524079365508,35.94469896212542,0.5247870945743025,16.696273539126643,45.450956557344135,12.427830235734659,90.09777285331816,15.153012881927106,12.480533926585096
1,1,69750,16.571085947734424,4970.773414788735,0.0458964384780603,7.782673062644058,90.50040784346491,2715.0122353039474,7.21746860762307,4.275263371848707,1.4117838673018908,21.78818298674801,0.5297277567078561,16.57245883328365,71.02491708009771,18.247207565616698,89.82035105862978,18.595676111457106,8.743047830923249
1,1,72000,10.538723254016059,3161.265685429683,0.08334979100313147,7.589466384403139,95.5040449394551,2865.121348183653,5.700633403711524,3.89439256864883,1.0789103217501383,11.997630563493912,0.44996159434184474,10.538806412541167,14.626745065104823,2.1355370486090965,95.53187300419697,7.643602543365362,8.075639599555062
1,1,74250,11.00707902373087,3301.756804485137,0.056170319511836334,7.874642849044808,96.03503049732707,2881.050914919812,5.657295255028337,3.830726752079081,1.0768371598262225,17.802996470213735,0.4974290346104996,11.007776785852423,15.896719491360086,2.5365997832916167,96.00196462048073,7.64041635499754,7.1412680756396
1,1,76500,10.1128807652266,3033.5271335424727,0.03442050305752737,7.1999999999998465,99.22018008551392,2976.6054025654175,5.393932659184355,4.114643201641614,1.2554807708991635,29.052451625378307,0.5355583498827988,10.113619876122428,18.491849735704637,3.2713238756166585,99.17308492830601,10.658786341393698,6.173526140155729
1,1,78750,9.76177001508311,2928.2056121910973,0.02095231715696902,6.4761099434767875,100.30388780621993,3009.1166341865974,5.650627847538616,4.467452956283255,1.4059494686788105,47.72741804680952,0.6023835239993865,9.759558295287594,15.896719491360086,3.1384354330699376,100.21387911640957,9.109784661459638,7.1412680756396
1,1,81000,9.26860652045792,2780.273002586694,0.030124839311729233,5.7706152185003665,102.22606643431625,3066.7819930294872,5.867318590954551,4.610169304470078,1.4416445693671653,33.19519781174885,0.6523703581791207,9.269977029723359,18.491849735704637,3.575273950007352,102.13478739831075,10.232311119388582,6.173526140155729
1,1,83250,8.031558192292094,2409.199739081219,0.01913622037203035,5.100000000000352,102.75896709478413,3082.769012843524,5.007223024780532,4.846876503056348,1.4963257356633048,52.25692328781956,0.7014950343597868,8.024163827809002,11.623782393020921,1.6136653920608066,102.62003271099645,7.050315535629368,7.074527252502781
1,1,85500,8.199881982369527,2459.691265311446,0.025227770254036098,4.88364617882898,101.12976404253,3033.8929212759,5.077230803422603,5.010833802904739,1.502345340756152,39.638857890741,0.7339510188111659,8.200701054504403,12.76860900067648,2.047282474545053,100.96064645806499,7.992135499062625,6.740823136818688
1,1,87750,8.630337193466806,2588.8134801335927,0.028932946006203625,4.992995093128143,100.62691973974728,3018.8075921924183,5.277253028114235,4.767275367885761,1.3995201831497182,34.56267466802676,0.7110194375700001,8.625628219483989,12.43130458375772,2.197287517493821,100.48342741607254,7.914004668747812,7.074527252502781
1,1,90000,13.96473203814581,4188.954120375804,0.0672246399965722,5.135172830587094,97.17054841286736,2915.116452386021,6.077341926880765,3.5117400941475374,1.1483302792965744,14.875498032432606,0.005170364785977689,13.974001044274539,62.025163973823844,16.191048765915127,96.91096820293762,11.21336031698466,8.2091212458287
1,1,92250,15.718970167888918,4715.167084694413,0.049417687412664425,5.9169248769966005,97.85175640088028,2935.5526920264083,6.987443049227693,4.045092417087034,1.3071614534723468,20.2356697036318,0.006051909335697597,15.712296865437997,48.48511721429556,12.112767689430758,97.78161146492292,9.319372784617661,7.4082313681868746
1,1,94500,18.067905870048126,5419.769497485437,0.00449630282159867,7.523961722389301,97.02124670337884,2910.637401101365,7.347483053672631,4.563366345456282,1.2826469531963258,222.40494906089265,0.0065920625173506225,18.069924417415148,62.025163973823844,15.390663908791376,96.9155275200043,9.308962880676875,8.2091212458287
1,1,96750,20.641733191386876,6191.831899643017,0.04149881204171915,9.178235124465688,94.27493002991086,2828.2479008973264,7.250805645071675,4.944131794084952,1.356899848993947,24.09707533301653,0.007811682661389063,20.636670537049632,48.48511721429556,10.583394485852859,94.40456706104112,10.369998753542868,7.842046718576197
1,1,99000,16.093023151856315,4827.3705114518325,0.012612227185881019,9.024965373894975,96.69028636681409,2900.7085910044225,6.820757861984665,4.467739625146691,1.302323455684599,79.28813723871606,0.5668998323821285,16.083777548995684,21.26274759402333,4.786062384541635,96.47910020766751,11.15874775868742,9.076751946607342
1,1,101250,14.89326551251083,4467.483211569499,0.028691621738315073,7.94292137692371,98.22390494564813,2946.7171483694433,6.980775641737972,4.249347924738018,1.3050263619644595,34.853380165143825,0.5743482280532813,14.897223457439697,24.011875682203616,6.0738681209584575,98.11157198884891,12.643118881341568,7.842046718576197
1,1,103500,13.375705067152234,4012.2656633100987,0.024101500152522538,6.661080993353171,99.80605473081275,2994.1816419243823,6.8240915657295265,3.9881489219109105,1.3167443512689052,41.491193231610396,0.5837263246952014,13.373056211672965,21.26274759402333,6.427010497688462,99.48449166772846,13.706152676502333,9.076751946607342
1,1,105750,11.440813528938447,3431.8626982305686,0.04949929896856776,6.413267497927422,104.34554378082198,3130.3663134246594,6.267363040337816,3.6388897973149983,1.394039007386368,20.202306312156132,0.6181799937819716,11.44687132709284,18.037351759760316,4.6020215623190115,104.2938092751821,10.708613002085151,7.8086763070077865
1,1,108000,11.381549068798668,3414.0853356706402,0.014466589208707997,6.661080993353517,105.08422369798302,3152.5267109394904,6.114012668074231,3.900065216225219,1.4120213193216524,69.12479407364809,0.5994694975275813,11.382846121782897,20.57184993306573,4.731330058515832,105.00978129201235,8.561581312777383,8.275862068965518
1,1,110250,13.387445632322375,4015.787441508968,0.05728480005587961,7.782673062644254,102.46795025048985,3074.038507514696,6.267363040337816,4.213061572833722,1.3703983656877892,17.456637694895154,0.5697665695945497,13.392803467888807,26.420250293705116,5.902940755022109,102.52657028493783,10.731364560156738,7.741935483870968
1,1,112500,16.58289971030599,4974.317149768121,0.07264318782582388,9.895453501483725,94.37465352014117,2831.239605604235,6.874097121902434,4.134508059712329,1.329869539581111,13.76591570289693,0.5500815259149968,16.587232215652957,27.31319638309061,6.231601229532164,94.38154827711107,16.16333478221781,7.708565072302559
1,1,114750,18.71137349645055,5612.788336485283,0.018189393073484553,11.399999999999864,85.55439270761615,2566.6317812284847,7.434159351039005,4.545802601830849,1.289059678826787,54.97709549516208,0.5077361181865402,18.711073492904667,28.55672607400896,6.8107964761856685,85.4292079721944,17.54057718199453,7.741935483870968
1,1,117000,21.468574557617305,6439.856748133271,0.014598893426559787,13.25443322062634,79.8388811422559,2395.166434267677,7.394154906100678,5.0522160553541555,1.360119043720278,68.49834235933928,0.4521243118170558,21.475771827216665,27.31319638309061,2.613965233627256,79.77366997288728,11.358248726456647,8.476084538375973
1,1,119250,21.04089914085162,6311.568378950791,0.05461355746189623,13.483323032546568,78.80926109664283,2364.277832899284,7.234137126347372,4.655517091497742,1.2631518131801764,18.3104717303519,0.44712911992786725,21.0459114938207,28.55672607400896,3.506624030929129,78.72754726946991,10.593562222682051,7.875417130144606
1,1,121500,20.443610989776037,6132.40184323315,0.07141015899545461,13.069812546475582,77.80875433869723,2334.2626301609166,7.124124902766975,4.7359981212924955,1.2338358351724128,14.003609767395307,0.4378115468864678,20.448460518185676,26.633960181624285,3.5606181433004926,77.78584747258665,12.420844699779751,8.476084538375973
1,1,123750,19.238591502182576,5770.936164271367,0.04873073142452045,11.649892703367975,80.7649462259044,2422.9483867771323,7.234137126347372,4.738183387265799,1.318898697206218,20.520931469065072,0.46373302286733203,19.247784179489123,25.91512357194776,3.4381731245883795,80.78498463735613,10.102056219035513,7.875417130144606
1,1,126000,19.368626501661353,5809.942329615017,0.04193916434669546,11.795761950802138,79.13441310239276,2374.032393071783,6.990776752972553,4.780321396005556,1.351169398132909,23.844061167584844,0.1380703231547513,19.375039852482804,26.633960181624285,4.171484265256098,79.08667728509366,11.743749376221636,7.608453837597331
1,1,128250,20.544522776951663,6162.6720156596,0.06533174748844209,11.943617542436474,76.10319236017769,2283.0957708053306,7.1341260140015565,4.647434569589702,1.2903515272941162,15.306493985591171,0.1574586507471667,20.542443069275382,26.00944830860535,3.7979142327697835,76.20782723266537,7.439307535566367,8.943270300333705
1,1,130500,21.473703260446346,6441.3951880252225,0.014171084180388812,11.356495938449012,74.83149730785733,2244.94491923572,7.6841871319035455,5.080110140706973,1.383185847943005,70.5662310145534,0.18620150662901655,21.476616801993426,27.614902924397533,4.502861946631241,74.73278078050143,9.723659417591712,9.276974416017799
1,1,132750,20.128225859837375,6037.796817089217,0.014933442828548013,10.74150827397965,81.38708432000391,2441.6125296001173,7.190798977664185,4.772527702214921,1.3357552004618087,66.96379471774029,0.18284543321047123,20.124841974675657,26.442767808522568,6.036089243636957,81.14044434345654,17.748664570975006,9.243604004449388
1,1,135000,17.444648340530332,5232.813013881082,0.019795100145733897,9.794896630388584,88.30345193146618,2649.103557943985,6.330703411490166,4.228480429907661,1.2983706192659354,50.51755195163855,0.48727460911918125,17.44172879134395,27.614902924397533,7.369385096646946,88.03805439789002,20.665839327410954,9.276974416017799
1,1,137250,15.310241946975852,4592.562242694523,0.08657528626212,9.4201910808644,90.04698631029949,2701.409589308985,5.967329703300368,3.8288060306061937,1.1352027701753045,11.550640409924215,0.5101173633054072,15.304896255938374,26.442767808522568,6.376611527128311,89.97994454841647,20.019076785678013,9.243604004449388
1,1,139500,12.354813726744366,3706.0322908990847,0.05976019737448643,9.304837451561701,93.21994707712115,2796.598412313635,5.227247471941327,4.213278487377486,1.2579606043159297,16.73354580363104,0.41684270666784734,12.348017559066447,15.52524813537426,2.120829508703619,93.27529900110484,14.761425931798767,6.473859844271413
1,1,141750,11.636754894510679,3490.6385765233863,0.0535489640693189,8.48528137423845,92.91144871779288,2787.3434615337865,5.627291921324592,4.663292390519201,1.2981416725751889,18.67449758141921,0.4570435189884308,11.630707294369623,15.201941277637502,2.7841773601752418,93.0287008732412,15.049931622762466,7.208008898776419
1,1,144000,12.091209415924128,3626.9597844633736,0.040362161223106846,8.469356528096556,89.20585776393416,2676.175732918025,6.244027114123792,4.810242720520632,1.3078832771841367,24.77568023358254,0.4554824372407357,12.085745954689134,15.52524813537426,2.7676423457427397,89.17320269813901,11.29434730800454,6.473859844271413
1,1,146250,11.948098492810567,3584.0312778934094,0.03681675071404332,8.405355435671645,91.37913037152846,2741.3739111458544,6.134014890543394,4.945547384768631,1.3573754949461345,27.16154958287945,0.4830045406731102,11.94730048521863,15.294558979168182,2.882478008977054,91.2696281491134,13.41210423835127,6.373748609566185
1,1,148500,11.152898526534113,3345.497794676016,0.06274520999372366,7.57165767847435,96.5806838899465,2897.420516698395,5.790643404822759,4.524908520939204,1.1824442460416824,15.93747156316839,0.442883243915485,11.15131197895597,15.855181031056036,2.47576029097197,96.56216586392173,8.01733269233805,6.206896551724138
1,1,150750,11.253267599021477,3375.605170786476,0.04881540572525732,7.782673062644254,97.17573328618167,2915.2719985854505,5.667296366262919,4.062831580483432,1.2227024452850348,20.485336240534316,0.4165484514916972,11.252939634068316,15.294558979168182,2.534788549185378,97.11833591908976,10.363757598675935,6.540600667408231
1,1,153000,10.262126678570764,3078.2959326819437,0.051612532431698624,7.500000000000274,102.475187665118,3074.2556299535404,5.117235248360929,3.8904258959507323,1.1824442460416824,19.37513919363187,0.3896903498238628,10.25642245547671,15.855181031056036,2.367415962764711,102.71465296375024,9.618596118641655,6.006674082313682
1,1,155250,8.931511942574906,2679.1558657077194,0.027123808309811787,7.130918594403373,107.67817768429423,3230.345330528827,4.273808200911213,3.5013717288709563,1.0568668693380507,36.86797917821368,0.27164352798689084,8.928356608479461,11.702642651116612,1.3255978833015545,107.60079065543096,7.06295096287418,7.1412680756396
1,1,157500,8.163600977866825,2448.808173327451,0.01671023450996532,7.061161377563719,111.99757668943911,3359.9273006831736,3.8037559728858765,3.5184253763227047,1.2738300708926151,59.843564697050766,0.18643533645156693,8.156264432613195,9.149011353427584,0.582699413952492,111.9509833398132,1.931856313965904,5.472747497219133
1,1,159750,7.944382118052074,2383.049822678354,0.00986374558081146,6.92603782836965,112.96886863365958,3389.0660590097873,3.8770974552728084,3.221081866240941,1.2400879436282186,101.3813659129003,0.16861086934172168,7.939278903940926,8.748797830140427,0.5642328055833461,112.91152977677146,2.0333313589245217,7.1412680756396
1,1,162000,8.0316798970238,2409.2362464439057,0.0008741718131995858,7.111961754677843,113.81928189335378,3414.5784568006134,3.857095232803645,4.4206563129691885,1.5255415780717525,1143.9398810399368,0.14297968333781538,8.027674856090794,9.184454921001493,0.6706788800841756,113.74660006184406,1.9594655801996432,4.471635150166852
1,1,164250,8.23049905105182,2468.8753653471776,0.0009168828929031512,7.130918594403462,114.65117079813396,3439.535123944019,4.2438048672074675,4.150402130195906,1.4703019654482705,1090.6518245025522,0.140897333813073,8.229084820577594,9.276856828689173,0.7888192354092916,114.68823079619096,1.8665831336096108,5.139043381535039
1,1,166500,8.049225701674127,2414.4994029788486,0.0016316663158605568,6.977822009766461,114.1036972128044,3423.1109163841325,4.213801533503723,3.832187157373735,1.4556698669618775,612.8704075579266,0.16028171133961247,8.044200651056617,9.184454921001493,0.794474350629978,114.0510510916049,2.4125583257004153,5.372636262513905
1,1,168750,7.970794631149547,2390.9726961904926,0.000350174399269116,6.90651865993267,113.97819419593854,3419.345825878156,4.003778197577509,3.961630260881361,1.4556698669618775,2855.7198986767735,0.1782770719006792,7.966975127249414,9.276856828689173,1.0072538185200464,114.07875383931999,2.079874225440449,4.838709677419355
1,1,171000,7.49007728800336,2246.7735171580744,0.0015892194589495559,6.579513659839678,113.28016573403511,3398.404972021053,3.4670518946549618,4.433647175020387,1.4864756959950676,629.2397153637806,0.20181176297926826,7.486730312462283,9.087844012773688,0.9405239015736233,113.29609526557458,2.038524374976128,5.372636262513905
1,1,173250,7.028854100338172,2108.4219349647738,0.0006027942081125437,6.299999999999812,112.77573061844073,3383.271918553222,2.913657073008112,4.222070052058705,1.5462284430545705,1658.940956203243,0.21851780450304775,7.020848806864334,8.127859155228379,0.6057255709216468,112.75616898116925,1.379485786625404,3.8042269187986655
1,1,175500,7.060316746797486,2117.859680147686,0.0007036830611539872,6.242595614005564,112.84136908793403,3385.2410726380203,3.080342260251139,4.043195445110492,1.5309689008892855,1421.0943181722682,0.20527539878591988,7.055833372554386,8.481748678197668,0.7266004988457673,112.86443939815277,1.1240534412428043,4.57174638487208
1,1,177750,7.236032600607554,2170.568579095579,0.001908296694657367,6.420280367709767,113.3281888368688,3399.8456651060637,3.140348927658629,4.544985921468716,1.5768892235619507,524.0275282138709,0.21283275974720567,7.2315613682234545,8.127859155228379,0.6412187458259985,113.32427367603346,1.8245586347140135,4.004449388209122
1,1,180000,7.4694889965238715,2240.5977159906106,0.0015511036331226317,6.64078308635322,113.1056340618484,3393.1690218554527,3.2536948549838876,4.344193729227858,1.4897189194416225,644.7022485446909,0.22533760008289977,7.465779228703862,8.290167038997945,0.6064655345615813,113.17147509406348,1.5722071361220726,4.57174638487208
1,1,182250,7.718540587601471,2315.304891594188,0.0007609562047743918,6.90651865993267,113.15348400675322,3394.6045202025966,3.2436937437493056,4.571598132287189,1.506052178971018,1314.1360747514764,0.19349607041943243,7.7168409493465475,8.252036214789284,0.3930594881970825,113.16134228927531,2.3669609708133104,4.004449388209122
1,1,184500,7.752159446314784,2325.3894285795577,0.0015611947013376647,7.00357051795658,113.15582070337594,3394.6746211012783,3.0436715190576735,4.6408170941263185,1.5277267531200478,640.535097347678,0.1987710504584079,7.75102013660007,8.290167038997945,0.361117895615784,113.22050441709071,2.042380056140558,4.171301446051168
1,1,186750,7.702842502915008,2310.595989457738,0.0034060723791010496,7.022819946432527,112.87687549836849,3386.306264951055,2.743638182020225,4.1572478776785236,1.44422748010463,293.59329124530404,0.18139693824414496,7.700528830391905,8.252036214789284,0.4473279449499054,112.86991561281343,1.9527348239369968,3.6373748609566188
1,1,189000,7.958281494980462,2387.2191724443064,0.0011998688147413993,7.25603197346971,113.66343839486265,3409.9031518458796,2.743638182020225,3.822473200453637,1.4414992614930608,833.4244441676937,0.18952526306330933,7.954219055267785,9.058637378276424,0.6087769112309922,113.64381346325338,1.8861171637396121,3.7708565072302562
1,1,191250,8.182415396314216,2182.2501861970013,0.002356066707222601,7.523961722390662,113.40578176569458,3402.1734529708374,2.5084364454443198,3.3007206454507534,1.349575243746007,424.4361999320591,0.2143580326006739,8.195610634688261,9.310156212758779,0.9165141441648245,113.4230393350491,1.0879513628935533,2.7715355805243447
1,1,193500,8.459784903995159,1621.7407660958718,0.0029793725132167834,7.851751396983014,113.89232022417139,3416.7696067251413,2.373500260824205,3.0883477300957476,1.4085005393480072,335.6411444234998,0.21092539590191628,8.576315857843245,9.871135960020718,0.850605058990347,113.8843441471297,1.391135541908176,3.003337041156841
2,1,54000,11.517012838187645,3454.7199510283535,0.027546158320795436,7.523961722390629,80.74238836251293,2422.271650875388,7.3308145349483285,5.294724527535869,1.569710331568715,36.30270284350575,0.455295583146506,11.520080369043075,14.4414512220597,2.1999287899964197,80.60242861114357,13.361426279916849,7.508342602892102
2,1,56250,10.796554864750233,3238.606574262911,0.02486478790255707,7.061161377564497,86.82347951288638,2604.7043853865916,6.907434159351039,5.430796280089967,1.6083632543215385,40.217515786537675,0.4494048587270126,10.801582304314824,13.033128388316856,1.606264227164493,86.78717964290846,12.435519221672532,7.6751946607341495
2,1,58500,10.835809626830656,3250.3816943949687,0.02199897088774463,7.1999999999985675,94.03113942082665,2820.9341826247996,6.530725636181798,5.031854862019014,1.56232917285342,45.4566718190026,0.4768935461190299,10.836825526606495,13.540849171358987,2.101620649070363,93.93523970174515,10.156583628035582,7.508342602892102
2,1,60750,26.778088368031504,8032.5339074638505,0.01033642922890007,9.599999999999795,84.476976291751,2534.30928875253,9.511056784087122,3.497490026588756,1.5113392767987717,96.7452084133713,0.594511252107722,26.78408229006568,78.60615236160419,26.834009545182518,83.90247043715041,23.207072766074035,8.909899888765295
2,1,63000,32.3093026020219,9691.71380385317,0.02726536862532215,13.958868148958452,75.88171986982415,2276.451596094725,10.071119013223692,3.8939999136516397,1.5483540014503565,36.67656262938879,0.5417027311580219,32.32554310614829,83.90495948768977,25.082624529966306,75.19317722970666,23.856669624706864,7.575083426028922
2,1,65250,38.52000157500693,11554.716472449578,0.0448593055920901,20.991426821443145,67.68101734519199,2030.4305203557599,8.89098788754306,4.355761445688611,1.4152604091179586,22.291918851644613,0.4907399474422985,38.52613326665214,78.60615236160419,22.0830367623707,67.3249440890289,19.58535696896496,8.909899888765295
2,1,67500,48.85263337303405,14654.161590797781,0.03262432456814171,31.869264189811442,54.941822110318,1648.2546633095403,7.1541282364707195,5.121830671061157,1.4480357457491848,30.651975580714996,0.43379481231964884,48.86849320218552,83.90495948768977,17.452485017750426,54.79276761643297,9.493875915333225,8.509454949944383
2,1,69750,42.90721826265481,12870.735238187686,0.011674819251978432,27.464340516385096,57.305649931557895,1719.1694979467368,7.377486387376376,5.253154018780994,1.435583054246246,85.65443099519837,0.4339093149393005,42.913850876875834,60.639970377057686,11.876068061453315,57.25709604457002,8.286395938789779,8.776418242491658
2,1,72000,46.442918576227484,13931.327475582373,0.01720395058375127,29.861681131510718,55.133229831183165,1653.996894935495,7.674186020668964,5.055150527779167,1.4234420369288785,58.12618416519266,0.35026109211825696,46.425351084128565,65.70275899767425,11.927456503108504,55.11721417888159,7.503049369705497,9.777530589543938
2,1,74250,46.505877144951064,13950.212947580487,0.029244798443284217,30.552904935538983,54.189199854767985,1625.6759956430396,7.634181575730637,4.547922439818398,1.401050396661052,34.194114961651934,0.32627064452763044,46.50924827781624,60.639970377057686,8.965033714842516,54.159295693318406,5.501619041519654,9.610678531701891
2,1,76500,40.455171504867415,12135.202945743396,0.0204516147274089,24.14953415699788,59.14392007076285,1774.3176021228853,8.624291587954218,4.306101434849539,1.3657938214202647,48.895894692354894,0.33614620248125293,40.43935264954199,65.70275899767425,10.318460732624713,59.084263951366225,7.389935265126852,9.777530589543938
2,1,78750,33.942212752465096,10181.53241864778,0.03535537657709634,19.223423212318693,66.35307839446526,1990.5923518339582,8.914323813757084,4.500512216196126,1.3498609162048072,28.284241233278586,0.31578785726454767,33.95147198397457,51.21364784599723,8.605615259299851,66.07055867853805,11.783509711322015,9.610678531701891
2,1,81000,28.466225736904708,8538.918846880182,0.03260350792911609,16.144348856488534,73.00399486940518,2190.119846082155,8.167574174908324,4.848545423689097,1.4388997406397663,30.67154620828283,0.4764276954922552,28.45576674678724,35.54615629843637,4.622872040112358,72.88502973512888,9.290879792968665,9.410456062291436
2,1,83250,25.338069741530685,7600.576320134487,0.06009177100195684,13.68210510119127,75.96748658362242,2279.0245975086727,7.967551950216691,5.0874658605960255,1.417813475147411,16.641213652488887,0.5568203465097472,25.34387847463205,30.65496642299462,4.0953960391276985,75.92316872291231,8.562306079382417,9.110122358175751
2,1,85500,27.536897266950888,8260.151283509702,0.04562190848693337,15.181897114654454,71.9211514781083,2157.6345443432497,8.217579731081232,5.062213343289301,1.356899848993947,21.919293452758804,0.5151809626949275,27.524401586964967,41.55349330554663,6.474002818851702,71.87230622027684,12.015597614829575,9.911012235817577
2,1,87750,31.607973408486707,9481.338423432397,0.021223100736586606,16.740967713965265,66.5398133889614,1996.194401668842,8.647627514168242,5.226546413641876,1.4292305771393419,47.11846833371031,0.5136612824238217,31.612707208876724,57.389988877274334,11.294974137583079,66.51359295727254,14.374025124592503,9.310344827586208
2,1,90000,33.03325511671055,9908.875426509276,0.009422571245715699,14.415616532078364,68.31489585445156,2049.446875633547,9.031003444827205,4.966372670428166,1.4185972905748994,106.12814421060334,0.019220416835165996,33.02399617791157,48.80626745433606,10.632854590577434,68.50695390187575,18.480756281478044,9.911012235817577
2,1,92250,28.93289475260224,8678.903995955585,0.03199039443457228,9.990495483206315,76.89280008165389,2306.7840024496168,9.764418268696522,4.361820923563966,1.3871593567054674,31.25938325159542,0.0206967692235591,28.939396955312304,57.389988877274334,17.911953486782377,76.78736646026928,25.84057099339193,9.310344827586208
2,1,94500,20.749536338979144,6224.169250482444,0.03987365516046901,6.074537019396441,90.8213096981288,2724.639290943863,8.344260473385933,4.07770673265313,1.4032750351966186,25.079215737196982,0.01748048087908401,20.738282465730276,48.80626745433606,17.172381999523132,90.74290289018012,23.24025047044667,8.943270300333705
2,1,96750,11.995556550924253,3598.267113392245,0.055660115894179574,4.80936586256345,102.68594104242348,3080.578231272705,5.407267474163796,3.0520145828183485,1.0697982270370823,17.96618609097382,0.0024458061022854956,12.002462252900735,50.443753028843574,13.529923641856133,102.54199853549994,13.257402848390376,8.275862068965518
2,1,99000,5.932198973715058,1779.4619521487273,0.00940950133655841,4.459820624194707,107.08668627840325,3212.6005883520975,3.8870985665073903,4.273251854369664,1.3823150411654674,106.27555746389392,0.6506932164118744,5.930044235707315,7.105192649675382,0.7838330464536737,107.03848490814066,2.8836979098196034,5.005561735261402
2,1,101250,5.6460851648861095,1693.6373466270031,0.025923424649445984,4.242640687119647,107.13207192761551,3213.962157828466,3.960440048894322,4.232428974785128,1.3833264116605466,38.57515021732945,0.6547946347067995,5.645107378749787,7.061617291825223,0.7630163178727366,107.15152733239866,1.9594746331033952,5.439377085650723
2,1,103500,5.433656058278549,1629.9156956149552,0.027903745693351203,4.199999999999591,107.64315759576577,3229.294727872973,3.5503944882764755,3.8985803103447183,1.2669992279616398,35.83748257275281,0.6892112770899452,5.431007550386051,7.105192649675382,1.0775752245438264,107.61754081390593,2.830257353710794,4.671857619577309
2,1,105750,5.328188517933109,1598.2789490960013,0.017187688539847108,4.036087214122625,108.54561233372323,3256.3683700116962,3.627069674408268,3.7574772700664076,1.2871334867192012,58.18117995806407,0.7169764813053219,5.3251732233548355,6.881011090454661,0.8029199525808879,108.54972511523529,2.9747977358537083,4.6384872080088995
2,1,108000,4.924755540645264,1477.2625036755576,0.00437094095577598,3.911521443118947,109.72132652428832,3291.6397957286495,3.233692632514724,3.056874485161338,1.1700146099529949,228.78368985482402,0.7010617217633744,4.924046917440369,6.322820992052088,1.051316955775532,109.71020101074764,1.5689576315381744,4.3715239154616246
2,1,110250,5.075410512260768,1522.453973327822,0.02355625232049899,4.167733196834097,111.0411377829731,3331.234133489193,3.167018557617513,3.188609912493263,1.1636025147152245,42.45157448622613,0.6491404389919199,5.0740996496948565,6.881011090454661,1.0012315981987372,111.00114245186839,2.8594002106805614,4.6384872080088995
2,1,112500,4.8759720561665345,1462.6290844480882,0.02908390281098424,4.002499219237583,111.84863114582448,3355.4589343747343,3.33037004111568,3.079318443658473,1.190380722197953,34.38328089936836,0.6364993366828968,4.873465272069718,6.322820992052088,1.0392315386012025,111.84399974098486,2.068461704505391,4.3715239154616246
2,1,114750,4.388394604974335,1316.372101672135,0.008708177559666323,3.7947331922021093,112.52570273819939,3375.771082145982,3.083675963996,2.4643799757246696,1.050977500432694,114.83459003313178,0.5111025876900928,4.387449684659607,6.423585826350759,0.8652649934491207,112.49812646783467,2.1645284860634506,3.7708565072302562
2,1,117000,4.341248966024361,1302.229981508441,0.012630972846374464,3.7947331922018392,113.03513217838429,3391.0539653515284,2.9703300366707412,1.8142879366846318,1.0000000000000002,79.17046550274513,0.49211842577392423,4.33910574057777,5.905716989114295,0.8797345005178747,113.03043207513974,1.4195825341332418,3.0700778642936597
2,1,119250,4.355898548063328,1306.6243678007297,0.03311024288175341,3.758989225841327,112.62736156107468,3378.8208468322405,2.923658184242694,2.166414649538379,1.07408417239336,30.202134232941127,0.577325859214456,4.355067645970838,5.771509962462412,0.7674832941344801,112.63824202509943,1.7749637225780246,3.7708565072302562
2,1,121500,4.643826576058659,1392.9931785983958,0.030802927055140334,3.911521443121498,111.69777635226092,3350.9332905678275,3.080342260251139,2.633652186472957,1.0934532700639183,32.4644472328847,0.5545475067076231,4.642005918803825,6.015222176649331,0.9078856823539774,111.70464964304544,2.0853003716585126,3.2369299221357064
2,1,123750,4.93832839509217,1481.3339075811477,0.02418718836483446,4.036087214123259,111.75931152903307,3352.779345870992,3.4137126347371933,3.5949768395417223,1.229292895549713,41.344201935181985,0.5823485779379585,4.9370426973855,5.771509962462412,0.7539387454744696,111.74221634061891,1.9282934819689561,3.9043381535038932
2,1,126000,5.299594998914113,1589.7018465076035,0.01576483331989591,4.3680659335680865,111.7693757795941,3353.0812733878233,3.1170130014446054,3.9560371215727232,1.2261913532573705,63.432323051456315,0.5758119466443196,5.299834539175746,6.015222176649331,0.4690210177440564,111.75787147852961,2.316450936169763,3.7041156840934373
2,1,128250,5.211221972955625,1563.1928844875888,0.01197063085564934,4.3680659335680865,112.35800864833205,3370.7402594499617,3.140348927658629,3.892091929778942,1.1855353970007878,83.53778610824564,0.516115408895867,5.208720458838714,5.9400535391944915,0.5149546434012382,112.35156502777961,1.9465379138728818,3.9043381535038932
2,1,130500,5.203965776564383,1561.0162674434296,0.011966539309242607,4.3680659335685545,112.81433271177535,3384.4299813532607,3.1070118902100234,3.651834675236157,1.1780519515993964,83.5663489800789,0.5575584919495754,5.2039311226534135,5.638384475565092,0.4150223006380165,112.81822957451543,2.0332103215955803,3.7041156840934373
2,1,132750,5.271813932073154,1581.3684524908767,0.010088222733037663,4.500000000000682,113.08726921320951,3392.6180763962852,2.8603178130903437,3.610888949173989,1.136284200999186,99.125487854776,0.5492045326906925,5.269998423098734,5.9400535391944915,0.40813459576590183,113.06044027512249,2.4209427971683297,4.07119021134594
2,1,135000,5.059251361449485,1517.6067667227971,0.014231621136018396,4.242640687118803,112.25782369849495,3367.734710954849,3.083675963996,3.6168202664472537,1.12957385709065,70.26606388987753,0.6122046257021954,5.056082873480605,5.638384475565092,0.4453361942112647,112.23639540157292,2.5206929968697382,3.937708565072303
2,1,137250,5.316507360738686,1594.7749913095809,0.015237225711725252,4.2107006542850325,110.75616972208958,3322.6850916626877,3.4537170796755197,4.024251280087324,1.079823032435313,65.62874495128641,0.6237377306660442,5.316680497685698,6.207326085692132,0.6290886968217525,110.68119143697015,3.5292103805750767,4.738598442714127
2,1,139500,4.976966147547225,1492.9239453925825,0.02868521113827285,3.9458839313895537,111.4700980087572,3344.102940262716,3.530392265807312,3.514128099631233,1.1015848771433472,34.8611692338483,0.6100895987412566,4.976161042256659,6.587907198876649,0.8786342991004792,111.4408962348593,3.057519655184031,4.57174638487208
2,1,141750,5.053152274807959,1515.7772440332278,0.02980288425164735,3.911521443121694,110.81556413951331,3324.466924185399,3.627069674408268,3.8477784280717873,1.2817009214071267,33.553799409354994,0.5937098590140127,5.052969199703657,6.427003891632265,0.9220197854741998,110.77163499476092,2.9402424403767022,4.738598442714127
2,1,144000,5.261266884913804,1578.2046899113107,0.015542606831589782,4.1677331968349565,111.83306810654322,3354.9920431962964,3.6670741193465943,3.583601434746386,1.2447051528635749,64.3392714513975,0.5448342566365784,5.260303914049472,6.587907198876649,0.9459776647862109,111.82152177310479,2.743053010949316,4.57174638487208
2,1,146250,4.622390529497907,1386.5630791650553,0.01243005013755977,3.818376618408104,112.95235020414559,3388.5705061243675,3.6737415268363156,2.951717375683746,1.1802886550113745,80.4501984250497,0.4860676456830426,4.6217466626454184,6.427003891632265,0.8964910401673364,112.95461818677555,1.6412705426720486,4.438264738598443
2,1,148500,4.629254651365124,1388.6220869211584,0.012248827020588037,3.841874542460343,113.03499820953266,3391.0499462859793,3.570396710745639,2.6352971444127715,1.1802886550113745,81.64047041559024,0.49127319728898944,4.627757407797654,6.105063877607229,0.889280105378851,113.03306622856492,1.4593848448653475,4.204671857619577
2,1,150750,4.338772099086982,1301.4870039894581,0.00856047803118387,3.7947331922021093,114.05525004316239,3421.6575012948715,3.237026336259585,2.8077702565181824,1.25279391702374,116.81590634976553,0.382450914440664,4.33676835480733,5.584450280510537,0.6223246761685336,114.035147232125,1.7962354169538022,4.438264738598443
2,1,153000,4.034186777910052,1210.1215604804186,0.0007428541512489693,3.649657518179117,114.18862199372214,3425.6586598116637,2.786976330703412,2.7233611685431893,1.0378314928330357,1346.1592673591288,0.2364103605972968,4.032381919216937,4.282104732497222,0.21425533904412666,114.17066219814157,1.4918804676640438,4.10456062291435
2,1,155250,4.136131594297615,1240.7016072361414,7.938135764762521e-05,3.818376618408104,114.79910585057578,3443.9731755172734,2.380264473830426,4.84232654932435,1.6315353808998656,12597.416189818923,0.1998187882680068,4.1352359383123005,4.3535713191272825,0.15788283362299865,114.78919223995167,1.2960024157954968,2.7363737486095663
2,1,157500,4.17494109095585,1252.3431625837234,0.00030604659280767673,3.899999999999601,115.0201584395929,3450.604753187787,2.170241137904212,4.886001391090904,1.638809644773869,3267.4763369393618,0.18993858457037216,4.173778928990204,4.319953118486953,0.10329073625696587,115.00948326259136,1.0051408179519157,2.8698553948832037
2,1,159750,4.16409622347153,1249.09006383401,0.00015789960623634568,3.8418745424604763,114.96888455951071,3449.066536785321,2.256917435270586,4.825207406631192,1.5929041641295136,6333.138022543199,0.18068357883577407,4.163328796366059,4.314213124423807,0.10440882054891555,114.94989189127065,1.3215790675250563,2.7363737486095663
2,1,162000,4.229658269068217,1268.7564921114963,0.00016400824095139088,3.9115214431214325,114.75335925220416,3442.6007775661246,2.203578175352817,4.526274735536662,1.576874381533641,6097.254590373798,0.17105672044849243,4.228964160691093,4.319953118486953,0.08166009068192642,114.76394956367747,1.501786212658937,2.7363737486095663
2,1,164250,4.287742462302683,1286.1798139420616,0.00014955439241975932,3.9458839313895537,114.90573784816327,3447.172135444898,2.3102566951883543,4.619107946140106,1.6110715819405519,6686.530457716458,0.15519130690119506,4.287449294562929,4.597243521411611,0.13236086485159998,114.90632538157213,1.2883112815071878,2.7363737486095663
2,1,166500,4.339653886870167,1301.7515109314877,0.00013612463667499048,4.024922359499774,114.69895979380381,3440.9687938141137,2.3169241026780756,4.78901116265049,1.61613412999349,7346.208771800712,0.1531607796705529,4.3392349971225,4.559448089393721,0.0990909198759483,114.76028604523216,1.4718439988399648,3.170189098998888
2,1,168750,4.362506570388179,1308.6065542307742,7.045314290601008e-05,4.036087214122688,114.63394349524401,3439.018304857321,2.3602622513612626,4.725992415367567,1.616718217852396,14193.830945683672,0.15403492729251364,4.361834025511634,4.597243521411611,0.1189099930387313,114.64237979208501,1.1660557595748005,3.003337041156841
2,1,171000,4.396278763697772,1318.737086483875,0.0009320938461490596,4.080441152618991,114.98950045402998,3449.6850136208996,2.413601511279031,3.1359240078455115,1.426315669942434,1072.8533442544376,0.16094219267923968,4.396514016058183,4.629911832987806,0.1198212399280927,115.00671295264094,0.911396122417933,3.170189098998888
2,1,173250,4.53721568640706,1361.013465399238,0.0015127217137524526,4.1785164831558435,114.96259326474359,3448.8777979423076,2.566951883542616,3.460124219032079,1.3527006500722638,661.060121573454,0.1921639170063447,4.537098840261185,5.10060022538124,0.29240112445722793,114.9488126631461,1.2093605997915755,3.370411568409344
2,1,175500,4.464090887209058,1339.0784631331435,0.000987476554725763,4.080441152620684,114.68381601902763,3440.5144805708296,2.7369707745305036,3.9533376634139477,1.4194443949340323,1012.6822710010719,0.20596387611146752,4.463138267576257,5.049699301657043,0.3275703001661851,114.62302371460234,1.4338425058816073,3.5038932146829813
2,1,177750,4.406529069080136,1321.8118364217382,0.0009263798856820642,4.036087214122625,114.5389738998613,3436.169216995839,2.7003000333370375,4.441475870438851,1.456713304763446,1079.4707608139954,0.21206602016091328,4.408170059471464,5.10060022538124,0.3920804819793646,114.52682662266247,1.436168819573809,3.8375973303670747
2,1,180000,4.429725484077877,1328.769987707227,0.0018549426185743548,4.080441152620182,113.96408080714575,3418.9224242143728,2.580286698522058,4.334760053398111,1.4443831581466733,539.1002341455531,0.2095662425909538,4.428062135098873,5.049699301657043,0.3808504551603954,113.91693174085508,1.9217861116680128,3.5038932146829813
2,1,182250,4.301751044529311,1290.381921657309,0.001718674577564057,4.00249921923835,113.8712897555944,3416.1386926678324,2.3102566951883543,4.829836283912301,1.6031280759370528,581.8437143681605,0.18577387602032874,4.301442490068271,4.5844365743679765,0.2327886743709135,113.87384894788129,1.545558497513604,3.8375973303670747
2,1,184500,4.4213783091535905,1326.2661134691052,0.0011184591962340284,4.1677331968349565,114.43503072624466,3433.0509217873396,1.9535503944882766,4.649113129237292,1.6283747502818071,894.0871543343796,0.17435930771327104,4.42036614244652,4.684502914252064,0.23283686171531176,114.39861522911403,1.8122948200942988,2.636262513904338
2,1,186750,4.566665855714782,1369.8475345192442,0.0009677222401592179,4.26380112106583,114.05953048561832,3421.7859145685493,2.0402266918546506,4.258054915219012,1.6283747502818071,1033.3543639913366,0.17511733913806998,4.564891634219056,4.788487599307211,0.13052909503176324,114.05901866069196,1.5665077152642306,2.7363737486095663
2,1,189000,4.571702248552603,1371.3582844908292,0.00040893980957034174,4.295346318982334,114.48663434923412,3434.599030477024,1.9502166907434162,4.952784270028662,1.622659049705743,2445.347644316321,0.17109625973021542,4.571085360392791,4.916135183174045,0.1399217531809477,114.47363884121134,1.424047736314332,2.3692992213570636
2,1,191250,4.627359805504938,1234.1168601281668,0.0008072517072290144,4.295346318983168,114.18789244503837,3425.6367733511515,2.1184851893513312,4.284568343417234,1.5312086770746203,1238.7709942820889,0.17931283653942595,4.629861264143356,4.906530909763412,0.15182508227757915,114.18172338461608,1.114861779102709,2.8838951310861423
2,1,193500,4.6513976386215194,891.6729273237453,0.0011561659953083809,4.295346318983168,113.65469281717894,3409.6407845153685,2.2430881585811164,4.3803534569267475,1.5458435095444538,864.927704203299,0.18429454482062302,4.707346443720545,5.291202757787205,0.27724652207326245,113.69968501239165,1.1982713123369013,3.076923076923077
