track_id,label,window_start_frame,avg_speed,total_distance,straightness,median_speed,mean_turning_angle,angular_velocity,jump_frequency,trajectory_entropy,fractal_dimension,sinuosity,velocity_autocorrelation,speed_1min_mean,speed_1min_max,speed_1min_std,angle_1min_mean,angle_1min_std,jump_1min_max
0,0,0,75.51736165235604,22652.6912503184,0.00908018991910408,53.43032846614283,24.435411394858452,733.0623418457536,7.334148238693189,5.78538507652397,1.6237053174431968,110.1298550921353,0.3620432677418747,75.52871001548486,103.72590602808128,20.277428840526973,24.48968824365839,6.226794157439868,7.63757643135075
0,0,0,103.11870516696635,30932.174259917672,0.016954888379743776,74.34978143881762,25.494615551098256,764.8384665329477,7.520835648405379,5.339214405591312,1.598166550395966,58.980040304760294,0.206558769014188,103.10738007209913,116.5132719291646,11.354610096671903,25.773975724225853,5.476075046995621,8.321289605336297
0,0,0,120.10186689315609,36026.556672383726,0.0021060694704905666,85.8062934754781,22.506999099071205,675.2099729721363,7.460828980997889,5.791429757186935,1.6925504513344711,474.8181453706131,0.08931140162170188,120.10053469207426,152.79507639371838,18.14956615984062,22.5433773423579,2.7947612730586178,7.987770983879933
0,0,2250,88.1902267093842,26454.128338591618,0.008637537170743417,65.26637725506278,20.891297667569397,626.7389300270819,7.100788976552951,5.5101764320479285,1.5459011407747403,115.77374200913937,0.3284602960167769,88.217230432791,108.23860629913412,11.27538831471035,20.905787996168865,1.7961390453315704,7.620900500277932
0,0,2250,109.27341343572712,32778.38158360361,0.01590376679197524,80.773572410784,23.770240585673523,713.1072175702058,7.544171574619403,5.500036257849663,1.6185377697465066,62.8781855946594,0.2325339914682911,109.25971885113344,126.83223662575543,17.546843601407502,24.363673453333988,7.658269579523695,8.438021122846026
0,0,2250,129.11683802559085,35081.044891553036,0.004820699077980703,94.842237426158,21.952876420035025,658.5862926010509,7.026131762973868,5.737671020730997,1.6968785725250548,207.43879338323697,0.07151347200811455,128.51747292980608,149.882986590117,11.403930298925205,22.082777155843473,5.037031782033903,8.58810450250139
0,0,4500,86.11114217829453,25830.472282082417,0.003351582140677165,62.758107046019866,21.612000777029795,648.3600233108941,7.190798977664185,5.409746405304342,1.536769148840264,298.36654989394253,0.34849016741067546,86.128199671144,111.17875545266332,14.145330802453534,21.597221322185824,2.190250043756469,7.5041689827682045
0,0,4500,110.99146728943418,33293.74047125394,0.01415085222133681,82.92653375126694,21.2172609752,636.5178292559999,7.164129347705301,5.698338043044142,1.6668805364665962,70.66712197673785,0.22166041397586525,110.96964468211581,130.17792069632247,15.754593457151449,21.46377119899417,7.045389328706749,8.087826570316842
0,0,4500,129.65726783082667,25503.584582323605,0.0075057492083615935,98.58001825927948,20.15472207863915,604.6416623591746,6.639552618200305,5.781151588271132,1.685976018405939,133.23120347346202,0.08589634358087236,127.04800003388674,138.49919291337022,10.335877930816876,20.08977255524241,2.308759683973487,7.185628742514971
0,0,6750,88.01443898868627,26401.39788197292,0.007151845820225443,64.31834885940708,21.722763830444375,651.6829149133313,7.207467496388488,5.3644268996575155,1.5990193853662282,139.82404335003935,0.36059474508413264,88.03941309597273,98.66753798787214,8.172979998089373,21.69669074454646,1.3092282557530017,7.320733740967204
0,0,6750,102.80960125775286,30839.453390617266,0.00899987358502032,77.41453351922985,19.347714702728787,580.4314410818637,7.180797866429604,6.032478908496999,1.7210053694634624,111.11267181179436,0.24524496612064509,102.81762281520028,128.437575301519,17.0004548738645,19.404517804712707,2.5742559604952424,7.120622568093385
0,0,9000,81.12410393858129,24334.527044776434,0.006178053144558213,57.61562288130114,22.998106594986357,689.9431978495907,7.46416268474275,5.50310621488695,1.626783985765704,161.8632887418305,0.3836896429471578,81.13059383671461,93.13023880609502,10.956238551784661,22.979201163584115,2.9519869101731113,7.670928293496386
0,0,9000,104.38141084752483,31310.943873895863,0.016292294268385077,76.59934725570447,20.301554624423087,609.0466387326927,7.500833425936216,6.188757864609365,1.7210053694634624,61.3787096848897,0.1947971587487958,104.39023515228637,130.7799046332409,18.6697868380489,20.448452786054844,3.0508976718962746,7.604224569205114
0,0,11250,69.55689993195442,20864.751416255265,0.005636055888261989,46.45255644203155,25.040922348128955,751.2276704438686,7.697521946882988,5.441508708229402,1.6115961638447136,177.42904254776184,0.40395285648082246,69.5695613011251,83.60324526790559,12.411121967653957,25.044729694013352,2.970688426511904,7.821011673151751
0,0,11250,96.69971818427004,29006.692131341537,0.017159153693071427,68.13897563069192,21.747014330546552,652.4104299163967,7.637515279475498,5.995776351655438,1.7023200859871594,58.277932460257816,0.1627803827504301,96.72840684230846,125.30660191551635,15.85135565569937,21.783111885035886,1.7221038022933424,7.604224569205114
0,0,13500,61.97191149278633,18589.50771745281,0.017539940919015787,40.281633531921464,24.894942379628915,746.8482713888676,7.657517501944661,5.3851160913856,1.5741417243089,57.01273479865933,0.41790341597008723,61.97222166665314,89.24421062097444,16.240915181898064,24.91765125677511,3.0757106512150347,7.754307948860478
0,0,13500,90.55180407869904,27162.522830140417,0.014670420083403477,60.78239876806424,26.476696643269758,794.3008992980928,7.95421713523725,5.700322016887607,1.6917453667019924,68.16437391123459,0.19972015787608843,90.54343661041848,124.02021614707502,22.61341181915689,26.17020119319896,4.714978698265496,7.887715397443023
0,0,15750,62.137989785884635,18639.325669439197,0.004634238074323846,37.17216700705222,26.92557676411339,807.7673029234016,8.180908989887765,5.603212324239337,1.6141652548173098,215.78520221922432,0.3278796308826805,62.149944820423435,85.94091786627165,14.315025222450318,26.961056525034547,2.717166118399812,8.838243468593664
0,0,15750,93.60181657076507,28077.42491067716,0.007338394860409056,64.07440986852431,26.503151136665853,795.0945340999758,7.924213801533504,5.876979174819957,1.7065426415506761,136.26958197562269,0.24174950054879712,93.60499483596936,123.27056498327148,27.11861693279088,26.351386042418746,5.546932345603526,7.937743190661478
0,0,18000,57.78724851009623,17334.248311411866,0.006029467910425847,34.49478221412574,27.06352536622735,811.9057609868205,7.947549727747528,5.360792756566186,1.5660181964036446,165.85211412616547,0.31278931536452464,57.77365375740341,72.46895695763288,9.883444631165425,27.118765052247955,3.530284094467473,9.188438021122845
0,0,18000,101.55542738986045,30463.24303604514,0.012722516084642583,72.40511031688054,25.354535343060057,760.6360602918016,7.850872319146572,5.741398082189231,1.6956712540258125,78.60080453795656,0.35948794429980935,101.56104300439374,162.60106400991842,35.88815172441078,25.241419064689264,6.032594473755678,7.954419121734297
0,0,20250,57.79271877476156,17335.889208469307,0.00851546911881457,34.76377424848848,26.205596475993325,786.1678942797997,7.890876764084899,5.581111286734257,1.6217803634217147,117.43334231469903,0.31761327938578326,57.7467688650672,79.53864352281336,12.65550691067409,26.27039835612725,2.2079776284972317,8.571428571428571
0,0,20250,111.47846252545378,33439.822808885285,0.01370198248625465,85.87391920717265,24.817975009411857,744.5392502823556,7.1341260140015565,5.109903433135181,1.558129184323007,72.98213970154794,0.3643130801839517,111.44711161430378,162.52567513274016,37.4190122157571,24.804952209897085,7.2643731125938835,7.470817120622568
0,0,22500,60.305347721366914,18089.594138152694,0.020091470704244236,36.235479850555855,26.543810095416916,796.3143028625075,8.07756417379709,5.664021080515715,1.645736820700568,49.77236433910009,0.3099474681783942,60.30901148778361,90.94822661600067,15.74368869394241,26.599909981483847,1.4882143723446783,8.387993329627571
0,0,22500,116.16213139974187,34844.7673488759,0.003731983116255021,92.17081967737953,22.746553358590035,682.396600757701,6.810756750750084,5.055367544654856,1.5155648368892198,267.95405253694776,0.3532605462958201,116.16259264686894,151.05569115323678,34.001564292160516,22.735542738177504,4.994432285491649,9.588660366870483
0,0,24750,51.29749968201457,15387.539987948303,0.008102381059496715,32.567621958010825,25.804513550363655,774.1354065109097,7.457495277253029,5.385169981661882,1.5399548675197743,123.42050968189291,0.376370784529426,51.30752499602248,60.537140574294874,5.276964887355451,25.829958775668892,1.0712684465688098,8.071150639244024
0,0,24750,113.67716862056402,34099.361347215185,0.005673864604600659,88.41911558028505,23.17013107936021,695.1039323808063,7.0874541615735085,5.108793304957971,1.5545288386691678,176.2467153673616,0.36778320752650445,113.67063404338981,148.22934434564837,40.859658542279064,23.161647128917227,6.006469276326801,7.904391328515842
0,0,27000,54.32236177989426,16294.897788575614,0.018910912543420876,33.80961401731607,25.240489454239114,757.2146836271736,7.720857873097011,5.341310170848972,1.5546474248997741,52.87952116027848,0.3687175651750491,54.3287604768996,64.6231897866464,6.517925881227157,25.245913332041226,1.569796873318803,7.954419121734297
0,0,27000,97.92375593388599,29373.862654967998,0.0068318239700052115,71.09556948221038,25.478544097052886,764.3563229115866,7.540837870874542,5.25768611083721,1.5573669374438872,146.37379481533057,0.33515500774421797,97.94358880724212,138.34537329076355,27.607607726223684,25.443314257875464,4.513145128957599,8.954974986103391
0,0,29250,61.5883554152654,18474.45367939911,0.020011836778781527,39.02422324659402,25.359634614885074,760.7890384465522,7.820868985442828,5.452205563463738,1.5516531070045332,49.97042555635353,0.3323695178987062,61.58063215542605,77.44976537629194,9.925271512890005,25.355106956791513,0.7867261828863343,7.92106725958866
0,0,29250,80.87088607402825,24258.57012600601,0.002815001853532043,53.336760306564365,27.965785064352865,838.9735519305858,8.02089121013446,5.128641683612571,1.5462284430545705,355.23955294923826,0.3781897439548205,80.89235899165742,98.01329612520992,11.457288573633752,27.938665701375548,4.025653865679896,9.371873262923847
0,0,31500,60.97124557540309,18289.341297768417,0.02668477573627923,39.129017365631896,26.13447552369855,784.0342657109564,7.554172685853985,5.68408226351363,1.5767290131023004,37.474551402748055,0.3178502464343254,60.971580269121795,77.39172516250694,10.576620213834428,26.14893301129852,1.5120404381136674,7.787659811006114
0,0,31500,87.87648327457498,26360.01576626334,0.016857284618554496,60.44013567158658,27.285207598082,818.55622794246,7.910878986554062,5.170919684335739,1.5311025216799077,59.32153502939131,0.36545455132817023,87.89926491130079,117.45749572983296,24.081318369020124,27.35535438540807,6.304405550017471,8.621456364647026
0,0,33750,61.20461211803569,18359.343481673444,0.02189936109372269,40.30508652763249,28.269852347697448,848.0955704309233,7.274141571285699,5.6059083613836975,1.596372230250126,45.663432632591444,0.26674812960931904,61.19571979821116,84.39969436690961,12.998338916468008,28.437657435091296,4.1357711715834204,7.754307948860478
0,0,33750,91.33659708838695,27397.934573279803,0.011993626457160516,65.2484482574109,25.88488323489738,776.5464970469213,7.71419046560729,5.377685574144221,1.59651022246315,83.37761756811871,0.3445792411343817,91.33282520025048,115.69151233843279,20.386840603563858,25.92948927143201,4.869155220314373,8.187882156753751
0,0,36000,61.03963715796187,18309.85649281663,0.018411596451744148,41.153614665057276,29.141986074528454,874.2595822358535,7.054117124124903,5.482767162330643,1.5850351614642164,54.313595381093045,0.25309798353952484,61.051391237144855,85.41614557867405,13.576518682083027,29.266087947673793,3.853507593453797,7.620900500277932
0,0,36000,94.55565134632363,28363.543548852213,0.008271481173196078,70.03956024990559,23.992731485416815,719.7819445625045,7.370818979886654,5.3386867538027705,1.6037976012848303,120.89733133172359,0.3476710119626659,94.57292303253423,112.55162995601077,14.72765163078266,23.935310284534935,3.684175185805795,8.58810450250139
0,0,38250,57.69956660817623,17307.946663565926,0.010233605873983124,39.37321424521829,30.030031782968518,900.9009534890556,6.930770085565063,5.458329299175796,1.6242894053021026,97.71726723835418,0.25336535831468654,57.69224749901207,73.72916931824342,8.772193221745898,30.09469915508234,3.67888976322883,7.370761534185658
0,0,38250,100.62631506415059,30184.54030874304,0.013424980730743405,77.58176332102934,22.41743659871802,672.5230979615405,6.750750083342594,5.474078355617953,1.590427383742052,74.48800263154085,0.26251509452863087,100.60391955546746,118.18193707133169,11.760847234806878,22.41187588012444,2.108510159885019,7.404113396331295
0,0,40500,54.195928845491295,16256.972122685871,0.003943594092771948,36.1658678867238,30.239822066849534,907.194662005486,7.117457495277254,5.329822377019184,1.5856894460508935,253.5757931661524,0.2757153961932075,54.19019092744254,69.45848928954787,10.424529024883187,30.266908672706684,2.5772096138582423,7.287381878821567
0,0,40500,97.05510896543043,29113.29751933028,0.013597528532729357,72.58016257904116,22.611713510867894,678.3514053260368,7.027447494166019,5.868733330419832,1.6895539265150226,73.54277636505724,0.23730652375174197,97.05813603451557,117.59095476224734,10.319195710754913,22.705728820896507,2.208506552847776,9.888827126181212
0,0,42750,56.27039972283595,16879.244236860024,0.028435867173338188,36.469439260840865,29.183238465705944,875.4971539711784,7.5075008334259365,5.364926508173778,1.589450949087439,35.1668543781078,0.37635547867764735,56.27530010114826,68.742707886821,10.792948954653045,29.16123309567451,1.1529090378125233,8.571428571428571
0,0,42750,100.96533871678929,30286.236103746225,0.0014432682238975088,77.29062038824843,21.22005291169311,636.6015873507934,6.840760084453829,5.72508853326233,1.6784271308944565,692.8719024240177,0.2160952920737938,100.98419655247429,117.13369692804127,10.409995229776012,21.304066292504373,2.876128985603484,8.621456364647026
0,0,45000,64.0015795317965,18639.393345643537,0.017736680271287383,39.54769272663162,27.518728850896032,825.561865526881,8.199610850406318,5.4445503966718345,1.5854752972273345,56.38033638227257,0.45667782939404633,64.78140395454466,90.76956984971841,22.16301274776489,27.332749595973723,4.354473358296034,8.40466926070039
0,0,45000,100.14793188785828,29166.416030140594,0.009430061837616762,75.85730024196775,21.998643766254403,659.9593129876322,7.0974018541833575,5.749251451003885,1.640927787754883,106.04384331934855,0.24879444704282927,99.77025806910257,117.81484611539528,11.81912560134703,22.051830856642688,2.2379524397756225,7.9830839297332465
0,0,47250,63.43728989541707,13717.256651719015,0.01990077972207347,37.33764856013278,26.975971309362013,809.2791392808605,8.592569754894404,5.306563982621356,1.5514915567489407,50.249287413137075,0.5082265364295693,64.7713899941088,109.05625432725594,30.44002131379828,26.652021532910055,6.333192174344763,7.865685372585096
0,0,47250,101.99654241826643,22055.052355576478,0.0021918989992553116,76.64809195276588,21.496827635118702,644.904829053561,7.320795437027902,5.551463970728104,1.57969123556807,456.2254010516661,0.26963786567218573,99.14675220730521,119.9959826348046,16.849449423022218,21.716978698792072,2.036030134271619,8.48804891606448
1,0,0,92.55835014809956,27764.419766091596,0.006832128689423868,66.57702306351587,26.51239911160171,795.3719733480514,7.697521946882988,5.325448816436045,1.5428061446401018,146.36726640527127,0.3143029195875484,92.57499344597167,133.48324420787512,23.66046839069745,26.48970923219909,4.11052362296804,8.137854363535297
1,0,0,105.92573748623987,31774.190387955754,0.008960871689444413,79.5005660357201,20.30220067474558,609.0660202423675,7.114123791532393,6.032469439424815,1.7107243988380383,111.59628601511662,0.23725581713603033,105.92195425993232,122.38218963217734,14.80177915797564,20.310898825638166,1.3184435100449192,7.620900500277932
1,0,0,100.30649796214772,30088.605838712247,0.0037223984108032153,66.76533531706458,26.626826017521644,798.8047805256493,8.187576397377487,5.419802753715884,1.657530697908016,268.64400035680785,0.2420482863118183,100.30658955874158,167.10652170378145,33.6330376257709,26.883434945790803,6.459177831353038,8.10450250138966
1,0,2250,80.1918775372838,24054.890198600566,0.0048440605237058745,56.36488268416992,26.931383180467837,807.941495414035,7.624180464496056,5.28798560026007,1.5771164586483049,206.4383785268986,0.32491715107904445,80.1891238474245,90.90698923194235,8.849944095096793,26.92218725902145,1.805362199413046,7.787659811006114
1,0,2250,108.29223544096355,32484.0608911077,0.004777535628042685,83.83805818361917,20.88053817965406,626.4161453896219,6.807423047005224,5.817175045688295,1.6999354117917225,209.31293408474096,0.26375862465756633,108.3079971971445,133.3931178636267,14.445740585948888,20.885153706861807,2.2366331599673566,7.8043357420789325
1,0,2250,107.9045013853691,29317.653026404794,0.009574944444240433,74.50939538071556,24.290439532659374,728.7131859797811,7.843209422156791,5.76597604027516,1.6956712540258125,104.43924827172495,0.22190004283111753,109.55399668479863,138.51069933881823,23.889834514736265,24.09007462435914,4.914332567006643,7.987770983879933
1,0,4500,73.22490226433074,21965.029849223734,0.013934753378629863,50.030790519438085,28.186378986619452,845.5913695985836,7.827536392932549,5.478680783519472,1.636620966301005,71.76302104733232,0.36198078705758524,73.23848806274547,87.56385575355783,11.13628647199798,28.216593859706165,3.06307887486005,8.187882156753751
1,0,4500,107.03381692915,32106.577284847364,0.0025349321638128137,83.11245394042827,22.685918772205916,680.5775631661775,6.767418602066897,5.709896217900598,1.6922108240075109,394.4878739855078,0.28494740197685453,107.01603923827267,134.33811936052533,13.861432938750795,22.68092530073522,2.918120901129571,7.520844913841023
1,0,4500,114.9480881589049,22610.288940856597,0.016263769478541974,80.09775277746526,22.219076426646144,666.5722927993844,7.737671581087952,5.703717395576952,1.660568795830671,61.486360915246365,0.22820403326355962,118.86912064533661,153.28886663623422,31.11261175556963,21.526522067518833,3.9357272066224427,7.137298499166203
1,0,6750,70.0736792835443,21019.767995753842,0.004758643732255998,46.53869357856839,27.88211195658612,836.4633586975837,7.877541949105457,5.433987926338832,1.636620966301005,210.14390995938578,0.3775448317506092,70.06345007128068,83.9171315659103,9.57852474851287,27.889163726347228,3.677515641425194,8.28793774319066
1,0,6750,102.55765265076157,30763.87720680678,0.005474228052087792,78.708131727288,23.60032441958666,708.0097325875998,6.957439715523948,5.530034079583896,1.6435921079345752,182.674157978971,0.3310625252869749,102.57873187268379,128.09467241044445,13.491887468625183,23.58848734979451,2.5913599444393265,7.837687604224569
1,0,9000,69.82284164060609,20944.525064127138,0.004030327745977859,46.697002045100746,27.94970686255124,838.4912058765372,7.757528614290478,5.375233526038042,1.6191331422855955,248.11877917322448,0.3619926056793325,69.8096078433751,85.67963224930978,10.97539780398526,27.947994196615355,3.978683788529614,8.67148415786548
1,0,9000,107.47516614774955,32238.96733878661,0.012161855482715901,83.76019340951939,22.93095379144762,687.9286137434287,6.927436381820203,5.441217726099404,1.6513923591347024,82.22429557900708,0.35263405476367354,107.46036927440741,151.26000582345907,22.06099490821819,22.937453147475715,3.772404208194204,7.604224569205114
1,0,11250,70.72144623316765,21214.07648840919,0.005003379283920888,47.13438235513414,28.466305063833808,853.9891519150142,7.754194910545617,5.019004559555096,1.4897669015005472,199.86491993794084,0.38276058980579497,70.72040941075196,85.45354570346326,13.222959394088406,28.406417286988432,3.4456953942044115,8.471372984991662
1,0,11250,121.2050167947614,36357.46487120193,0.0010369428358295192,100.12721907653341,21.404410373535164,642.132311206055,6.120680075563952,5.290247246575636,1.6319515334623942,964.3733149475244,0.3377303509551717,121.21081586491839,163.38243012766824,27.650481631271028,21.392123641616006,4.051992564307587,7.73763201778766
1,0,13500,75.94987376162325,22782.43046602825,0.014289486106676658,52.2732245035655,26.954794790714164,808.6438437214249,7.374152683631515,5.006911286071378,1.4831590096015475,69.98152295573158,0.32403413080194715,75.92158929783886,85.38282603359401,6.131108291109687,26.94362128375975,1.1177779684809614,8.137854363535297
1,0,13500,124.90756472165744,37468.10583100651,0.012379550194382076,103.59691115086355,19.775349631114562,593.2604889334369,5.887320813423714,5.641478229902156,1.6784271308944565,80.77837920587832,0.2591856749295782,124.89004825417183,164.78770543278716,23.096841832086337,19.800009254204713,2.552839862413139,7.470817120622568
1,0,15750,71.70756880625932,21509.88038958425,0.007403686729534171,49.03233626903768,29.02991961174479,870.8975883523439,7.314146016224026,4.942373772140551,1.4764486656930116,135.06784343141953,0.28514251536913643,71.70101032670946,77.54878652656075,8.164451168142199,29.03066282689972,4.849478709090806,7.520844913841023
1,0,15750,127.04272516449355,38108.58279184258,0.002259421575560504,105.7703171972174,19.27594466033243,578.278339809973,5.813979331036783,5.617588888726565,1.650493006060819,442.5911528936011,0.21980412349332185,127.04751817275019,158.12954833027027,21.862668299333468,19.43133707392854,2.4258347301526233,7.937743190661478
1,0,18000,64.3112744281044,19291.238619283715,0.0007478960488792364,42.52175913576684,31.87664582064834,956.2993746194504,7.40415601733526,4.780094843467464,1.4553170679817105,1337.0842131049567,0.2836546762711885,64.28243630358553,85.75085070667693,17.39603777877981,31.824440304354177,7.628457919098899,8.004446914952752
1,0,18000,123.22403602504494,36963.10333964598,0.006504245005915976,100.2561220075869,20.844785705865583,625.3435711759674,6.254028225358374,5.619579360448087,1.652555394388306,153.74574590754867,0.21969724733396717,123.25237203014208,156.20051967795828,19.810831664482798,20.914587454652622,3.419322160879383,8.40466926070039
1,0,20250,60.74167937890279,18220.47909102487,0.005728527027955249,39.56816902511438,33.626085453111095,1008.7825635933328,7.547505278364263,4.719737175392067,1.4067216080036544,174.56494402836776,0.26023934036480323,60.749990686969376,80.55738925892528,15.2547854399697,33.59811482681404,6.397072841706288,8.087826570316842
1,0,20250,112.62944916586463,33785.080434787196,0.0027197266109828,87.79293821259246,22.647291454535583,679.4187436360676,6.7840871207912,5.770323208489826,1.684823355037187,367.6840149895214,0.21332742722372344,112.63186862244845,131.61317252299958,12.919042305724984,22.573648438452665,3.643409469358023,7.654252362423568
1,0,22500,58.73195927360468,17617.630050105618,0.0022703329608120613,38.14249598544956,35.76226359899788,1072.8679079699364,7.790865651739082,4.972342371844009,1.4720477419556697,440.4640276386227,0.27719439344641866,58.74307878996149,68.32239743801924,11.372056270388075,35.7834217822132,4.307460956028262,8.971650917176209
1,0,22500,111.69803516228747,33505.6872808475,0.011316817519408941,87.33298345985746,22.905716850572617,687.1715055171786,6.897433048116458,5.466209264216237,1.6621597100788976,88.36406509912764,0.244750949843471,111.6932314156777,137.91699256782883,17.409763793720273,22.857672352344256,2.146862612562074,7.654252362423568
1,0,24750,61.74507492668397,18521.464308840965,0.0014224508442044323,40.747024431236845,35.01989850035172,1050.5969550105517,7.634181575730637,5.0700986906823315,1.4997968920887486,703.0119909410954,0.29831595428401814,61.74421565855562,75.35682317249768,12.761936836346356,34.99765666104173,4.281808612454836,8.154530294608115
1,0,24750,107.1441868488399,32139.68458175701,0.01336987948876967,80.72731879605729,23.36837640555238,701.0512921665714,7.2641404600511175,5.481849888553004,1.635810170744085,74.79498980076615,0.24869417356135884,107.11218131622293,122.17370057592868,13.769473894147158,23.33011303209456,1.8156201244927053,7.1873262923846575
1,0,27000,67.96087883416482,20385.998287621638,0.004933099591025731,47.092356067623456,32.814583749774634,984.4375124932392,7.417490832314702,5.053560663502858,1.479970134951417,202.71230725185336,0.28902969904992704,67.95080169056631,74.27759674315885,4.1721868657858385,32.80168922840964,2.885625301094643,7.8043357420789325
1,0,27000,103.33613925689949,30997.397239094615,0.009491441865669184,77.33485630684254,21.741444646230413,652.2433393869125,7.060784531614624,5.833309826351442,1.6959079907493895,105.35807037042798,0.23051894182579727,103.32329416775261,122.00098755616399,14.980275154647666,21.759981542049754,3.2958247097103177,7.7042801556420235
1,0,29250,67.94605129380345,20381.550519764573,0.002394801686718462,46.8710998377455,31.62981746591761,948.8945239775283,7.417490832314702,5.085777244475848,1.5517328784498103,417.57111060426695,0.3113775877811135,67.95280348667649,73.46992612458342,3.860252724224246,31.58518969903912,4.130804514482672,7.6876042245692044
1,0,29250,93.78850699367771,28133.425814536855,0.01709092538482106,67.38323233564957,21.637951373052577,649.1385411915772,7.520835648405379,5.943819922533596,1.7001932585512634,58.51058251580272,0.2598896551068931,93.70585242441798,116.9360191579052,20.51094828941025,21.652595566659485,2.2966864521280703,7.35408560311284
1,0,31500,68.23496436747334,20468.214811429752,0.012186820658435224,46.23505163834262,31.51328377247021,945.3985131741063,7.374152683631515,5.082757262839206,1.5668534163490382,82.05585591413791,0.14234359735301877,68.23539412014797,72.6035172584722,4.80191085777164,31.495319028654922,3.1230713636222887,8.054474708171206
1,0,31500,94.24312809976662,28269.796992326657,0.014773252105345741,69.37009442115489,21.672487178011263,650.174615340338,7.180797866429604,5.956594197386973,1.7020518390519077,67.68990286425473,0.2552305382626757,94.2104176903211,118.09069319082994,17.39248894211003,21.671642095990897,0.8920901741492105,7.437465258476931
1,0,33750,68.88266756412193,20662.504180317777,0.009113473698464263,46.56189429136356,30.751446068673065,922.5433820601918,7.514168240915658,5.431162532149898,1.6094490108144306,109.7276442646137,0.15160053926969688,68.86792452250661,75.927723912294,6.387803849685761,30.758066038444053,2.472333113983066,8.171206225680933
1,0,33750,94.21091994130313,28260.135618392895,0.001062277513483528,69.66204131375915,22.38538612809426,671.5615838428279,7.4008223135904,5.699338393703756,1.6688055993685262,941.3735933472776,0.32159337635868823,94.19013420530504,137.18580647220705,26.30657557774296,22.429828085457245,4.27337905889895,8.838243468593664
1,0,36000,72.10178796413776,21628.13299630919,0.010582977132439188,48.25805632223473,28.648861153886397,859.465834616592,7.657517501944661,5.690378860877924,1.6677266943414157,94.49136925135902,0.16200271579971426,72.09725575911789,79.73072419153077,6.026799628090649,28.621732134911447,2.626909897982319,8.121178432462479
1,0,36000,79.8873671665108,23963.54723771436,0.013106333616225773,53.94163512538308,26.571672372027756,797.1501711608325,8.154239359928882,5.512773389234304,1.5551544499836016,76.29898866315976,0.3802763315608837,79.8819569251856,130.5776962426282,26.771073427231045,26.639435546013488,5.740223956452646,8.804891606448026
1,0,38250,71.48687472149274,21443.679520623773,0.011923624463787955,47.979370566943324,29.156878111497562,874.7063433449268,7.677519724413824,5.356513702773082,1.5573669374438872,83.8671163316993,0.1561219033196737,71.47211958447033,88.65262063599677,9.395754325371461,29.13185232764581,3.4856991095901004,8.237909949972206
1,0,38250,75.00870047394484,22500.109852167658,0.021119110590999687,48.246865183137025,29.950309414402216,898.5092824320664,8.427603067007446,5.289919518231201,1.5060051429658345,47.35047887983357,0.4066593774967185,74.98979095725971,119.56289438909639,29.166674924871852,29.938407117265303,7.615376378822195,8.504724847137298
1,0,40500,70.92248898759405,21274.38261331196,0.001806610769653963,48.23940298137933,26.928461414653793,807.8538424396138,7.607511945771753,5.640990078658787,1.6084720018331988,553.522660662285,0.3389040773745384,70.91972106139067,82.74870688817641,6.755013541249312,26.900234650417627,1.6638315454221724,8.004446914952752
1,0,40500,62.913196073713856,18871.861715578365,0.0015316400509044607,38.74183785005546,32.62255226391795,978.6765679175387,8.274252694743861,5.398631672008456,1.578502552256264,652.89491444774,0.4318925248478253,62.92364504411963,95.80133610387833,16.89451700704718,32.63006495785301,4.7602814487324485,8.337965536409117
1,0,42750,69.44895207278276,20832.370656765735,0.009554561768924597,46.24478348959995,26.3378611319622,790.1358339588661,7.767529725525059,5.708446991851802,1.6110715226864931,104.66204774063164,0.3462223815827142,69.46083292299761,75.97579502508508,4.59693229253815,26.394535512248886,1.959882420002714,8.271261812117842
1,0,42750,63.98288203838992,19192.731848782365,0.012978985986190981,40.305086527634415,32.74913129580598,982.4739388741793,7.970885653961552,5.41216985425569,1.515588010716661,77.04762152173923,0.36912089359698297,63.9939627844027,77.99333085980679,11.908659981281373,32.74278438222032,3.1889087332605834,8.237909949972206
1,0,45000,58.03649645622554,16902.16231793476,0.012409534766175019,35.529424425397366,30.25389263936071,907.6167791808214,8.045095570561978,5.750603758095537,1.6059185518765435,80.58319822961657,0.3952864002815561,57.11874275234131,75.94913029339675,18.5617688114972,30.58129844865607,6.598387414496983,7.987770983879933
1,0,45000,67.24583904027635,19584.229856496484,0.003456693805687095,43.26661530556617,32.340312570480535,970.209377114416,7.8905802907176374,5.531202453472918,1.5602238526635643,289.29377498080936,0.3708821401720582,67.2886186984111,85.35546396669652,13.107079552910763,32.3526934860596,3.9805183780008333,8.022121014964215
1,0,47250,56.28942402524284,12171.649788391675,0.00971062518409754,33.4994029797566,30.573778488360194,917.213354650806,8.190226607060275,5.661324749691689,1.574036347270957,102.97998131342099,0.41683378375625435,53.373747914641164,78.65032615382135,21.755277042136168,31.697707888059895,8.723481166612014,7.770983879933296
1,0,47250,73.25399837473748,15839.956248564067,0.005463135351723771,48.60462940914296,30.513011396837523,915.3903419051258,7.783258825342994,5.603509309350288,1.5573857538888445,183.04507130405844,0.34608541531930404,72.67557695300982,91.66414596320048,12.626895660134151,30.662401725086596,3.570832485769866,7.73763201778766
2,0,0,78.10347801952337,23428.439956589697,0.0026708358251009076,54.140650162330445,24.47666347510268,734.2999042530803,7.454161573508168,5.213159954971547,1.515561965136259,374.4146272870287,0.2828472928579949,78.11539651340891,105.23928280329703,14.933155634871332,24.547193245362017,3.232585836350419,8.087826570316842
2,0,0,96.32105605357236,28893.10611420326,0.01732744004215927,67.39925815615491,24.65246916721093,739.5740750163279,7.757528614290478,5.588700534613544,1.6164364375255686,57.71192960800368,0.1665677631861091,96.31837610396015,101.37097713379622,5.7625407586023165,24.795485096771,2.1568238597843528,8.638132295719844
2,0,0,112.5730751089996,33768.170096862916,0.008338649653378213,79.65437841073096,20.990396907714796,629.711907231444,7.620846760751196,5.804005583239767,1.6543274482582102,119.92349379912764,0.2064131945359241,112.50281116456856,146.6348003565175,20.176462019000088,20.974104775887245,2.854534051450649,8.354641467481935
2,0,2250,65.96661744789778,19787.78634712107,0.01032457730609612,45.18063744570284,24.834842955509355,745.0452886652806,7.257473052561396,5.221309332827787,1.518539571228625,96.85626542885709,0.2595622255966585,65.96115993734013,84.15374034567984,11.858384855053416,24.824991790636755,2.3840091040451443,7.604224569205114
2,0,2250,95.65768387921823,28694.116574302832,0.009524900293804662,68.50583916718378,24.25922711535673,727.776813460702,7.530836759639961,5.6312566503433015,1.6383636799547987,104.987975637964,0.18259144253150475,95.66384177732321,102.17041086877674,5.527048699418777,24.41425029626946,2.8964477855346016,8.321289605336297
2,0,2250,104.5994196643757,28419.66232281088,0.0013203718217984811,74.06598409526401,21.882061722587704,656.4618516776311,7.589252852410747,5.854541786684272,1.6640363994666207,757.3624213200021,0.2331847297269171,103.95761416209783,119.81399004514945,11.167443124396566,22.17533487181251,2.752973749609115,8.704836020011117
2,0,4500,59.93234353373839,17977.705315337058,0.01604531660088934,39.78253385595311,27.986206210348975,839.5861863104693,7.3308145349483285,5.142269369644667,1.5446721732076787,62.32348197757427,0.3023456543678814,59.921722812857055,77.55753793826926,12.14111406416377,27.913349216092275,4.25624404439199,8.121178432462479
2,0,4500,93.11720110572396,27932.056425013663,0.014491481375093821,68.54261448179506,23.825572565933697,714.767176978011,7.334148238693189,5.803592612765307,1.6872080292326237,69.00605770495467,0.2627842487211305,93.13649085403969,102.07098663265707,6.121424170478047,23.855826164202547,2.6825382126786956,7.537520844913841
2,0,4500,99.12712424249261,19498.3053384983,0.026632451592720312,70.43614129124353,22.384476634213843,671.5342990264154,7.42755465175394,5.882484945181551,1.6662965012722433,37.54817676166692,0.1821551430688425,97.31222287426897,113.7585236980972,10.272794313781093,22.96754424173999,2.9060090949866337,7.720956086714842
2,0,6750,53.71967830307595,16114.112834979349,0.008617871006093432,33.68827689271014,31.401123078755578,942.0336923626674,7.5941771307923105,5.084746495031366,1.5118779052846791,116.03794014704219,0.3099903842243182,53.73577484688015,68.69655460317215,12.313166434468284,31.318824958439386,3.583708677208566,8.254585881045024
2,0,6750,90.58773770238551,27173.301719458905,0.01325699694763505,66.25315086846707,25.609383351210194,768.2815005363059,7.354150461162352,5.944050911770631,1.7023200859871594,75.43186469379044,0.272339124436223,90.58963947824988,104.85207618916994,11.72732818871458,25.635741927840748,4.015255334801131,7.937743190661478
2,0,9000,58.77728910858047,17631.22748960385,0.009258125802152503,36.91950703896252,31.63283885484818,948.9851656454455,7.797533059228804,5.178412210653492,1.5121451974322488,108.01322226227487,0.3445855134815905,58.753412045398115,86.63422755648682,18.03340919596711,31.604010672972425,3.165242391755673,7.937743190661478
2,0,9000,87.21330715803394,26161.085037171582,0.018916504719821117,62.6080665729251,26.1762985868967,785.288957606901,7.307478608734304,5.775934837305423,1.6732907018083176,52.86388869462648,0.2646287971290176,87.20847294531742,107.58601836819011,13.26424431680223,26.17786246280471,4.661980588666842,8.037798777098388
2,0,11250,66.79026751155136,20034.853911215025,0.005191776695568944,43.657988959639546,31.62833690195736,948.8501070587209,7.784198244249362,5.1902187404006455,1.565844899681199,192.61229028850101,0.35096810640944326,66.77033243417662,77.6626119371078,10.75600311825526,31.617854843658733,3.7193420211232544,8.20455808782657
2,0,11250,79.50245142045141,23848.085344421404,0.0030025134416556873,54.09408470433711,28.040049255333507,841.2014776600053,7.58750972330259,5.458199819104646,1.6669691388990018,333.05429581976034,0.2601927921886209,79.53344142671408,101.16615489267964,12.10421034311572,27.981020136162577,3.198127249213276,8.071150639244024
2,0,13500,70.17958981971603,21051.53762625415,0.016651848601850247,46.24672961410423,30.694389480796854,920.8316844239058,7.8175352816979675,4.999720120632373,1.4764486656930116,60.05339250375399,0.3229013711450341,70.18885871521245,81.65284077137868,11.767250806006944,30.678184430495797,3.0798043124261008,8.121178432462479
2,0,13500,76.3101530497731,22890.502243163606,0.009235316378214772,52.020380621445604,27.7457387173172,832.372161519516,7.480831203467052,5.507399781174023,1.671549165894995,108.27999378114478,0.2501161113440565,76.33018192348261,89.76806351033832,9.200575989484353,27.732851305683056,1.6518166370137415,7.937743190661478
2,0,15750,72.11521932052341,21632.161955513002,0.004803019351741097,48.373546489790876,28.466965718060788,854.0089715418237,7.614179353261474,5.277561429793922,1.5185502571700211,208.2023674623546,0.2940181374819455,72.13547707015532,86.64420284599099,12.675333819388454,28.465554672283236,1.6370158989668624,7.821011673151751
2,0,15750,70.46142068594695,21136.077491761214,0.019001486603961355,45.545691343969295,29.14375137960376,874.3125413881128,7.887543060340039,5.4143159938486205,1.614195684698008,52.627461253032905,0.2877213520901808,70.46240600446693,85.15066895810924,11.350360472361634,29.071500480916292,3.9941702016183065,9.088382434685936
2,0,18000,70.91753340358889,21272.89610329655,0.014906712485586891,48.466483264210794,28.22868697614088,846.8606092842264,7.514168240915658,5.316249453413241,1.5183140714126493,67.08387251494165,0.2973916065201673,70.91141336341025,83.06434234577173,11.985664173761291,28.219991656071397,1.562224984207327,7.45414118954975
2,0,18000,79.04832450993452,23711.86240883002,0.015945903895122755,48.701745348602685,28.92579161826128,867.7737485478383,8.810978997666409,5.446561857437897,1.5958559378764727,62.712029783765466,0.3909298057263576,79.06465020766719,113.19890998491204,19.914462215199364,28.853554703194202,2.8688382103668024,9.005002779321845
2,0,20250,66.12652294645369,19835.75266650455,0.006322754387612754,44.09897958002988,29.492324470971095,884.7697341291329,7.6408489832203585,5.528996860000425,1.554627841343938,158.15891915067164,0.272478478950158,66.14188127858533,83.84430165552229,13.191141085982345,29.55355940544385,3.1207562359076815,7.370761534185658
2,0,20250,80.99694464208874,24296.383494471876,0.0084647341584675,51.299999999999386,29.232553827389836,876.976614821695,8.724302700300035,5.291448479012267,1.5801758872564369,118.13720091843327,0.40414045713653235,80.99046553368858,102.0802375982248,19.09392252754953,29.165203727552182,3.7360974966972402,8.821567537520844
2,0,22500,60.20262013377359,18058.779286127618,0.0029648329312877463,39.1795865215535,31.52171950328794,945.6515850986382,7.454161573508168,5.542117007059683,1.5522201437458263,337.28713326374844,0.26491548051216307,60.18806580274285,83.33008407153687,15.897807722703428,31.623624549430144,6.13414572938167,7.654252362423568
2,0,22500,84.28909972998245,25283.920282337072,0.011751766750042197,54.19381883572944,29.06294756417744,871.8884269253232,8.560951216801868,5.441335987133802,1.5631985870029697,85.09358816166167,0.35454129826525155,84.25476940674646,119.19272756663557,23.135849374009144,28.95931479580262,5.193660992416712,9.538632573652029
2,0,24750,58.75050106886002,17623.191970622374,0.002572576542497349,37.55875397294207,32.470962739011036,974.1288821703313,7.610845649516613,5.515011134088493,1.5632752057783266,388.7153534523183,0.28740162537211966,58.740518840855614,81.9570318479067,14.865517044686488,32.516263574015554,5.142325834431029,7.73763201778766
2,0,24750,86.39173275049794,25914.640100724362,0.02182654554234322,57.067065808571755,28.011147300775843,840.3344190232754,8.247583064784976,5.606070625026861,1.5658448214380403,45.81577043696689,0.32340315982090817,86.40215047468755,120.15360166703005,21.900461930790936,27.937664303786278,3.9952047041857504,8.654808226792662
2,0,27000,56.58435095335588,16973.419140974984,0.009206784187864794,36.14595413044125,34.09253845817732,1022.7761537453198,7.477497499722192,5.5145260583227245,1.548798572212035,108.61555778814412,0.2465233582170317,56.57918473094084,74.13017555979313,11.999249625389412,34.14209977687643,6.0353376400997885,7.92106725958866
2,0,27000,73.378078439118,22010.97759578743,0.012782643912128022,47.95497888644756,29.737600772986735,892.128023189602,7.947549727747528,5.796610303737842,1.636620966301005,78.23107698800963,0.28868286833316714,73.39646408801609,101.14665329788407,15.304733178841234,29.58699248513318,3.585462918185993,8.387993329627571
2,0,29250,63.03406109177402,18908.117192162477,0.011435075862735178,41.885200250207724,31.103243667295118,933.0973100188535,7.450827869763308,5.46948373767977,1.4934521760397117,87.45022875264144,0.2825655811353486,63.04699144827513,84.91203706216992,16.27467034780229,31.232747145190523,7.659816522951659,8.171206225680933
2,0,29250,84.36525175742445,25306.763352168753,0.019029673815111538,54.86638315033892,27.801583308863155,834.0474992658944,8.190910101122348,5.740450940291507,1.6631223050413846,52.54950818998779,0.3394319814866299,84.39453056509868,135.66074894334113,27.430825953080607,27.71756912117649,4.292061802770443,8.354641467481935
2,0,31500,62.92066970522988,18874.103555912123,0.01736019131242413,41.64276647870551,27.62196501519105,828.6589504557314,7.580842315812869,5.319882391640817,1.5279316357071737,57.60305183297907,0.32819500163589266,62.91342534370832,83.22259219473825,17.444034695597388,27.59720328954932,5.618473383745652,7.437465258476931
2,0,31500,91.86270627508185,27555.749792315386,0.009774297336862395,61.46486801417444,26.69684911291025,800.9054733873077,8.154239359928882,5.626602181913278,1.6268889261553976,102.30914464087766,0.4023633683640691,91.8720876431423,144.58604430757285,32.88838666086864,26.669360525617787,5.533418473024676,8.321289605336297
2,0,33750,66.58126895634962,19972.16131127301,0.0034558479113074654,44.02749141161533,27.192187243723406,815.7656173117023,7.670852316924103,5.539047784424997,1.5427452726239066,289.3645859610951,0.3101833540424271,66.60000927809045,83.95268127150132,16.952654013797535,27.223493662801683,5.155069527861066,8.037798777098388
2,0,33750,99.84038725135754,29948.788162498888,0.01004919036334832,70.47957150834583,24.88018924894602,746.4056774683806,7.730858984331593,5.658706985513724,1.6537639185603064,99.51050421407352,0.3245768022780114,99.8567207010384,148.47218466228927,27.740267241615733,24.838744240180453,4.4820731148818735,8.421345191773208
2,0,36000,72.8602164696654,21855.636267017297,0.004274170224154436,48.98183336707516,24.660895876643615,739.8268762993084,7.854206022891433,5.605219518848175,1.5427452726239066,233.96354088771255,0.3373815157448845,72.87528519270887,98.93430211690298,19.786975717929053,24.651009266207588,1.862485714626527,7.63757643135075
2,0,36000,98.14016220673474,29438.7773232802,0.010105000654626519,67.84047464456627,25.731824302585814,771.9547290775744,7.887543060340039,5.4147484346588595,1.5768723864410759,98.96090402944759,0.3183684121113643,98.14699313840825,129.23380932848886,26.396877784889444,25.753636436774276,5.050452336991409,8.254585881045024
2,0,38250,71.5060660005079,21449.43626461902,0.013593367251308715,46.79326874668972,27.462810941521788,823.8843282456537,7.990887876430715,5.58093233765163,1.5600060971598877,73.56528971169553,0.34286870518379114,71.51341688288505,99.2181086464805,21.251796430261916,27.397764662028415,4.332065493229548,7.754307948860478
2,0,38250,89.80085398645551,26937.262834137102,0.013574589949878578,61.99556435746037,25.8461795368549,775.3853861056471,7.767529725525059,5.505652831973194,1.6054734105856991,73.66705025288405,0.28553394135859567,89.80932102312764,117.98368727971994,21.38127207436386,25.890213613695984,5.137488026704157,8.137854363535297
2,0,40500,75.77788347099165,22730.83911184846,0.0014789017353595347,51.590406084852084,29.83465937270603,895.039781181181,7.7941993554839435,4.9143670845167415,1.4728101957842576,676.177447149246,0.29921749169943224,75.75853813910983,99.51460387830933,16.279922669168123,29.871702855890824,4.839492183738301,7.954419121734297
2,0,40500,81.37175152012419,24408.81306431992,0.011541121736600199,54.538976888092684,26.77288855370226,803.1866566110677,7.784198244249362,5.603679440341594,1.626087235610903,86.64669022844754,0.22866508224506057,81.38423457885547,101.28932697096936,15.492657029592031,26.734226624029304,4.321907943938543,7.854363535297387
2,0,42750,72.08225232469671,21622.272955664856,0.016102587676111578,49.0717841534208,31.86958000176661,956.0874000529984,7.677519724413824,5.014642436374994,1.5375767927882855,62.101819913299686,0.32374589002018594,72.06901846964028,94.30898548823387,18.8236637454725,31.873704048804814,4.787000249432228,8.321289605336297
2,0,42750,70.87312335569494,21259.57456926329,0.006315565316510298,45.735981458806094,29.696998555993364,890.909956679801,7.8175352816979675,5.492487752615825,1.618471640084929,158.33895302860324,0.2840575176472142,70.85266245862287,87.55887420750486,15.35268151487412,29.59618623424347,4.8346791416091275,7.954419121734297
2,0,45000,64.24775415250699,18711.08760101512,0.020408867431017996,43.49896550493901,34.20998153476607,1026.2994460429818,7.437335469840906,5.110653149495627,1.5446721732076787,48.998309356459956,0.3072910880597342,64.24491261614936,80.92012535556823,13.249757752960551,34.22107439435778,2.708803166254115,7.787659811006114
2,0,45000,83.90069846357422,24434.6800825416,0.018090255566523345,56.004464107783136,27.258506097302305,817.7551829190692,8.055396589218267,5.4055221619513185,1.5920726957855806,55.278378811327315,0.32650717102867177,84.97857604338945,120.53982222750996,21.800698380346557,27.0023316748634,5.464713033772095,7.754307948860478
2,0,47250,59.511234630043866,12868.312634836486,0.03380660894578811,40.38427911948056,34.506385754007965,1035.191572620239,7.302296901495299,5.107000781184274,1.5446721732076787,29.58001500841414,0.29114583893763435,60.121060146031496,69.09480282849245,12.466348071889973,34.184573406900306,4.3019802652068,7.720956086714842
2,0,47250,82.00644198721118,17732.526305701296,0.019625339620677553,52.68481754737408,28.595910227551737,857.8773068265522,8.347464159087407,5.2671369227557046,1.5491827788414745,50.95453221845827,0.35428886356985595,88.37356317199232,146.18877395574464,34.69593265957798,27.31173788137109,7.416338177065763,7.871039466370205
0,1,54000,45.240244968640155,13570.565482426424,0.009032781248468548,29.455050500721136,57.400328436353114,1722.0098530905937,7.5508389821091235,5.245382469902123,1.4905541858776763,110.70787307835488,0.4032872576411335,45.248180023966796,64.8101617858552,11.141889703681404,57.35021009604664,4.212386693690674,8.071150639244024
0,1,56250,48.0846216334645,14423.783669318234,0.04041448620072304,31.812733299734003,56.87682571947527,1706.3047715842583,7.674186020668964,5.105077196494596,1.4831335287135072,24.743602950520977,0.2883105900243432,48.07495802534376,64.98964093128129,13.189419374981767,56.833138548410304,6.016462159428115,7.92106725958866
0,1,58500,49.03423002288578,14708.634532531638,0.029261205352638726,33.78298388242295,59.060676406257194,1771.820292187716,7.534170463384821,4.647324051611821,1.3776961696580776,34.17494214433725,0.2245521492694495,49.034654922384824,55.24738874885489,5.091140055542741,59.882913751792344,6.945294903014803,8.054474708171206
0,1,60750,44.951077781460555,13483.824965178785,0.03241965496738631,30.050956723537915,59.93520014006642,1798.0560042019927,7.890876764084899,4.960994128957703,1.4401883399468762,30.8454855860121,0.22758404350162822,44.9552319484538,50.010060674359664,4.360117215618125,60.60883492150871,5.039484800974177,8.321289605336297
0,1,63000,39.668522893691915,11899.234584011117,0.02183155832286641,24.181191037663808,65.98369177531453,1979.5107532594363,8.69763307034115,4.839695232343331,1.4248708661096954,45.805250601492716,0.2502858113846962,39.66319029211827,58.96806925779703,13.533860965014972,66.27699770240662,9.764026918849988,9.2384658143413
0,1,65250,30.18336393739876,9054.00306908838,0.06130296493050212,18.15929514050541,71.16648096763629,2134.9944290290887,8.587620846760752,4.3095780289734975,1.2773614393420276,16.31242471116493,0.30561489815439125,30.179671765728834,41.951861719817735,9.891359168591151,71.66857809219664,9.353110373282213,8.838243468593664
0,1,67500,27.68430030671544,8304.367282004408,0.045650721030793595,17.015581094982675,69.08083763566518,2072.4251290699553,7.907545282809202,4.929263193798519,1.3446949467969262,21.90545904686702,0.5465949359972643,27.69172008444818,39.2098415415168,7.136247709662479,69.04740971169414,8.342960475051278,8.838243468593664
0,1,69750,28.442174507735377,8531.704279837022,0.05194807960028932,15.967780058604706,70.34178487565356,2110.2535462696073,8.290921213468163,5.247808517101574,1.438022719676993,19.249989753123245,0.6096446315009861,28.44584175287549,45.43947446126059,9.890449687137615,70.32909226478576,9.68024585187025,9.005002779321845
0,1,72000,45.57633406141584,13671.381007289372,0.022117362225563257,23.91359446005595,59.210296144551556,1776.3088843365467,8.754306034003779,5.206655479330036,1.4521076368753896,45.21334821944543,0.5885865005581904,45.57761303956015,89.02608948612536,25.45851701675118,59.191606964126365,14.978178827514125,9.371873262923847
0,1,74250,59.0880324899599,17724.44014590497,0.012352855427877688,33.9119447982564,51.31096951166507,1539.3290853499523,8.62762529169908,5.104491518412906,1.4764221091276537,80.952942891505,0.5313173698518342,59.08501186486095,88.88665786852287,24.629602724957078,51.29922792780311,12.992822994567739,9.288493607559754
0,1,76500,69.40865224636366,20820.282052167553,0.011206831148317269,41.65573189850298,45.73858827631636,1372.1576482894907,8.837648627625292,5.182581892851402,1.5486394697638106,89.2312899842479,0.4698328780042492,69.41710036779992,91.56831398226268,20.270831652129907,45.74659887569029,11.359190319314111,9.638688160088938
0,1,78750,68.90477023367652,20669.134244428493,0.010175380330102821,42.309573384756106,44.55795104560165,1336.7385313680495,8.397599733303702,5.360489566783579,1.6016504482545473,98.27642481741958,0.4409307175342084,68.89997021200118,90.62964687799419,20.074605674515674,44.60095662492133,8.813878914916698,9.305169538632573
0,1,81000,54.841756850708,16450.69899665071,0.021104129432368425,33.19036004625501,49.6217544339541,1488.6526330186232,7.687520835648406,4.849735017385185,1.3938998740341193,47.384091497574474,0.44412635081643126,54.851485451417645,83.11923492739218,18.91407281869993,49.56830737354304,6.777431574089888,9.088382434685936
0,1,83250,43.332384748054565,12998.271011591434,0.016289003777293518,27.24059470716417,53.88733311305315,1616.6199933915948,7.430825647294144,4.73567688287214,1.4366545151390815,61.39110860751203,0.41434838565458265,43.310727240894856,72.23825633479508,16.05280534969917,53.822939914461735,6.463211908802258,8.904947192884936
0,1,85500,32.11360100876926,9633.009849263817,0.007072684660831986,22.401785643113243,57.50245933624045,1725.0737800872134,7.240804533837093,4.574814303664545,1.4134627972888467,141.3890266503648,0.269936314301509,32.11320275155739,40.72176276907174,4.68561426599978,57.503718046445826,1.8776137920731892,7.887715397443023
0,1,87750,26.982225448202623,8093.768226945846,0.01394159465993282,18.11215061774784,61.337551281560366,1840.1265384468106,7.857539726636293,4.739140878625764,1.3906921158330776,71.72780620813276,0.2659489936539363,26.986321898763556,32.29525627886529,4.990119381040216,61.34347549535465,5.835954250555281,8.28793774319066
0,1,90000,25.962954204389558,7788.020829510055,0.006067400732826457,16.335544068073272,64.49063115609964,1934.7189346829894,8.220913434826093,4.918569860772799,1.4370779829416505,164.81522220704827,0.40664325918766653,25.962811691405648,31.067672448878092,4.456798045717392,64.50308989191518,5.777235657560083,8.40466926070039
0,1,92250,26.886059724718113,8064.92171542461,0.021936885129103162,15.976232346832393,64.39279461371572,1931.7838384114716,8.277586398488722,4.678458087946095,1.3548219857354205,45.585323263297894,0.4542743625661909,26.888369218832207,34.94057337436911,5.701499823306404,64.38722515430851,7.069214692769314,9.0550305725403
0,1,94500,26.99928006765057,8098.884044292916,0.02810664538863266,15.178932768807627,68.6424198622423,2059.2725958672695,8.600955661740194,4.360113554206613,1.336971682210822,35.57877456284541,0.4349857559265918,27.000495017056494,38.24003590386951,6.427924329132956,68.66367597171595,7.484188999913791,9.105058365758754
0,1,96750,29.045480919306947,8712.676093094775,0.030405398512976224,16.991762710209223,68.21001631579539,2046.3004894738617,8.374263807089678,4.385553288169793,1.3277626430439473,32.888896344286564,0.41940958493439845,29.05153314951241,39.34948793527311,5.744167692336965,68.2484754107525,10.385710372662658,9.2384658143413
0,1,99000,29.95511933858447,8985.537297597386,0.015259213754067911,17.194475857088356,68.07976884478995,2042.393065343699,8.39426602955884,4.277752990107831,1.415903036033902,65.53417601437117,0.45684946072634963,29.954323204516886,36.52487133277248,3.955304556410144,68.15263749850178,7.893849552200857,9.105058365758754
0,1,101250,26.918199116284356,8074.5624615814295,0.02822693998136736,14.894629904767738,73.52655313060544,2205.796593918163,8.694299366596288,3.9480520267257897,1.2066117672665782,35.427148697666176,0.4367084359187493,26.92063719588752,34.78289668496689,4.747365816299835,73.77930056459556,9.688348430056145,8.988326848249027
0,1,103500,25.20131495462772,7559.554442556494,0.036682324580225564,13.483323032545659,75.94454527987394,2278.3363583962177,8.370930103344817,3.9819337132653354,1.283286071937738,27.261085862019566,0.4775080753081138,25.20809968591106,34.582196462686,5.50821301336168,76.26585977170244,10.596458433301873,8.971650917176209
0,1,105750,23.524951680846975,7056.701339198064,0.061335621943047314,12.149074038790483,79.53423708360955,2386.027112508287,7.997555283920437,4.226189793182865,1.3234557708547587,16.303739463643847,0.48821789836122814,23.51293983270369,33.75339376313691,5.275381014518267,79.50700428725148,7.68770332638756,9.221789883268482
0,1,108000,19.249345967176264,5774.162145287307,0.027779454803323504,10.204410811016638,87.2291804640959,2616.875413922877,7.347483053672631,4.11766811771531,1.2188781995673619,35.99782670610084,0.4472795877397574,19.25320457578065,22.811092806809807,4.025686839479735,87.07842301362693,7.126984323026353,9.288493607559754
0,1,110315,16.91090332692762,5072.707301300721,0.026516635990805424,9.319334740205692,91.95858504095897,2758.7575512287685,6.804089343260363,4.047822481620649,1.2795213401137002,37.712174362794265,0.5299983220069578,16.915456947695066,23.23688717104656,4.763229810672248,91.93810387979984,8.089174879536296,7.720956086714842
0,1,112565,14.68539005588192,4405.127503762715,0.03010034614600683,8.23771813064696,94.61533132818772,2838.459939845632,6.747416379597734,4.220696818666285,1.221167648851691,33.22220931112654,0.5542838373444227,14.688359528335031,20.575248209351816,3.5526427935081935,94.6333147490083,5.225748353015653,7.35408560311284
0,1,114815,12.861861487402638,3858.1297175045447,0.02236345590373313,7.55380698720861,94.40074105810484,2832.0222317431453,6.534059339926659,4.386852168217964,1.2417347659966045,44.715807981765025,0.5936639813830872,12.851781385183623,15.670147123927814,2.317958486447918,94.4964869230932,9.48702804698952,7.654252362423568
0,1,117065,13.476456567876328,4042.487755143969,0.03441659970478244,7.874642849045166,92.25779199956273,2767.733759986882,6.540726747416381,4.784274258543336,1.351169398132909,29.055746604190034,0.5595270999085614,13.478327667668756,17.52005461347368,2.587714358579438,92.27861076945598,11.726771964766442,6.770428015564202
0,1,119315,15.297571640903337,4588.761573216305,0.03184715601645447,8.538149682454138,87.40326932374886,2622.0980797124657,6.930770085565063,4.86843641670875,1.424547006567332,31.39997805403189,0.5469337105585027,15.271574478969422,19.672429573285722,3.04274918969668,87.41948860686323,9.55564150551762,7.1873262923846575
0,1,121565,16.544503668376905,4962.799617057459,0.03293165010610638,9.674709297959772,81.67092593789607,2450.127778136882,6.84742749194355,4.7870336907743285,1.3606342924968382,30.365924476240384,0.5133862056802039,16.547273713806533,18.94441401433439,2.350909736654383,81.66879420117598,8.053007075221123,7.520844913841023
0,1,123815,18.614181444732846,5583.6339607050295,0.04531455651088509,10.478549517942046,78.73711671152334,2362.1135013457006,7.124124902766975,4.666707209687054,1.3969206622964234,22.067963961200597,0.4142836711942011,18.619300537740664,21.169252119597928,3.180383759207154,78.6437030675039,10.547297849744512,7.954419121734297
0,1,126065,18.07299842425756,5421.29709399646,0.02128890420789433,9.931767214348246,82.62020905326744,2478.6062715980233,6.930770085565063,4.586166591903897,1.4627618634569959,46.97282632467203,0.032500931358782695,18.07163482932183,24.768210832778685,5.67192109276287,82.71980917571125,16.019241534252693,7.937743190661478
0,1,128315,15.74251308960073,4722.229176443898,0.044695972450307875,9.004998611884217,88.74278588654471,2662.283576596342,6.530725636181798,3.948466912011746,1.2697716095188682,22.373380534717775,0.022314212171780787,15.746591322369587,22.569792782165315,5.688326547310903,89.0226748718135,18.538336225192783,7.8043357420789325
0,1,130565,14.36826641502217,4310.000982292817,0.04335214629977977,7.874642849044808,96.6565640025486,2899.6969200764584,5.907323035892878,3.7323801728174937,1.1401558707545245,23.066908685097328,0.17420978328086661,14.3714767177943,21.370909187858796,4.918676883471716,96.588363547257,14.36499922476327,7.770983879933296
0,1,132815,10.808670725080733,3242.2409285000504,0.032998041347160216,6.801470429252687,106.22651903726816,3186.795571118045,4.87054117124125,3.1320195683756498,0.9101319154423279,30.304828989071474,0.1721560013993855,10.808860509503322,15.82348186922561,2.9110796147437403,106.08758400929673,3.352150791196363,5.536409116175653
0,1,135065,9.034872022005107,2710.1604442007983,0.02016225822794267,6.2425956140059125,105.79917399794506,3173.975219938352,5.063895988443161,3.7777265002199116,1.070664105730941,49.597618912256074,0.4979521067991217,9.035561219038764,12.447916069612388,2.1773871500052255,105.74071271173666,1.605983256426337,5.536409116175653
0,1,137315,8.228283781206356,2468.210858235867,0.020849937183918373,5.770615218499657,107.51530122249223,3225.459036674767,4.793865985109457,3.4875019427482536,1.2938944261221668,47.96177519284343,0.4983554548794689,8.229962288727943,12.678315473159381,2.374719082886717,107.39344662531735,4.924126923690981,5.703168426903836
0,1,139565,6.737031102079627,2020.884762920486,0.015383422006288675,5.40000000000191,109.58569525672111,3287.5708577016335,4.263807089676631,4.492328099877749,1.4278487101856547,65.0050424145684,0.40287898087323587,6.737448611778976,7.987543532493236,0.8460569057828319,109.60003128641242,3.3634432395615135,4.952751528627015
0,1,141815,6.628227919174455,1988.2474348216972,0.013499798068721827,5.316013543999483,109.83786770419015,3295.1360311257044,4.297144127125237,4.594272017603373,1.4997968920887486,74.0751820811999,0.3865070748739781,6.629301460435087,7.741244246441992,0.5956715690205444,109.82723099052005,3.7758766978797516,5.703168426903836
0,1,144065,6.275062985469817,1882.3097268747629,0.011418657545160995,5.239274758974062,111.52186115073893,3345.655834522168,3.8737637515279477,4.309062540882035,1.3924812503605783,87.57596907035544,0.36492059990503717,6.275686960682768,6.787248372810119,0.46089382125891604,111.5006712758862,1.3260639747557021,4.118954974986103
0,1,146315,6.48004645011752,1943.7979334869187,0.012965265905608446,5.3413481444293875,108.55286675993996,3256.5860027981985,3.7070785642849207,4.3003004746048505,1.3791441551927337,77.12915471848713,0.4247913247282894,6.479449612692138,7.107576278816389,0.6400783203304685,108.54552482887019,4.222958382569302,4.1856586992773765
0,1,148565,6.416247316377227,1924.660320002622,0.013070100789420036,5.366563145999953,109.17212104502576,3275.163631350773,3.6370707856428495,4.021384911253199,1.3440572591385984,76.51050409722,0.413473630826638,6.41499886761203,7.50277104211018,0.6257358756100986,109.09913598113765,3.344101464476648,4.385769872151195
0,1,150815,6.3093608178041505,1892.5979333139849,0.014326673459625553,5.341348144427951,109.30986243347171,3279.295873004152,3.5203911545727307,3.770905238841507,1.2860308429358887,69.79987383799396,0.3918025084658642,6.308317666255692,7.924183604725662,0.8720030739618994,109.29043960783926,3.1958177929598297,4.285714285714286
0,1,153065,6.393502122834278,1917.8375201128556,0.01221195554337802,5.408326913195794,108.95870707013415,3268.761212104024,3.553728192021336,4.039277700834816,1.3728885968669968,81.88696695200909,0.35411408013113144,6.3933934447279075,7.514631349666422,0.6275170601990769,108.9630609862329,3.139193676434813,4.219010561423013
0,1,155315,6.152180803813089,1845.449168450466,0.004606845842940469,5.4083269131981595,112.14421712448824,3364.3265137346466,3.2003555950661187,3.6118369239888932,1.2804014681135563,217.06825756550984,0.25166166368226367,6.1501072153624055,6.613978253155345,0.29081836945893214,112.15595919363247,1.8912348608337923,3.7854363535297386
0,1,157565,6.283008656477311,1884.6931633213105,0.0008956767396056641,5.636488268416284,112.40581466112958,3372.1744398338874,2.7836426269585512,2.7271299267695515,1.2510457064357527,1116.4742320318219,0.224833148889829,6.283379535927784,6.567449999302286,0.24355346754454668,112.39123175281975,1.9915075472650043,3.6353529738743746
0,1,159815,6.10191327373025,1830.3705850099504,0.006084958294517865,5.53172667437551,113.2547495401106,3397.642486203318,2.610290032225803,2.8737978093154357,1.2462853956939441,164.33966374115204,0.1991928978084228,6.101643432228411,6.443060449406871,0.41575946301804245,113.27215844309828,2.5967582139491454,3.30183435241801
0,1,162065,6.08753201401283,1826.0566864700486,0.010319412328050176,5.515432893254182,113.71575594973602,3411.4726784920804,2.6736304033781533,2.259486810398683,1.1633014578306353,96.90474304256696,0.24644762329049086,6.088729167274279,6.319852616068558,0.16654220350554738,113.6823753110181,0.9747988749876333,3.385214007782101
0,1,164315,6.536683751340371,1960.7872359437338,0.009635073497438912,5.7706152185003665,113.53666324327514,3406.099897298254,3.0436715190576735,2.832432833235162,1.1398569275594985,103.78748021650368,0.301653482608427,6.535522173016747,8.430754617496024,0.9643056368713261,113.52746064001772,1.1142795293892793,3.802112284602557
0,1,166565,6.823230833199749,2046.7418089321513,0.010470121794382357,6.037383539250042,113.49785081161373,3404.935524348412,3.133681520168908,3.2376062107984,1.1298878221828321,95.50987272531447,0.3062896244277922,6.822303168945443,8.596014476239251,1.0105841115293865,113.50249766413643,0.735350620367163,3.4685936631461924
0,1,168815,6.969687106543759,2090.6738090595763,0.009813210822436446,6.1846584384256635,113.25626689020551,3397.6880067061657,3.140348927658629,2.4466736969243246,1.1177022623336261,101.90344608857774,0.29075338758264196,6.969566132424736,8.39350246319327,0.8751132263585293,113.24922181903894,1.1607802917678762,3.30183435241801
0,1,171065,6.828145807265564,2048.2161373194267,0.0029441993108851924,6.1188234163114625,113.81740900919571,3414.5222702758715,3.1136792976997447,4.116968891678653,1.4550746785383246,339.6509184357304,0.2769205420690051,6.829770517249905,7.900205420693912,0.9394130267136996,113.81223804262018,0.8584800421388709,3.351862145636465
0,1,173315,6.437688181812918,1931.091864937815,0.0026609055570634395,5.824946351686536,113.76211785921201,3412.86353577636,3.0903433714857207,3.562861594271836,1.4213322597608007,375.81191010161007,0.24036027013890626,6.438696584944435,7.275202333531406,0.5729799431308898,113.78494791474604,0.47160612489011794,3.30183435241801
0,1,175565,6.120596706423471,1835.9749920368272,0.0006576309007006598,5.604462507679466,114.00829903640218,3420.2489710920654,2.9769974441604625,3.602125105699244,1.3911119733297874,1520.6098115745015,0.20854933373863996,6.120062148614095,6.568303634947913,0.39569051518289317,113.99068253835428,0.5244623196703481,3.2684824902723735
0,1,177815,6.112481768623096,1833.540781194641,0.00014022006234088233,5.531726674375696,114.31014373688427,3429.304312106528,3.0903433714857207,3.7069418767588824,1.3843911360804975,7131.647093188046,0.20619855241032603,6.11224701176817,6.519443417930948,0.2709154818801884,114.3133955293127,0.5379999295181634,3.30183435241801
0,1,180065,6.1356384795727505,1840.4870225891727,6.565135111139105e-05,5.53172667437551,114.42808339416743,3432.8425018250236,3.14701633514835,4.538821041449214,1.5902731012411941,15231.978977908526,0.1836006434027343,6.134278230302937,6.575199169035336,0.23770672826499192,114.40267873891705,0.7781866347798162,3.2518065591995553
0,1,182315,6.0444856045094095,1813.144198499339,0.00028637005256373715,5.507267925206125,114.59853712384536,3437.9561137153614,2.983664851650184,4.597502849100202,1.6260837274363718,3491.9852514167164,0.15326844276576448,6.043890367631109,6.303596882200032,0.13884492189898873,114.59174140740177,0.4615410523165781,3.168426903835464
0,1,184565,6.1917667430210255,1857.3236306815406,8.147608580669894e-05,5.636488268415513,114.03447712081521,3421.034313624456,3.140348927658629,4.826616417063352,1.658468405229987,12273.540022191155,0.14187557637465018,6.190502399778882,6.526829425937142,0.25759794202747444,114.00132802246439,0.8106233359411036,3.30183435241801
0,1,186815,6.26081644636072,1878.0362400266704,0.00022951912857599465,5.692099788303838,114.08947536222789,3422.6842608668367,3.5237248583175913,4.918905342996317,1.661989576418501,4356.935329113086,0.1293029684128373,6.259466464608147,6.696984718693202,0.2900826828706798,114.06719598468877,0.9337655882126905,4.402445803224013
0,1,189065,6.442137049473381,1932.4263769403651,0.0002060210880469109,5.824946351684427,114.24096403979347,3427.228921193804,3.740415601733526,5.000534034260908,1.6293835066189983,4853.872045235974,0.12089714814104698,6.442293275279075,6.670090874085568,0.21141251769985914,114.27349126684915,1.0735345292103842,4.535853251806559
0,1,191315,6.510444286840107,1722.2295286787696,0.0003761202434642945,5.916924876996082,114.48504305660465,3434.5512916981393,3.6932963709677424,5.023139494019243,1.6337017442942166,2658.724217525216,0.1258572170665945,6.5231713826526825,6.660948156789693,0.16481744813764107,114.76423664363328,1.66596252056871,4.552529182879377
0,1,193565,6.495107773889653,1231.0394267445524,0.0003365992819561948,5.824946351684757,115.36338710654589,3460.9016131963767,4.004572634540978,5.049185304366457,1.6175671261246285,2970.891661409249,0.1277601645696515,6.616792686254689,7.08247424464244,0.29349687563876475,115.50236105273845,0.5945905140801981,4.43579766536965
1,1,54000,69.26501895879537,20777.196853673326,0.004142176502421073,53.564913889598245,48.50737544975814,1455.221263492744,6.640737859762196,4.686016986243079,1.4797642764092136,241.41897367615962,0.16609215684925527,69.26494738375172,72.14851346419402,2.3647972122649534,48.67205392608396,7.428850853451431,7.720956086714842
1,1,56250,61.851900135954914,18553.508310781945,0.016486531438298896,45.59703937757362,52.82139784147578,1584.6419352442736,7.3308145349483285,4.7869890300999165,1.519671630206639,60.65557232232358,0.19928979151230253,61.86431254862329,72.67801763705862,9.471367682415298,52.86451255663849,8.000645449335556,7.837687604224569
1,1,58500,59.70417340494999,17909.2618823715,0.02161369278167186,43.536191840812336,53.51525630433512,1605.457689130054,7.21746860762307,4.586728420726948,1.4905541858776763,46.266966505972896,0.2242977199263958,59.68076929339255,74.60363275405157,11.553745985918892,53.43344978188982,4.561647087826321,7.854363535297387
1,1,60750,43.99120240317947,13195.894347540401,0.02861264390194236,25.201785651018383,63.57616390335579,1907.284917100674,9.054339371041227,4.284282951318946,1.4292305771393419,34.9495839471205,0.3832908255005051,43.9773812105532,70.40252693996388,20.753331132559538,62.21967699988063,21.93334745533998,7.654252362423568
1,1,63000,34.44808238460293,10333.276445968057,0.02307984513818836,15.48709139896948,71.85368118363546,2155.610435509064,10.374486054006002,3.8478331396405023,1.475026363329885,43.3278470463123,0.49235598635754835,34.44324484326695,44.558974812605165,9.906639231350281,71.6677496431902,16.10949718019029,8.738187882156753
1,1,65250,26.61980770285275,7985.054983932398,0.04352816457635377,9.314504817756221,79.54686778048583,2386.4060334145747,10.571174574952774,3.5569572569585706,1.451575418178804,22.97363120482318,0.5317556763766462,26.615371916587566,42.538438344647815,13.675226024843148,79.35692418010868,15.575054823358,12.090050027793218
1,1,67500,16.703031843485615,5010.352785317567,0.027820513980481246,7.08025423272327,90.45486970155049,2713.646091046515,7.887543060340039,3.9113756457401716,1.4248524079365508,35.94469896212542,0.5247870945743025,16.707004047412816,40.06085168779475,11.83062830454098,90.1736196828497,12.104399614358035,11.773207337409671
1,1,69750,16.571085947734424,4970.773414788735,0.0458964384780603,7.782673062644058,90.50040784346491,2715.0122353039474,7.21746860762307,4.275263371848707,1.4117838673018908,21.78818298674801,0.5297277567078561,16.5728838992515,39.425482890959756,11.488002228931023,90.31660135919026,9.884909394105314,12.173429683157309
1,1,72000,10.538723254016059,3161.265685429683,0.08334979100313147,7.589466384403139,95.5040449394551,2865.121348183653,5.700633403711524,3.89439256864883,1.0789103217501383,11.997630563493912,0.44996159434184474,10.537788827441059,12.611101865519469,1.5348278349362183,95.51916799837485,4.765501722072072,7.137298499166203
1,1,74250,11.00707902373087,3301.756804485137,0.056170319511836334,7.874642849044808,96.03503049732707,2881.050914919812,5.657295255028337,3.830726752079081,1.0768371598262225,17.802996470213735,0.4974290346104996,11.007518595046538,12.999856815602158,1.3342665686707404,96.05266621504182,1.7680159994563476,6.003335186214564
1,1,76500,10.1128807652266,3033.5271335424727,0.03442050305752737,7.1999999999998465,99.22018008551392,2976.6054025654175,5.393932659184355,4.114643201641614,1.2554807708991635,29.052451625378307,0.5355583498827988,10.114349245204483,14.205385936843221,2.2885875882948077,99.19248021090486,7.660343674913899,6.2868260144524735
1,1,78750,9.76177001508311,2928.2056121910973,0.02095231715696902,6.4761099434767875,100.30388780621993,3009.1166341865974,5.650627847538616,4.467452956283255,1.4059494686788105,47.72741804680952,0.6023835239993865,9.757670958482425,15.500257097826488,2.9668425404871814,100.25658608639799,8.170973876238865,6.270150083379655
1,1,81000,9.26860652045792,2780.273002586694,0.030124839311729233,5.7706152185003665,102.22606643431625,3066.7819930294872,5.867318590954551,4.610169304470078,1.4416445693671653,33.19519781174885,0.6523703581791207,9.26741638280289,15.27250819727794,3.2139125001090645,102.18023896697483,6.9635940246245145,6.737076153418566
1,1,83250,8.031558192292094,2409.199739081219,0.01913622037203035,5.100000000000352,102.75896709478413,3082.769012843524,5.007223024780532,4.846876503056348,1.4963257356633048,52.25692328781956,0.7014950343597868,8.029653711090388,9.322240063698162,1.0162151861137125,102.70648632521836,4.76870545533449,6.32017787659811
1,1,85500,8.199881982369527,2459.691265311446,0.025227770254036098,4.88364617882898,101.12976404253,3033.8929212759,5.077230803422603,5.010833802904739,1.502345340756152,39.638857890741,0.7339510188111659,8.201953710610075,11.115419971290013,1.519952325379999,101.04079129452906,6.123278757372558,6.637020566981656
1,1,87750,8.630337193466806,2588.8134801335927,0.028932946006203625,4.992995093128143,100.62691973974728,3018.8075921924183,5.277253028114235,4.767275367885761,1.3995201831497182,34.56267466802676,0.7110194375700001,8.628368454162532,11.390831428057759,2.0574384932334238,100.52093795985118,7.386359734472175,6.403557531962201
1,1,90000,13.96473203814581,4188.954120375804,0.0672246399965722,5.135172830587094,97.17054841286736,2915.116452386021,6.077341926880765,3.5117400941475374,1.1483302792965744,14.875498032432606,0.005170364785977689,13.968978668164905,33.95199287173704,10.165692059270567,97.0618417512137,7.325950293699897,8.77153974430239
1,1,92250,15.718970167888918,4715.167084694413,0.049417687412664425,5.9169248769966005,97.85175640088028,2935.5526920264083,6.987443049227693,4.045092417087034,1.3071614534723468,20.2356697036318,0.006051909335697597,15.720381361275392,35.63800145813621,10.458207533742904,97.77933947864813,4.9893623166832075,8.004446914952752
1,1,94500,18.067905870048126,5419.769497485437,0.00449630282159867,7.523961722389301,97.02124670337884,2910.637401101365,7.347483053672631,4.563366345456282,1.2826469531963258,222.40494906089265,0.0065920625173506225,18.071894548851926,38.86062094998309,11.24142753360161,96.95908918455191,6.681704576842425,7.470817120622568
1,1,96750,20.641733191386876,6191.831899643017,0.04149881204171915,9.178235124465688,94.27493002991086,2828.2479008973264,7.250805645071675,4.944131794084952,1.356899848993947,24.09707533301653,0.007811682661389063,20.634827787695862,27.522525207023858,4.5510095086021956,94.13565327936922,8.319602664047332,7.370761534185658
1,1,99000,16.093023151856315,4827.3705114518325,0.012612227185881019,9.024965373894975,96.69028636681409,2900.7085910044225,6.820757861984665,4.467739625146691,1.302323455684599,79.28813723871606,0.5668998323821285,16.087161182713245,20.72550246562189,4.625883035131684,96.39399964636587,10.646174364263272,7.604224569205114
1,1,101250,14.89326551251083,4467.483211569499,0.028691621738315073,7.94292137692371,98.22390494564813,2946.7171483694433,6.980775641737972,4.249347924738018,1.3050263619644595,34.853380165143825,0.5743482280532813,14.894163674990594,20.25848750946982,4.728222260419992,98.1080081475003,11.094044008891531,8.654808226792662
1,1,103500,13.375705067152234,4012.2656633100987,0.024101500152522538,6.661080993353171,99.80605473081275,2994.1816419243823,6.8240915657295265,3.9881489219109105,1.3167443512689052,41.491193231610396,0.5837263246952014,13.37157900438567,19.444180492165653,4.573973286192231,99.59722598351814,8.79514085014849,7.437465258476931
1,1,105750,11.440813528938447,3431.8626982305686,0.04949929896856776,6.413267497927422,104.34554378082198,3130.3663134246594,6.267363040337816,3.6388897973149983,1.394039007386368,20.202306312156132,0.6181799937819716,11.444567538164794,13.95289664295866,1.895692037827963,104.34740092472751,3.837375105772284,6.5869927737632015
1,1,108000,11.381549068798668,3414.0853356706402,0.014466589208707997,6.661080993353517,105.08422369798302,3152.5267109394904,6.114012668074231,3.900065216225219,1.4120213193216524,69.12479407364809,0.5994694975275813,11.381356636339095,12.829534338540906,0.8416027607083686,105.08661591588786,4.274839014535138,6.687048360200111
1,1,110250,13.387445632322375,4015.787441508968,0.05728480005587961,7.782673062644254,102.46795025048985,3074.038507514696,6.267363040337816,4.213061572833722,1.3703983656877892,17.456637694895154,0.5697665695945497,13.387138438113833,21.9925116790874,4.608900148011745,102.48713954220611,8.231619224691991,7.320733740967204
1,1,112500,16.58289971030599,4974.317149768121,0.07264318782582388,9.895453501483725,94.37465352014117,2831.239605604235,6.874097121902434,4.134508059712329,1.329869539581111,13.76591570289693,0.5500815259149968,16.58231961200991,25.664316645273246,5.534496376662001,94.37621947898666,14.54027547903619,6.70372429127293
1,1,114750,18.71137349645055,5612.788336485283,0.018189393073484553,11.399999999999864,85.55439270761615,2566.6317812284847,7.434159351039005,4.545802601830849,1.289059678826787,54.97709549516208,0.5077361181865402,18.710177650513877,23.85584805388294,4.704209275207572,85.4792717620107,14.912984868416709,6.920511395219566
1,1,117000,21.468574557617305,6439.856748133271,0.014598893426559787,13.25443322062634,79.8388811422559,2395.166434267677,7.394154906100678,5.0522160553541555,1.360119043720278,68.49834235933928,0.4521243118170558,21.473523675179017,24.452937567015923,1.907694453053284,79.81874886017235,10.072029692501978,7.987770983879933
1,1,119250,21.04089914085162,6311.568378950791,0.05461355746189623,13.483323032546568,78.80926109664283,2364.277832899284,7.234137126347372,4.655517091497742,1.2631518131801764,18.3104717303519,0.44712911992786725,21.04605595723038,25.762357739670833,2.6306769102633965,78.78167858994108,7.772846904121579,7.45414118954975
1,1,121500,20.443610989776037,6132.40184323315,0.07141015899545461,13.069812546475582,77.80875433869723,2334.2626301609166,7.124124902766975,4.7359981212924955,1.2338358351724128,14.003609767395307,0.4378115468864678,20.44447502070814,21.74366447304068,1.1202921964686954,77.79798164746673,7.699383389653953,7.887715397443023
1,1,123750,19.238591502182576,5770.936164271367,0.04873073142452045,11.649892703367975,80.7649462259044,2422.9483867771323,7.234137126347372,4.738183387265799,1.318898697206218,20.520931469065072,0.46373302286733203,19.2412846597318,23.59194100026693,2.7295128976796237,80.77327075243426,8.456747064119172,8.071150639244024
1,1,126000,19.368626501661353,5809.942329615017,0.04193916434669546,11.795761950802138,79.13441310239276,2374.032393071783,6.990776752972553,4.780321396005556,1.351169398132909,23.844061167584844,0.1380703231547513,19.371368369025838,25.81997788283997,3.7250047274331006,79.07694722242357,11.207608548656838,7.120622568093385
1,1,128250,20.544522776951663,6162.6720156596,0.06533174748844209,11.943617542436474,76.10319236017769,2283.0957708053306,7.1341260140015565,4.647434569589702,1.2903515272941162,15.306493985591171,0.1574586507471667,20.53884460751783,23.931563377815785,2.9231367636128107,76.17577891420453,6.0563961847481025,7.45414118954975
1,1,130500,21.473703260446346,6441.3951880252225,0.014171084180388812,11.356495938449012,74.83149730785733,2244.94491923572,7.6841871319035455,5.080110140706973,1.383185847943005,70.5662310145534,0.18620150662901655,21.472770947849334,26.159315024516108,3.967710090101285,74.66732777708417,8.062536943078294,9.005002779321845
1,1,132750,20.128225859837375,6037.796817089217,0.014933442828548013,10.74150827397965,81.38708432000391,2441.6125296001173,7.190798977664185,4.772527702214921,1.3357552004618087,66.96379471774029,0.18284543321047123,20.130541091289583,23.898673659274507,5.613110533034635,81.01664359431344,16.74553621261537,8.604780433574208
1,1,135000,17.444648340530332,5232.813013881082,0.019795100145733897,9.794896630388584,88.30345193146618,2649.103557943985,6.330703411490166,4.228480429907661,1.2983706192659354,50.51755195163855,0.48727460911918125,17.446336069574745,24.57146608590399,6.037205914733381,88.23768346336927,17.668674104353364,9.155086158977209
1,1,137250,15.310241946975852,4592.562242694523,0.08657528626212,9.4201910808644,90.04698631029949,2701.409589308985,5.967329703300368,3.8288060306061937,1.1352027701753045,11.550640409924215,0.5101173633054072,15.307602711214349,25.92316800868294,5.530816256713762,90.17355193514993,16.907121170231843,9.288493607559754
1,1,139500,12.354813726744366,3706.0322908990847,0.05976019737448643,9.304837451561701,93.21994707712115,2796.598412313635,5.227247471941327,4.213278487377486,1.2579606043159297,16.73354580363104,0.41684270666784734,12.352033242200815,13.988811626497634,1.6529759424032113,93.25633825267532,13.928456465471529,6.053362979433018
1,1,141750,11.636754894510679,3490.6385765233863,0.0535489640693189,8.48528137423845,92.91144871779288,2787.3434615337865,5.627291921324592,4.663292390519201,1.2981416725751889,18.67449758141921,0.4570435189884308,11.633972695405479,14.894840836389568,2.519786349357691,92.97611872065264,13.08785776975057,6.620344635908838
1,1,144000,12.091209415924128,3626.9597844633736,0.040362161223106846,8.469356528096556,89.20585776393416,2676.175732918025,6.244027114123792,4.810242720520632,1.3078832771841367,24.77568023358254,0.4554824372407357,12.085444994963586,14.87331496865481,1.9776092320774494,89.17789869344459,8.396142675657043,6.353529738743746
1,1,146250,11.948098492810567,3584.0312778934094,0.03681675071404332,8.405355435671645,91.37913037152846,2741.3739111458544,6.134014890543394,4.945547384768631,1.3573754949461345,27.16154958287945,0.4830045406731102,11.9461535288191,14.650422589024751,2.4171712111334256,91.36359310088905,11.565419869826947,5.803224013340745
1,1,148500,11.152898526534113,3345.497794676016,0.06274520999372366,7.57165767847435,96.5806838899465,2897.420516698395,5.790643404822759,4.524908520939204,1.1824442460416824,15.93747156316839,0.442883243915485,11.152275793871365,15.060489589438271,2.4120987707963906,96.57037778680197,7.573887588430618,5.6864924958310175
1,1,150750,11.253267599021477,3375.605170786476,0.04881540572525732,7.782673062644254,97.17573328618167,2915.2719985854505,5.667296366262919,4.062831580483432,1.2227024452850348,20.485336240534316,0.4165484514916972,11.253740543871825,15.268269938194898,2.4563697730670593,97.24716401266278,9.251380423327756,6.32017787659811
1,1,153000,10.262126678570764,3078.2959326819437,0.051612532431698624,7.500000000000274,102.475187665118,3074.2556299535404,5.117235248360929,3.8904258959507323,1.1824442460416824,19.37513919363187,0.3896903498238628,10.25932208530856,13.65265121797876,2.072769905808905,102.80553967837382,8.15635497117005,5.969983324068927
1,1,155250,8.931511942574906,2679.1558657077194,0.027123808309811787,7.130918594403373,107.67817768429423,3230.345330528827,4.273808200911213,3.5013717288709563,1.0568668693380507,36.86797917821368,0.27164352798689084,8.930805796922488,11.224017945686663,1.2114454520295177,107.61407516945903,7.003526513488596,5.769872151195108
1,1,157500,8.163600977866825,2448.808173327451,0.01671023450996532,7.061161377563719,111.99757668943911,3359.9273006831736,3.8037559728858765,3.5184253763227047,1.2738300708926151,59.843564697050766,0.18643533645156693,8.15964048728289,8.417010118176732,0.2276696260237292,111.95930806438528,1.4993432046179234,5.869927737632017
1,1,159750,7.944382118052074,2383.049822678354,0.00986374558081146,6.92603782836965,112.96886863365958,3389.0660590097873,3.8770974552728084,3.221081866240941,1.2400879436282186,101.3813659129003,0.16861086934172168,7.942556949441949,8.30687532066778,0.4378211477917319,112.93840374389285,1.65129902940309,5.036131183991106
1,1,162000,8.0316798970238,2409.2362464439057,0.0008741718131995858,7.111961754677843,113.81928189335378,3414.5784568006134,3.857095232803645,4.4206563129691885,1.5255415780717525,1143.9398810399368,0.14297968333781538,8.029790376846158,9.121130546143073,0.5815287956534019,113.79179926147242,1.4754847885482238,4.352418010005558
1,1,164250,8.23049905105182,2468.8753653471776,0.0009168828929031512,7.130918594403462,114.65117079813396,3439.535123944019,4.2438048672074675,4.150402130195906,1.4703019654482705,1090.6518245025522,0.140897333813073,8.229860995186689,9.205831973484988,0.6237536374260236,114.65398918094297,1.2439107027076701,4.652584769316286
1,1,166500,8.049225701674127,2414.4994029788486,0.0016316663158605568,6.977822009766461,114.1036972128044,3423.1109163841325,4.213801533503723,3.832187157373735,1.4556698669618775,612.8704075579266,0.16028171133961247,8.045750245745811,8.834411383817823,0.6672986865733189,114.08539582695501,1.6406779330760648,4.61923290717065
1,1,168750,7.970794631149547,2390.9726961904926,0.000350174399269116,6.90651865993267,113.97819419593854,3419.345825878156,4.003778197577509,3.961630260881361,1.4556698669618775,2855.7198986767735,0.1782770719006792,7.9681445886980615,8.982453980148989,0.8145996805054654,114.02331070722069,1.3371413041744542,4.4858254585881046
1,1,171000,7.49007728800336,2246.7735171580744,0.0015892194589495559,6.579513659839678,113.28016573403511,3398.404972021053,3.4670518946549618,4.433647175020387,1.4864756959950676,629.2397153637806,0.20181176297926826,7.488750160782123,8.787654015470094,0.7390917500300966,113.29676228687421,1.8290458019668807,4.002223457476376
1,1,173250,7.028854100338172,2108.4219349647738,0.0006027942081125437,6.299999999999812,112.77573061844073,3383.271918553222,2.913657073008112,4.222070052058705,1.5462284430545705,1658.940956203243,0.21851780450304775,7.02575351698699,7.8923456832967815,0.5747299554341156,112.78312163790731,0.9933233283514455,3.2851584213451916
1,1,175500,7.060316746797486,2117.859680147686,0.0007036830611539872,6.242595614005564,112.84136908793403,3385.2410726380203,3.080342260251139,4.043195445110492,1.5309689008892855,1421.0943181722682,0.20527539878591988,7.059523118638204,7.963241640809368,0.6433508098476091,112.8501796757942,0.38056584581546155,3.652028904947193
1,1,177750,7.236032600607554,2170.568579095579,0.001908296694657367,6.420280367709767,113.3281888368688,3399.8456651060637,3.140348927658629,4.544985921468716,1.5768892235619507,524.0275282138709,0.21283275974720567,7.232709280393932,7.759448527737189,0.44456952677333283,113.32448791078482,1.4892401844774328,3.368538076709283
1,1,180000,7.4694889965238715,2240.5977159906106,0.0015511036331226317,6.64078308635322,113.1056340618484,3393.1690218554527,3.2536948549838876,4.344193729227858,1.4897189194416225,644.7022485446909,0.22533760008289977,7.466580661522127,8.141112284536538,0.5171411895650141,113.12226787865754,0.8586669477210805,3.802112284602557
1,1,182250,7.718540587601471,2315.304891594188,0.0007609562047743918,6.90651865993267,113.15348400675322,3394.6045202025966,3.2436937437493056,4.571598132287189,1.506052178971018,1314.1360747514764,0.19349607041943243,7.719052421722798,8.03317154997871,0.2112632113234396,113.16527717477193,0.8152834882668214,3.968871595330739
1,1,184500,7.752159446314784,2325.3894285795577,0.0015611947013376647,7.00357051795658,113.15582070337594,3394.6746211012783,3.0436715190576735,4.6408170941263185,1.5277267531200478,640.535097347678,0.1987710504584079,7.751806591925622,7.987731560934536,0.15267289833118375,113.20629064503501,1.4096352379808548,3.4185658699277375
1,1,186750,7.702842502915008,2310.595989457738,0.0034060723791010496,7.022819946432527,112.87687549836849,3386.306264951055,2.743638182020225,4.1572478776785236,1.44422748010463,293.59329124530404,0.18139693824414496,7.701819112919738,8.099868610415378,0.35738579949649385,112.8733038400413,1.3106228830911941,3.1017231795441913
1,1,189000,7.958281494980462,2387.2191724443064,0.0011998688147413993,7.25603197346971,113.66343839486265,3409.9031518458796,2.743638182020225,3.822473200453637,1.4414992614930608,833.4244441676937,0.18952526306330933,7.957633434299707,9.055752145841636,0.5816922439962132,113.66624779681459,1.1083910426296444,3.168426903835464
1,1,191250,8.182415396314216,2182.2501861970013,0.002356066707222601,7.523961722390662,113.40578176569458,3402.1734529708374,2.5084364454443198,3.3007206454507534,1.349575243746007,424.4361999320591,0.2143580326006739,8.307197262638493,9.310156212758779,0.8090038510336098,113.41139205883238,0.7513668640433099,2.851584213451918
1,1,193500,8.459784903995159,1621.7407660958718,0.0029793725132167834,7.851751396983014,113.89232022417139,3416.7696067251413,2.373500260824205,3.0883477300957476,1.4085005393480072,335.6411444234998,0.21092539590191628,8.739348855224032,9.871135960020718,0.8723469286946454,113.90962963661431,0.12768858493010793,2.8205128205128207
2,1,54000,11.517012838187645,3454.7199510283535,0.027546158320795436,7.523961722390629,80.74238836251293,2422.271650875388,7.3308145349483285,5.294724527535869,1.569710331568715,36.30270284350575,0.455295583146506,11.51913206762681,13.431785891910579,1.8636687898866384,80.62859443583389,12.1455381107912,7.837687604224569
2,1,56250,10.796554864750233,3238.606574262911,0.02486478790255707,7.061161377564497,86.82347951288638,2604.7043853865916,6.907434159351039,5.430796280089967,1.6083632543215385,40.217515786537675,0.4494048587270126,10.797926149012241,12.490106884969904,1.2573178293361973,86.78308610703459,11.546539682271327,7.437465258476931
2,1,58500,10.835809626830656,3250.3816943949687,0.02199897088774463,7.1999999999985675,94.03113942082665,2820.9341826247996,6.530725636181798,5.031854862019014,1.56232917285342,45.4566718190026,0.4768935461190299,10.83333725273487,12.94208598025083,1.1652372209361086,94.0145598372267,6.445576946874973,7.07059477487493
2,1,60750,26.778088368031504,8032.5339074638505,0.01033642922890007,9.599999999999795,84.476976291751,2534.30928875253,9.511056784087122,3.497490026588756,1.5113392767987717,96.7452084133713,0.594511252107722,26.780459219941484,77.2943528025209,25.979089360897824,84.13668249388454,21.186303445208065,8.954974986103391
2,1,63000,32.3093026020219,9691.71380385317,0.02726536862532215,13.958868148958452,75.88171986982415,2276.451596094725,10.071119013223692,3.8939999136516397,1.5483540014503565,36.67656262938879,0.5417027311580219,32.319549256815705,68.93513847363762,21.312557060070187,75.50295673820634,20.654426260590373,10.93941078376876
2,1,65250,38.52000157500693,11554.716472449578,0.0448593055920901,20.991426821443145,67.68101734519199,2030.4305203557599,8.89098788754306,4.355761445688611,1.4152604091179586,22.291918851644613,0.4907399474422985,38.524010225822984,58.34979294902524,16.533493779697952,67.31350091051029,17.844351634415702,7.971095052807115
2,1,67500,48.85263337303405,14654.161590797781,0.03262432456814171,31.869264189811442,54.941822110318,1648.2546633095403,7.1541282364707195,5.121830671061157,1.4480357457491848,30.651975580714996,0.43379481231964884,48.85613236844489,73.31848750805864,14.6123243728665,54.80127056483468,7.347162898333375,7.8043357420789325
2,1,69750,42.90721826265481,12870.735238187686,0.011674819251978432,27.464340516385096,57.305649931557895,1719.1694979467368,7.377486387376376,5.253154018780994,1.435583054246246,85.65443099519837,0.4339093149393005,42.90172924371747,53.51368927306437,10.321942051783262,57.269097704873936,6.143176468163761,8.037798777098388
2,1,72000,46.442918576227484,13931.327475582373,0.01720395058375127,29.861681131510718,55.133229831183165,1653.996894935495,7.674186020668964,5.055150527779167,1.4234420369288785,58.12618416519266,0.35026109211825696,46.437102341832386,59.9122135490899,10.592031887632892,55.084369804010905,7.2004014703709025,8.721511951083935
2,1,74250,46.505877144951064,13950.212947580487,0.029244798443284217,30.552904935538983,54.189199854767985,1625.6759956430396,7.634181575730637,4.547922439818398,1.401050396661052,34.194114961651934,0.32627064452763044,46.51483302864399,57.312628593966316,7.605625683769714,54.16051023043319,5.21385699380232,9.088382434685936
2,1,76500,40.455171504867415,12135.202945743396,0.0204516147274089,24.14953415699788,59.14392007076285,1774.3176021228853,8.624291587954218,4.306101434849539,1.3657938214202647,48.895894692354894,0.33614620248125293,40.44884433562898,52.816683043489384,8.195976073168358,59.09365913782888,6.27117190155317,9.088382434685936
2,1,78750,33.942212752465096,10181.53241864778,0.03535537657709634,19.223423212318693,66.35307839446526,1990.5923518339582,8.914323813757084,4.500512216196126,1.3498609162048072,28.284241233278586,0.31578785726454767,33.945024802258565,46.535266671489296,7.473207493829814,66.13817557992438,10.16014308621733,8.754863813229571
2,1,81000,28.466225736904708,8538.918846880182,0.03260350792911609,16.144348856488534,73.00399486940518,2190.119846082155,8.167574174908324,4.848545423689097,1.4388997406397663,30.67154620828283,0.4764276954922552,28.460698931249386,34.61246704780736,4.352702162675204,72.90662922031754,9.064340269624859,9.505280711506392
2,1,83250,25.338069741530685,7600.576320134487,0.06009177100195684,13.68210510119127,75.96748658362242,2279.0245975086727,7.967551950216691,5.0874658605960255,1.417813475147411,16.641213652488887,0.5568203465097472,25.34202051309807,29.698996366453926,3.251775141821552,75.91607246139833,7.364731815728103,8.838243468593664
2,1,85500,27.536897266950888,8260.151283509702,0.04562190848693337,15.181897114654454,71.9211514781083,2157.6345443432497,8.217579731081232,5.062213343289301,1.356899848993947,21.919293452758804,0.5151809626949275,27.529885433130165,39.62968335222137,6.158652344623162,71.88212514872558,11.518290382430566,9.33852140077821
2,1,87750,31.607973408486707,9481.338423432397,0.021223100736586606,16.740967713965265,66.5398133889614,1996.194401668842,8.647627514168242,5.226546413641876,1.4292305771393419,47.11846833371031,0.5136612824238217,31.60579168785503,41.316184297276415,7.596615622424616,66.48600187640687,10.88885036355116,9.355197331851029
2,1,90000,33.03325511671055,9908.875426509276,0.009422571245715699,14.415616532078364,68.31489585445156,2049.446875633547,9.031003444827205,4.966372670428166,1.4185972905748994,106.12814421060334,0.019220416835165996,33.02511082102152,43.253031374670385,6.338218939103775,68.46055261397643,17.3033585847323,9.13841022790439
2,1,92250,28.93289475260224,8678.903995955585,0.03199039443457228,9.990495483206315,76.89280008165389,2306.7840024496168,9.764418268696522,4.361820923563966,1.3871593567054674,31.25938325159542,0.0206967692235591,28.939329971347433,47.03834335897024,14.379740398975661,76.78544680179476,25.449197544967117,8.28793774319066
2,1,94500,20.749536338979144,6224.169250482444,0.03987365516046901,6.074537019396441,90.8213096981288,2724.639290943863,8.344260473385933,4.07770673265313,1.4032750351966186,25.079215737196982,0.01748048087908401,20.74642974207513,44.93303584729292,14.495100471742397,90.68568903041634,21.38259774851274,8.40466926070039
2,1,96750,11.995556550924253,3598.267113392245,0.055660115894179574,4.80936586256345,102.68594104242348,3080.578231272705,5.407267474163796,3.0520145828183485,1.0697982270370823,17.96618609097382,0.0024458061022854956,11.998334508121385,35.4129833150088,11.715381639263304,102.51338642091946,9.032674083399193,8.054474708171206
2,1,99000,5.932198973715058,1779.4619521487273,0.00940950133655841,4.459820624194707,107.08668627840325,3212.6005883520975,3.8870985665073903,4.273251854369664,1.3823150411654674,106.27555746389392,0.6506932164118744,5.931450999276036,6.365368399293239,0.24184851591506687,107.0672767490161,1.0691496537595409,4.3690939410783765
2,1,101250,5.6460851648861095,1693.6373466270031,0.025923424649445984,4.242640687119647,107.13207192761551,3213.962157828466,3.960440048894322,4.232428974785128,1.3833264116605466,38.57515021732945,0.6547946347067995,5.646338270864651,6.24279725258313,0.46321454397475437,107.14311462386316,1.7253691875612551,4.3690939410783765
2,1,103500,5.433656058278549,1629.9156956149552,0.027903745693351203,4.199999999999591,107.64315759576577,3229.294727872973,3.5503944882764755,3.8985803103447183,1.2669992279616398,35.83748257275281,0.6892112770899452,5.432214526055342,6.676456255449941,0.7780500329936776,107.64732856379803,2.061233425923587,3.9855475264035576
2,1,105750,5.328188517933109,1598.2789490960013,0.017187688539847108,4.036087214122625,108.54561233372323,3256.3683700116962,3.627069674408268,3.7574772700664076,1.2871334867192012,58.18117995806407,0.7169764813053219,5.327371644201708,5.689255140685132,0.3900957940356454,108.56993498475433,1.6387228083977468,3.8521400778210118
2,1,108000,4.924755540645264,1477.2625036755576,0.00437094095577598,3.911521443118947,109.72132652428832,3291.6397957286495,3.233692632514724,3.056874485161338,1.1700146099529949,228.78368985482402,0.7010617217633744,4.9246352978834365,5.731775607843167,0.5240280981653128,109.71256288421289,1.2131380237040075,3.6353529738743746
2,1,110250,5.075410512260768,1522.453973327822,0.02355625232049899,4.167733196834097,111.0411377829731,3331.234133489193,3.167018557617513,3.188609912493263,1.1636025147152245,42.45157448622613,0.6491404389919199,5.0743810677861045,6.441205475385667,0.9122774700101807,111.05304571636813,1.8838600963835472,4.152306837131739
2,1,112500,4.8759720561665345,1462.6290844480882,0.02908390281098424,4.002499219237583,111.84863114582448,3355.4589343747343,3.33037004111568,3.079318443658473,1.190380722197953,34.38328089936836,0.6364993366828968,4.875216788064292,6.1682504810998235,1.0001374597731392,111.83706258083325,1.6458874307460523,4.202334630350195
2,1,114750,4.388394604974335,1316.372101672135,0.008708177559666323,3.7947331922021093,112.52570273819939,3375.771082145982,3.083675963996,2.4643799757246696,1.050977500432694,114.83459003313178,0.5111025876900928,4.388168749821679,5.58753596050372,0.7696051527066076,112.4879866121317,1.5657503376366513,3.351862145636465
2,1,117000,4.341248966024361,1302.229981508441,0.012630972846374464,3.7947331922018392,113.03513217838429,3391.0539653515284,2.9703300366707412,1.8142879366846318,1.0000000000000002,79.17046550274513,0.49211842577392423,4.339616992296753,5.7341523156400385,0.7701713440419841,113.02912254550446,1.044588507929639,3.4185658699277375
2,1,119250,4.355898548063328,1306.6243678007297,0.03311024288175341,3.758989225841327,112.62736156107468,3378.8208468322405,2.923658184242694,2.166414649538379,1.07408417239336,30.202134232941127,0.577325859214456,4.355252844813366,5.718843339220687,0.7081044952891709,112.64696221077645,0.47681239174555945,3.1017231795441913
2,1,121500,4.643826576058659,1392.9931785983958,0.030802927055140334,3.911521443121498,111.69777635226092,3350.9332905678275,3.080342260251139,2.633652186472957,1.0934532700639183,32.4644472328847,0.5545475067076231,4.643278474056454,5.884104080232852,0.8157404491228474,111.70257608901025,1.6224506113239556,2.9849916620344636
2,1,123750,4.93832839509217,1481.3339075811477,0.02418718836483446,4.036087214123259,111.75931152903307,3352.779345870992,3.4137126347371933,3.5949768395417223,1.229292895549713,41.344201935181985,0.5823485779379585,4.937857844477752,5.600365863155265,0.5654950116705586,111.75250320256774,1.248337268924018,3.5686492495831015
2,1,126000,5.299594998914113,1589.7018465076035,0.01576483331989591,4.3680659335680865,111.7693757795941,3353.0812733878233,3.1170130014446054,3.9560371215727232,1.2261913532573705,63.432323051456315,0.5758119466443196,5.299732413541645,5.708314846207241,0.3609739673727111,111.74687594666491,1.6699348682518318,3.6020011117287383
2,1,128250,5.211221972955625,1563.1928844875888,0.01197063085564934,4.3680659335680865,112.35800864833205,3370.7402594499617,3.140348927658629,3.892091929778942,1.1855353970007878,83.53778610824564,0.516115408895867,5.210199755145949,5.569736901475185,0.375765774874194,112.33150667799637,1.7487787666350991,3.8521400778210118
2,1,130500,5.203965776564383,1561.0162674434296,0.011966539309242607,4.3680659335685545,112.81433271177535,3384.4299813532607,3.1070118902100234,3.651834675236157,1.1780519515993964,83.5663489800789,0.5575584919495754,5.203791228440933,5.589864428780893,0.3026793010761877,112.8267868251049,1.5180797753243753,4.102279043913285
2,1,132750,5.271813932073154,1581.3684524908767,0.010088222733037663,4.500000000000682,113.08726921320951,3392.6180763962852,2.8603178130903437,3.610888949173989,1.136284200999186,99.125487854776,0.5492045326906925,5.270790003690726,5.839093875289269,0.29120823533974227,113.0840168230842,1.4121150860117486,3.0683713173985545
2,1,135000,5.059251361449485,1517.6067667227971,0.014231621136018396,4.242640687118803,112.25782369849495,3367.734710954849,3.083675963996,3.6168202664472537,1.12957385709065,70.26606388987753,0.6122046257021954,5.057500024029885,5.423617733939531,0.40054892777517226,112.24119121820343,1.8851360235552868,3.385214007782101
2,1,137250,5.316507360738686,1594.7749913095809,0.015237225711725252,4.2107006542850325,110.75616972208958,3322.6850916626877,3.4537170796755197,4.024251280087324,1.079823032435313,65.62874495128641,0.6237377306660442,5.317163031939524,6.020159237481082,0.4058151897480595,110.70868746004585,2.1625114945939212,4.102279043913285
2,1,139500,4.976966147547225,1492.9239453925825,0.02868521113827285,3.9458839313895537,111.4700980087572,3344.102940262716,3.530392265807312,3.514128099631233,1.1015848771433472,34.8611692338483,0.6100895987412566,4.977152519464198,5.609692049777364,0.6276951247527203,111.43677848852803,2.7222231745660808,4.1856586992773765
2,1,141750,5.053152274807959,1515.7772440332278,0.02980288425164735,3.911521443121694,110.81556413951331,3324.466924185399,3.627069674408268,3.8477784280717873,1.2817009214071267,33.553799409354994,0.5937098590140127,5.052718936614353,5.856918819585328,0.7114967149617684,110.79953231052068,1.6716524777760906,4.269038354641467
2,1,144000,5.261266884913804,1578.2046899113107,0.015542606831589782,4.1677331968349565,111.83306810654322,3354.9920431962964,3.6670741193465943,3.583601434746386,1.2447051528635749,64.3392714513975,0.5448342566365784,5.261275508901868,6.510037505642225,0.8953796749232953,111.84196138503663,2.0939225758453546,4.302390216787104
2,1,146250,4.622390529497907,1386.5630791650553,0.01243005013755977,3.818376618408104,112.95235020414559,3388.5705061243675,3.6737415268363156,2.951717375683746,1.1802886550113745,80.4501984250497,0.4860676456830426,4.621958472659122,6.007034093231066,0.7702653132712368,112.9402386960932,0.8153063071442591,4.635908838243468
2,1,148500,4.629254651365124,1388.6220869211584,0.012248827020588037,3.841874542460343,113.03499820953266,3391.0499462859793,3.570396710745639,2.6352971444127715,1.1802886550113745,81.64047041559024,0.49127319728898944,4.628167279980468,5.799469520047682,0.7404249350552843,113.01533338058434,0.9065800430400357,4.219010561423013
2,1,150750,4.338772099086982,1301.4870039894581,0.00856047803118387,3.7947331922021093,114.05525004316239,3421.6575012948715,3.237026336259585,2.8077702565181824,1.25279391702374,116.81590634976553,0.382450914440664,4.338320592281051,5.511893973236344,0.6129626607764901,114.042248823736,1.649399627103618,3.952195664257921
2,1,153000,4.034186777910052,1210.1215604804186,0.0007428541512489693,3.649657518179117,114.18862199372214,3425.6586598116637,2.786976330703412,2.7233611685431893,1.0378314928330357,1346.1592673591288,0.2364103605972968,4.033959076102543,4.2511527796456985,0.1943074665822663,114.17662436351547,1.0784038990189522,3.668704836020011
2,1,155250,4.136131594297615,1240.7016072361414,7.938135764762521e-05,3.818376618408104,114.79910585057578,3443.9731755172734,2.380264473830426,4.84232654932435,1.6315353808998656,12597.416189818923,0.1998187882680068,4.135579299295186,4.297524560458,0.14631119015071892,114.7954600892601,0.6869080349559396,2.6014452473596443
2,1,157500,4.17494109095585,1252.3431625837234,0.00030604659280767673,3.899999999999601,115.0201584395929,3450.604753187787,2.170241137904212,4.886001391090904,1.638809644773869,3267.4763369393618,0.18993858457037216,4.1736428680913615,4.238716871714458,0.0605673697096305,115.01039228757413,0.4692490571540926,2.6347971095052807
2,1,159750,4.16409622347153,1249.09006383401,0.00015789960623634568,3.8418745424604763,114.96888455951071,3449.066536785321,2.256917435270586,4.825207406631192,1.5929041641295136,6333.138022543199,0.18068357883577407,4.164647579912411,4.281425406158051,0.08545897803649563,114.97458260688293,0.6210976678895558,2.4847137298499167
2,1,162000,4.229658269068217,1268.7564921114963,0.00016400824095139088,3.9115214431214325,114.75335925220416,3442.6007775661246,2.203578175352817,4.526274735536662,1.576874381533641,6097.254590373798,0.17105672044849243,4.230083249021859,4.303133803687803,0.04769039467972664,114.76281263443835,1.3613079016276264,2.4680377987770985
2,1,164250,4.287742462302683,1286.1798139420616,0.00014955439241975932,3.9458839313895537,114.90573784816327,3447.172135444898,2.3102566951883543,4.619107946140106,1.6110715819405519,6686.530457716458,0.15519130690119506,4.287292037137922,4.479224463837568,0.09901680815682919,114.91314145266956,0.8037881730425631,2.684824902723735
2,1,166500,4.339653886870167,1301.7515109314877,0.00013612463667499048,4.024922359499774,114.69895979380381,3440.9687938141137,2.3169241026780756,4.78901116265049,1.61613412999349,7346.208771800712,0.1531607796705529,4.339213489169997,4.5203618245571295,0.0946354557370557,114.7153826895894,0.5837465565493954,2.6014452473596443
2,1,168750,4.362506570388179,1308.6065542307742,7.045314290601008e-05,4.036087214122688,114.63394349524401,3439.018304857321,2.3602622513612626,4.725992415367567,1.616718217852396,14193.830945683672,0.15403492729251364,4.362552037173166,4.431675677856243,0.07023869759755903,114.62974329906015,0.6087202935396169,2.4346859366314617
2,1,171000,4.396278763697772,1318.737086483875,0.0009320938461490596,4.080441152618991,114.98950045402998,3449.6850136208996,2.413601511279031,3.1359240078455115,1.426315669942434,1072.8533442544376,0.16094219267923968,4.396053060013147,4.449539635219892,0.052328147072421026,115.00832510462958,0.41244609763950074,2.718176764869372
2,1,173250,4.53721568640706,1361.013465399238,0.0015127217137524526,4.1785164831558435,114.96259326474359,3448.8777979423076,2.566951883542616,3.460124219032079,1.3527006500722638,661.060121573454,0.1921639170063447,4.537066553525805,5.030646667818161,0.2642303018356971,114.95677503677271,0.7055013151001092,3.001667593107282
2,1,175500,4.464090887209058,1339.0784631331435,0.000987476554725763,4.080441152620684,114.68381601902763,3440.5144805708296,2.7369707745305036,3.9533376634139477,1.4194443949340323,1012.6822710010719,0.20596387611146752,4.464123548522588,4.8118648876211765,0.2904079002705806,114.65620992813872,0.6955657709454546,3.385214007782101
2,1,177750,4.406529069080136,1321.8118364217382,0.0009263798856820642,4.036087214122625,114.5389738998613,3436.169216995839,2.7003000333370375,4.441475870438851,1.456713304763446,1079.4707608139954,0.21206602016091328,4.407805762650068,4.950399930365719,0.32610307987685594,114.527333222328,0.8299013578084266,3.168426903835464
2,1,180000,4.429725484077877,1328.769987707227,0.0018549426185743548,4.080441152620182,113.96408080714575,3418.9224242143728,2.580286698522058,4.334760053398111,1.4443831581466733,539.1002341455531,0.2095662425909538,4.428197992978217,5.022851777834271,0.32397547587295944,113.914849637598,1.6064430605040594,2.818232351306281
2,1,182250,4.301751044529311,1290.381921657309,0.001718674577564057,4.00249921923835,113.8712897555944,3416.1386926678324,2.3102566951883543,4.829836283912301,1.6031280759370528,581.8437143681605,0.18577387602032874,4.300850475889329,4.531668456581481,0.2259222520778884,113.87559357729825,1.078753593882313,3.0683713173985545
2,1,184500,4.4213783091535905,1326.2661134691052,0.0011184591962340284,4.1677331968349565,114.43503072624466,3433.0509217873396,1.9535503944882766,4.649113129237292,1.6283747502818071,894.0871543343796,0.17435930771327104,4.422001122844567,4.579750100255914,0.21751239246770737,114.42836915578903,0.9739926385147294,2.3346303501945527
2,1,186750,4.566665855714782,1369.8475345192442,0.0009677222401592179,4.26380112106583,114.05953048561832,3421.7859145685493,2.0402266918546506,4.258054915219012,1.6283747502818071,1033.3543639913366,0.17511733913806998,4.567419321324,4.711790348068069,0.09379946502150179,114.0595740784241,1.3658717806933967,2.3346303501945527
2,1,189000,4.571702248552603,1371.3582844908292,0.00040893980957034174,4.295346318982334,114.48663434923412,3434.599030477024,1.9502166907434162,4.952784270028662,1.622659049705743,2445.347644316321,0.17109625973021542,4.571142741546027,4.762471272749867,0.10357320657225995,114.47882973755425,1.0598336652999885,2.1011673151750974
2,1,191250,4.627359805504938,1234.1168601281668,0.0008072517072290144,4.295346318983168,114.18789244503837,3425.6367733511515,2.1184851893513312,4.284568343417234,1.5312086770746203,1238.7709942820889,0.17931283653942595,4.657281047397527,4.906530909763412,0.1605546024370558,114.22498098436867,0.6147775497509501,2.8838951310861423
2,1,193500,4.6513976386215194,891.6729273237453,0.0011561659953083809,4.295346318983168,113.65469281717894,3409.6407845153685,2.2430881585811164,4.3803534569267475,1.5458435095444538,864.927704203299,0.18429454482062302,4.780176764716836,5.291202757787205,0.308137545333236,113.66626631112199,0.5846934101992856,3.076923076923077
